#pragma once

namespace resources::fonts::font7 {

	inline unsigned char regular[ 71052 ]
	{
		0x00, 0x01, 0x00, 0x00, 0x00, 0x11, 0x01, 0x00, 0x00, 0x04, 0x00, 0x10,
		0x4C, 0x54, 0x53, 0x48, 0xCD, 0x32, 0x50, 0x67, 0x00, 0x00, 0x07, 0x20,
		0x00, 0x00, 0x01, 0x4E, 0x4F, 0x53, 0x2F, 0x32, 0x69, 0x91, 0x23, 0xA7,
		0x00, 0x00, 0x01, 0x98, 0x00, 0x00, 0x00, 0x60, 0x56, 0x44, 0x4D, 0x58,
		0x62, 0x08, 0x69, 0x9E, 0x00, 0x00, 0x08, 0x70, 0x00, 0x00, 0x05, 0xE0,
		0x63, 0x6D, 0x61, 0x70, 0xE0, 0x60, 0xB2, 0xFE, 0x00, 0x00, 0x2C, 0x2C,
		0x00, 0x00, 0x05, 0xBE, 0x63, 0x76, 0x74, 0x20, 0x00, 0x14, 0x00, 0x64,
		0x00, 0x00, 0x33, 0x80, 0x00, 0x00, 0x00, 0x04, 0x66, 0x70, 0x67, 0x6D,
		0x06, 0x59, 0x9C, 0x37, 0x00, 0x00, 0x31, 0xEC, 0x00, 0x00, 0x01, 0x73,
		0x67, 0x61, 0x73, 0x70, 0x00, 0x17, 0x00, 0x09, 0x00, 0x01, 0x15, 0x7C,
		0x00, 0x00, 0x00, 0x10, 0x67, 0x6C, 0x79, 0x66, 0xC9, 0xD9, 0xE1, 0xB3,
		0x00, 0x00, 0x33, 0x84, 0x00, 0x00, 0xD4, 0xCC, 0x68, 0x64, 0x6D, 0x78,
		0xD7, 0x4A, 0x13, 0x51, 0x00, 0x00, 0x0E, 0x50, 0x00, 0x00, 0x1D, 0xDC,
		0x68, 0x65, 0x61, 0x64, 0xFB, 0xFB, 0xE9, 0xE0, 0x00, 0x00, 0x01, 0x1C,
		0x00, 0x00, 0x00, 0x36, 0x68, 0x68, 0x65, 0x61, 0x06, 0x10, 0x03, 0xD4,
		0x00, 0x00, 0x01, 0x54, 0x00, 0x00, 0x00, 0x24, 0x68, 0x6D, 0x74, 0x78,
		0x99, 0x0A, 0x3F, 0x19, 0x00, 0x00, 0x01, 0xF8, 0x00, 0x00, 0x05, 0x28,
		0x6C, 0x6F, 0x63, 0x61, 0xE6, 0x4D, 0xB0, 0x64, 0x00, 0x01, 0x08, 0x50,
		0x00, 0x00, 0x02, 0x96, 0x6D, 0x61, 0x78, 0x70, 0x03, 0x5B, 0x02, 0xA6,
		0x00, 0x00, 0x01, 0x78, 0x00, 0x00, 0x00, 0x20, 0x6E, 0x61, 0x6D, 0x65,
		0x11, 0x67, 0x73, 0xD1, 0x00, 0x01, 0x0A, 0xE8, 0x00, 0x00, 0x03, 0xF3,
		0x70, 0x6F, 0x73, 0x74, 0xEC, 0xC4, 0x85, 0x1E, 0x00, 0x01, 0x0E, 0xDC,
		0x00, 0x00, 0x06, 0x9D, 0x70, 0x72, 0x65, 0x70, 0x2A, 0xBC, 0x30, 0x59,
		0x00, 0x00, 0x33, 0x60, 0x00, 0x00, 0x00, 0x20, 0x00, 0x01, 0x00, 0x00,
		0x00, 0x02, 0x00, 0x00, 0x5B, 0xDA, 0x29, 0x8D, 0x5F, 0x0F, 0x3C, 0xF5,
		0x00, 0x19, 0x03, 0xE8, 0x00, 0x00, 0x00, 0x00, 0xCC, 0xC6, 0x32, 0x42,
		0x00, 0x00, 0x00, 0x00, 0xCC, 0xE7, 0x74, 0xC4, 0x00, 0x00, 0xFF, 0x38,
		0x03, 0x20, 0x02, 0xBC, 0x00, 0x00, 0x00, 0x09, 0x00, 0x02, 0x00, 0x00,
		0x00, 0x00, 0x00, 0x00, 0x00, 0x01, 0x00, 0x00, 0x02, 0xEE, 0xFF, 0x06,
		0x00, 0x00, 0x03, 0x52, 0x00, 0x00, 0x00, 0x31, 0x03, 0x20, 0x00, 0x01,
		0x00, 0x00, 0x00, 0x00, 0x00, 0x00, 0x00, 0x00, 0x00, 0x00, 0x00, 0x00,
		0x00, 0x00, 0x01, 0x4A, 0x00, 0x01, 0x00, 0x00, 0x01, 0x4A, 0x00, 0x3C,
		0x00, 0x06, 0x00, 0x00, 0x00, 0x00, 0x00, 0x01, 0x00, 0x00, 0x00, 0x00,
		0x00, 0x0A, 0x00, 0x00, 0x02, 0x00, 0x02, 0x69, 0x00, 0x00, 0x00, 0x00,
		0x00, 0x03, 0x02, 0x58, 0x00, 0xFA, 0x00, 0x05, 0x00, 0x00, 0x02, 0xBC,
		0x02, 0x8A, 0x00, 0x00, 0x01, 0x2C, 0x02, 0xBC, 0x02, 0x8A, 0x00, 0x00,
		0x03, 0x84, 0x00, 0x32, 0x01, 0x2C, 0x08, 0x0F, 0x02, 0x00, 0x05, 0x06,
		0x00, 0x00, 0x00, 0x02, 0x00, 0x02, 0x80, 0x00, 0x02, 0xAF, 0x40, 0x00,
		0x00, 0x4A, 0x00, 0x00, 0x00, 0x00, 0x00, 0x00, 0x00, 0x00, 0x50, 0x59,
		0x52, 0x53, 0x00, 0x40, 0x00, 0x20, 0xFB, 0x02, 0x02, 0xEE, 0xFF, 0x06,
		0x00, 0x00, 0x02, 0xBC, 0x00, 0xC8, 0x00, 0x00, 0x00, 0x05, 0x00, 0x00,
		0x00, 0x00, 0x01, 0x2C, 0x02, 0x58, 0x00, 0x00, 0x00, 0x20, 0x00, 0x00,
		0x01, 0xF4, 0x00, 0x00, 0x00, 0x00, 0x00, 0x00, 0x01, 0xF4, 0x00, 0x00,
		0x01, 0xF4, 0x00, 0x00, 0x02, 0x58, 0x00, 0x32, 0x02, 0x58, 0x00, 0x32,
		0x01, 0x2C, 0x00, 0x32, 0x02, 0x58, 0x00, 0x32, 0x02, 0x58, 0x00, 0x32,
		0x02, 0x58, 0x00, 0x32, 0x02, 0x58, 0x00, 0x32, 0x02, 0x58, 0x00, 0x32,
		0x02, 0x58, 0x00, 0x32, 0x02, 0x58, 0x00, 0x32, 0x02, 0x58, 0x00, 0x32,
		0x00, 0xC8, 0x00, 0x32, 0x00, 0xFA, 0x00, 0x32, 0x01, 0x5E, 0x00, 0x32,
		0x01, 0xF4, 0x00, 0x32, 0x01, 0x5E, 0x00, 0x32, 0x01, 0xF4, 0x00, 0x32,
		0x02, 0x58, 0x00, 0x32, 0x02, 0x58, 0x00, 0x32, 0x02, 0x58, 0x00, 0x32,
		0x02, 0x58, 0x00, 0x32, 0x02, 0x58, 0x00, 0x32, 0x02, 0x58, 0x00, 0x32,
		0x02, 0x58, 0x00, 0x32, 0x02, 0x58, 0x00, 0x32, 0x01, 0x2C, 0x00, 0x32,
		0x02, 0x58, 0x00, 0x32, 0x02, 0x58, 0x00, 0x32, 0x02, 0x58, 0x00, 0x32,
		0x02, 0x58, 0x00, 0x32, 0x02, 0x58, 0x00, 0x32, 0x02, 0x58, 0x00, 0x32,
		0x02, 0x58, 0x00, 0x32, 0x02, 0x58, 0x00, 0x32, 0x02, 0x58, 0x00, 0x32,
		0x02, 0x58, 0x00, 0x32, 0x02, 0x58, 0x00, 0x32, 0x02, 0x58, 0x00, 0x32,
		0x02, 0x58, 0x00, 0x32, 0x02, 0x58, 0x00, 0x32, 0x02, 0x58, 0x00, 0x32,
		0x02, 0x58, 0x00, 0x32, 0x02, 0x58, 0x00, 0x32, 0x01, 0x2C, 0x00, 0x32,
		0x02, 0x58, 0x00, 0x32, 0x01, 0x2C, 0x00, 0x32, 0x01, 0xF4, 0x00, 0x32,
		0x02, 0x58, 0x00, 0x32, 0x01, 0x2C, 0x00, 0x32, 0x01, 0xF4, 0x00, 0x32,
		0x01, 0xF4, 0x00, 0x32, 0x01, 0xF4, 0x00, 0x32, 0x01, 0xF4, 0x00, 0x32,
		0x01, 0xF4, 0x00, 0x32, 0x01, 0x90, 0x00, 0x32, 0x01, 0xF4, 0x00, 0x32,
		0x01, 0xF4, 0x00, 0x32, 0x00, 0xC8, 0x00, 0x32, 0x01, 0x2C, 0x00, 0x32,
		0x01, 0xF4, 0x00, 0x32, 0x00, 0xC8, 0x00, 0x32, 0x02, 0x58, 0x00, 0x32,
		0x01, 0xF4, 0x00, 0x32, 0x01, 0xF4, 0x00, 0x32, 0x01, 0xF4, 0x00, 0x32,
		0x01, 0xF4, 0x00, 0x32, 0x01, 0xF4, 0x00, 0x32, 0x01, 0xF4, 0x00, 0x32,
		0x01, 0x90, 0x00, 0x32, 0x01, 0xF4, 0x00, 0x32, 0x02, 0x58, 0x00, 0x32,
		0x02, 0x58, 0x00, 0x32, 0x01, 0xF4, 0x00, 0x32, 0x01, 0xF4, 0x00, 0x32,
		0x01, 0xF4, 0x00, 0x32, 0x01, 0x2C, 0x00, 0x32, 0x00, 0xC8, 0x00, 0x32,
		0x01, 0x2C, 0x00, 0x32, 0x02, 0x26, 0x00, 0x33, 0x02, 0x58, 0x00, 0x32,
		0x00, 0xFA, 0x00, 0x32, 0x01, 0xC2, 0x00, 0x32, 0x01, 0x90, 0x00, 0x32,
		0x01, 0xF4, 0x00, 0x32, 0x01, 0x90, 0x00, 0x32, 0x01, 0x90, 0x00, 0x32,
		0x01, 0xC2, 0x00, 0x32, 0x02, 0xBC, 0x00, 0x32, 0x02, 0x58, 0x00, 0x32,
		0x01, 0x5E, 0x00, 0x32, 0x03, 0x52, 0x00, 0x32, 0x00, 0xFA, 0x00, 0x32,
		0x00, 0xFA, 0x00, 0x32, 0x01, 0xC2, 0x00, 0x32, 0x01, 0xC2, 0x00, 0x32,
		0x01, 0x2C, 0x00, 0x32, 0x01, 0xC2, 0x00, 0x32, 0x02, 0x58, 0x00, 0x32,
		0x02, 0x26, 0x00, 0x32, 0x02, 0x8A, 0x00, 0x32, 0x01, 0xF4, 0x00, 0x32,
		0x01, 0x5E, 0x00, 0x32, 0x02, 0xBC, 0x00, 0x32, 0x02, 0x58, 0x00, 0x32,
		0x00, 0xC8, 0x00, 0x32, 0x01, 0xF4, 0x00, 0x32, 0x01, 0x90, 0x00, 0x32,
		0x02, 0x58, 0x00, 0x32, 0x02, 0x58, 0x00, 0x32, 0x00, 0xC8, 0x00, 0x32,
		0x01, 0x90, 0x00, 0x32, 0x01, 0x90, 0x00, 0x32, 0x02, 0x8A, 0x00, 0x32,
		0x01, 0xF4, 0x00, 0x32, 0x02, 0x26, 0x00, 0x32, 0x02, 0x58, 0x00, 0x32,
		0x01, 0xF4, 0x00, 0x32, 0x02, 0x8A, 0x00, 0x32, 0x02, 0x58, 0x00, 0x32,
		0x01, 0x90, 0x00, 0x32, 0x01, 0xF4, 0x00, 0x32, 0x01, 0x5E, 0x00, 0x32,
		0x01, 0x5E, 0x00, 0x32, 0x01, 0x2C, 0x00, 0x32, 0x02, 0x26, 0x00, 0x32,
		0x00, 0xC8, 0x00, 0x32, 0x01, 0x2C, 0x00, 0x32, 0x01, 0x2C, 0x00, 0x32,
		0x01, 0x5E, 0x00, 0x32, 0x02, 0x26, 0x00, 0x32, 0x02, 0x58, 0x00, 0x32,
		0x02, 0x58, 0x00, 0x32, 0x02, 0x58, 0x00, 0x32, 0x01, 0xF4, 0x00, 0x32,
		0x02, 0x58, 0x00, 0x32, 0x02, 0x58, 0x00, 0x32, 0x02, 0x58, 0x00, 0x32,
		0x02, 0x58, 0x00, 0x32, 0x02, 0x58, 0x00, 0x32, 0x02, 0x58, 0x00, 0x32,
		0x02, 0x8A, 0x00, 0x32, 0x02, 0x58, 0x00, 0x32, 0x02, 0x58, 0x00, 0x32,
		0x02, 0x58, 0x00, 0x32, 0x02, 0x58, 0x00, 0x32, 0x02, 0x58, 0x00, 0x32,
		0x01, 0x2C, 0x00, 0x32, 0x01, 0x2C, 0x00, 0x32, 0x01, 0x2C, 0x00, 0x32,
		0x01, 0x90, 0x00, 0x32, 0x02, 0x8A, 0x00, 0x32, 0x02, 0x58, 0x00, 0x32,
		0x02, 0x58, 0x00, 0x32, 0x02, 0x58, 0x00, 0x32, 0x02, 0x58, 0x00, 0x32,
		0x02, 0x58, 0x00, 0x32, 0x02, 0x58, 0x00, 0x32, 0x01, 0xC2, 0x00, 0x32,
		0x02, 0x58, 0x00, 0x32, 0x02, 0x58, 0x00, 0x32, 0x02, 0x58, 0x00, 0x32,
		0x02, 0x58, 0x00, 0x32, 0x02, 0x58, 0x00, 0x32, 0x02, 0x58, 0x00, 0x32,
		0x02, 0x58, 0x00, 0x32, 0x02, 0x58, 0x00, 0x32, 0x01, 0xF4, 0x00, 0x32,
		0x01, 0xF4, 0x00, 0x32, 0x01, 0xF4, 0x00, 0x32, 0x01, 0xF4, 0x00, 0x32,
		0x01, 0xF4, 0x00, 0x32, 0x01, 0xF4, 0x00, 0x32, 0x03, 0x20, 0x00, 0x32,
		0x01, 0xF4, 0x00, 0x32, 0x01, 0xF4, 0x00, 0x32, 0x01, 0xF4, 0x00, 0x32,
		0x01, 0xF4, 0x00, 0x32, 0x01, 0xF4, 0x00, 0x32, 0x01, 0x2C, 0x00, 0x32,
		0x01, 0x2C, 0x00, 0x32, 0x01, 0x2C, 0x00, 0x32, 0x01, 0x5E, 0x00, 0x00,
		0x01, 0xF4, 0x00, 0x32, 0x01, 0xF4, 0x00, 0x32, 0x01, 0xF4, 0x00, 0x32,
		0x01, 0xF4, 0x00, 0x32, 0x01, 0xF4, 0x00, 0x32, 0x01, 0xF4, 0x00, 0x32,
		0x01, 0xF4, 0x00, 0x32, 0x02, 0x58, 0x00, 0x32, 0x01, 0xF4, 0x00, 0x32,
		0x01, 0xF4, 0x00, 0x32, 0x01, 0xF4, 0x00, 0x32, 0x01, 0xF4, 0x00, 0x32,
		0x01, 0xF4, 0x00, 0x32, 0x01, 0xF4, 0x00, 0x32, 0x02, 0x26, 0x00, 0x32,
		0x01, 0xF4, 0x00, 0x32, 0x00, 0xC8, 0x00, 0x32, 0x01, 0x90, 0x00, 0x32,
		0x02, 0x58, 0x00, 0x32, 0x02, 0x58, 0x00, 0x32, 0x02, 0x58, 0x00, 0x32,
		0x02, 0x26, 0x00, 0x32, 0x00, 0xC8, 0x00, 0x32, 0x01, 0x5E, 0x00, 0x32,
		0x01, 0x5E, 0x00, 0x32, 0x01, 0xC2, 0x00, 0x32, 0x01, 0xF4, 0x00, 0x32,
		0x00, 0xFA, 0x00, 0x32, 0x01, 0xF4, 0x00, 0x32, 0x00, 0xC8, 0x00, 0x32,
		0x02, 0x58, 0x00, 0x32, 0x02, 0x58, 0x00, 0x00, 0x01, 0xF4, 0x00, 0x32,
		0x02, 0x58, 0x00, 0x32, 0x01, 0xC2, 0x00, 0x32, 0x02, 0x26, 0x00, 0x32,
		0x01, 0x90, 0x00, 0x32, 0x01, 0x2C, 0x00, 0x32, 0x01, 0xC2, 0x00, 0x32,
		0x01, 0x2C, 0x00, 0x32, 0x02, 0x58, 0x00, 0x32, 0x00, 0xC8, 0x00, 0x32,
		0x02, 0xBC, 0x00, 0x32, 0x01, 0x90, 0x00, 0x32, 0x01, 0xF4, 0x00, 0x32,
		0x01, 0xF4, 0x00, 0x32, 0x02, 0x58, 0x00, 0x32, 0x02, 0x58, 0x00, 0x32,
		0x02, 0x58, 0x00, 0x32, 0x02, 0x26, 0x00, 0x32, 0x02, 0x8A, 0x00, 0x32,
		0x02, 0x58, 0x00, 0x32, 0x02, 0x58, 0x00, 0x32, 0x02, 0x58, 0x00, 0x32,
		0x02, 0x58, 0x00, 0x32, 0x02, 0x58, 0x00, 0x32, 0x02, 0x58, 0x00, 0x32,
		0x02, 0x58, 0x00, 0x32, 0x02, 0x58, 0x00, 0x32, 0x02, 0x58, 0x00, 0x32,
		0x02, 0x58, 0x00, 0x32, 0x02, 0x58, 0x00, 0x32, 0x02, 0x58, 0x00, 0x32,
		0x02, 0x58, 0x00, 0x32, 0x02, 0x58, 0x00, 0x32, 0x02, 0x58, 0x00, 0x32,
		0x02, 0xBC, 0x00, 0x32, 0x02, 0x58, 0x00, 0x32, 0x02, 0x8A, 0x00, 0x32,
		0x02, 0x58, 0x00, 0x32, 0x02, 0x58, 0x00, 0x32, 0x02, 0xBC, 0x00, 0x32,
		0x02, 0xBC, 0x00, 0x32, 0x02, 0xEE, 0x00, 0x32, 0x02, 0x58, 0x00, 0x32,
		0x02, 0x58, 0x00, 0x33, 0x02, 0x8A, 0x00, 0x32, 0x02, 0x58, 0x00, 0x32,
		0x01, 0xF4, 0x00, 0x32, 0x01, 0xF4, 0x00, 0x32, 0x01, 0xF4, 0x00, 0x32,
		0x01, 0xF4, 0x00, 0x32, 0x02, 0x8A, 0x00, 0x32, 0x01, 0xF4, 0x00, 0x32,
		0x02, 0x58, 0x00, 0x32, 0x01, 0xF4, 0x00, 0x32, 0x01, 0xF4, 0x00, 0x32,
		0x01, 0xF4, 0x00, 0x32, 0x01, 0xF4, 0x00, 0x32, 0x01, 0xF4, 0x00, 0x32,
		0x02, 0x58, 0x00, 0x32, 0x01, 0xF4, 0x00, 0x32, 0x01, 0xF4, 0x00, 0x32,
		0x01, 0xF4, 0x00, 0x32, 0x01, 0xF4, 0x00, 0x32, 0x01, 0xF4, 0x00, 0x32,
		0x01, 0xF4, 0x00, 0x32, 0x01, 0xF4, 0x00, 0x32, 0x02, 0x58, 0x00, 0x32,
		0x01, 0xF4, 0x00, 0x32, 0x02, 0x58, 0x00, 0x32, 0x01, 0xF4, 0x00, 0x32,
		0x02, 0x58, 0x00, 0x32, 0x02, 0xBC, 0x00, 0x32, 0x02, 0x58, 0x00, 0x32,
		0x02, 0x8A, 0x00, 0x32, 0x01, 0xF4, 0x00, 0x32, 0x01, 0xF4, 0x00, 0x32,
		0x02, 0x58, 0x00, 0x33, 0x01, 0xF4, 0x00, 0x32, 0x01, 0xF4, 0x00, 0x32,
		0x02, 0x58, 0x00, 0x32, 0x02, 0x26, 0x00, 0x32, 0x01, 0xF4, 0x00, 0x32,
		0x02, 0x26, 0x00, 0x32, 0x01, 0xF4, 0x00, 0x32, 0x03, 0x20, 0x00, 0x32,
		0x01, 0xF4, 0x00, 0x32, 0x02, 0x58, 0x00, 0x32, 0x01, 0x2C, 0x00, 0x32,
		0x00, 0xC8, 0x00, 0x32, 0x02, 0x58, 0x00, 0x32, 0x01, 0xF4, 0x00, 0x32,
		0x01, 0x90, 0x00, 0x32, 0x01, 0x90, 0x00, 0x32, 0x02, 0x58, 0x00, 0x32,
		0x01, 0x2C, 0x00, 0x32, 0x02, 0xEE, 0x00, 0x32, 0x02, 0xBC, 0x00, 0x32,
		0x03, 0x52, 0x00, 0x32, 0x03, 0x20, 0x00, 0x32, 0x02, 0x58, 0x00, 0x32,
		0x01, 0xF4, 0x00, 0x32, 0x02, 0x58, 0x00, 0x32, 0x02, 0x58, 0x00, 0x32,
		0x02, 0x58, 0x00, 0x32, 0x01, 0xF4, 0x00, 0x32, 0x02, 0x58, 0x00, 0x32,
		0x02, 0x8A, 0x00, 0x32, 0x01, 0xF4, 0x00, 0x32, 0x02, 0x58, 0x00, 0x32,
		0x01, 0xC2, 0x00, 0x32, 0x01, 0xF4, 0x00, 0x00, 0x02, 0x58, 0x00, 0x32,
		0x00, 0x00, 0x01, 0x4A, 0x01, 0x01, 0x01, 0x01, 0x4C, 0x01, 0x3B, 0x4C,
		0x4C, 0x4C, 0x4C, 0x4C, 0x4C, 0x4C, 0x4C, 0x01, 0x01, 0x01, 0x01, 0x01,
		0x44, 0x4C, 0x4C, 0x4C, 0x01, 0x4C, 0x01, 0x4C, 0x4C, 0x01, 0x4C, 0x4C,
		0x01, 0x4C, 0x4C, 0x4C, 0x4C, 0x4C, 0x4C, 0x4C, 0x01, 0x4C, 0x4C, 0x4C,
		0x4C, 0x4C, 0x37, 0x01, 0x01, 0x3B, 0x44, 0x01, 0x01, 0x44, 0x44, 0x01,
		0x44, 0x44, 0x44, 0x44, 0x44, 0x01, 0x3B, 0x44, 0x01, 0x4C, 0x44, 0x44,
		0x44, 0x44, 0x44, 0x44, 0x44, 0x44, 0x4C, 0x4C, 0x44, 0x44, 0x44, 0x01,
		0x01, 0x3B, 0x4C, 0x01, 0x01, 0x37, 0x4C, 0x44, 0x01, 0x01, 0x44, 0x44,
		0x4C, 0x01, 0x01, 0x2F, 0x01, 0x4C, 0x4C, 0x3B, 0x01, 0x01, 0x01, 0x44,
		0x44, 0x01, 0x4C, 0x4C, 0x01, 0x01, 0x44, 0x4C, 0x4C, 0x01, 0x4C, 0x4C,
		0x44, 0x44, 0x01, 0x4C, 0x01, 0x44, 0x01, 0x4C, 0x01, 0x4C, 0x4C, 0x01,
		0x4C, 0x01, 0x01, 0x01, 0x4C, 0x01, 0x4C, 0x4C, 0x4C, 0x44, 0x4C, 0x4C,
		0x4C, 0x4C, 0x4C, 0x4C, 0x01, 0x01, 0x01, 0x01, 0x01, 0x37, 0x01, 0x01,
		0x01, 0x01, 0x4C, 0x4C, 0x4C, 0x4C, 0x4C, 0x4C, 0x4C, 0x4C, 0x4C, 0x4C,
		0x4C, 0x4C, 0x4C, 0x4C, 0x4C, 0x4C, 0x44, 0x44, 0x44, 0x44, 0x44, 0x44,
		0x4C, 0x01, 0x44, 0x44, 0x44, 0x44, 0x01, 0x01, 0x01, 0x01, 0x44, 0x44,
		0x44, 0x44, 0x44, 0x44, 0x44, 0x01, 0x44, 0x44, 0x44, 0x44, 0x44, 0x44,
		0x4C, 0x44, 0x01, 0x4C, 0x01, 0x4C, 0x44, 0x01, 0x01, 0x01, 0x4C, 0x37,
		0x01, 0x01, 0x01, 0x01, 0x01, 0x01, 0x44, 0x44, 0x4C, 0x4C, 0x4C, 0x3B,
		0x44, 0x01, 0x01, 0x01, 0x01, 0x01, 0x44, 0x44, 0x4C, 0x4C, 0x4C, 0x01,
		0x26, 0x01, 0x4C, 0x4C, 0x4C, 0x4C, 0x4C, 0x4C, 0x4C, 0x4C, 0x4C, 0x4C,
		0x4C, 0x01, 0x01, 0x4C, 0x4C, 0x4C, 0x26, 0x4C, 0x4C, 0x44, 0x33, 0x4C,
		0x4C, 0x4C, 0x44, 0x4C, 0x44, 0x44, 0x44, 0x01, 0x26, 0x44, 0x4C, 0x44,
		0x44, 0x44, 0x44, 0x44, 0x4C, 0x44, 0x44, 0x44, 0x44, 0x01, 0x01, 0x44,
		0x4C, 0x44, 0x01, 0x44, 0x4C, 0x44, 0x4C, 0x44, 0x44, 0x44, 0x4C, 0x44,
		0x44, 0x01, 0x01, 0x01, 0x4C, 0x44, 0x44, 0x44, 0x01, 0x01, 0x01, 0x4C,
		0x44, 0x01, 0x01, 0x4C, 0x3B, 0x4C, 0x4C, 0x01, 0x4C, 0x4C, 0x44, 0x4C,
		0x4C, 0x4C, 0x44, 0x4C, 0x4C, 0x44, 0x4C, 0x01, 0x01, 0x4C, 0x00, 0x00,
		0x00, 0x00, 0x00, 0x01, 0x00, 0x01, 0x01, 0x01, 0x01, 0x01, 0x00, 0x0C,
		0x00, 0xF8, 0x08, 0xFF, 0x00, 0x08, 0x00, 0x06, 0xFF, 0xFE, 0x00, 0x09,
		0x00, 0x07, 0xFF, 0xFE, 0x00, 0x0A, 0x00, 0x07, 0xFF, 0xFE, 0x00, 0x0B,
		0x00, 0x08, 0xFF, 0xFD, 0x00, 0x0C, 0x00, 0x09, 0xFF, 0xFD, 0x00, 0x0D,
		0x00, 0x0A, 0xFF, 0xFD, 0x00, 0x0E, 0x00, 0x0A, 0xFF, 0xFD, 0x00, 0x0F,
		0x00, 0x0B, 0xFF, 0xFD, 0x00, 0x10, 0x00, 0x0C, 0xFF, 0xFC, 0x00, 0x11,
		0x00, 0x0C, 0xFF, 0xFC, 0x00, 0x12, 0x00, 0x0D, 0xFF, 0xFC, 0x00, 0x13,
		0x00, 0x0E, 0xFF, 0xFC, 0x00, 0x14, 0x00, 0x0E, 0xFF, 0xFC, 0x00, 0x15,
		0x00, 0x0F, 0xFF, 0xFB, 0x00, 0x16, 0x00, 0x10, 0xFF, 0xFB, 0x00, 0x17,
		0x00, 0x11, 0xFF, 0xFB, 0x00, 0x18, 0x00, 0x11, 0xFF, 0xFB, 0x00, 0x19,
		0x00, 0x12, 0xFF, 0xFB, 0x00, 0x1A, 0x00, 0x13, 0xFF, 0xFA, 0x00, 0x1B,
		0x00, 0x13, 0xFF, 0xFA, 0x00, 0x1C, 0x00, 0x14, 0xFF, 0xFA, 0x00, 0x1D,
		0x00, 0x15, 0xFF, 0xFA, 0x00, 0x1E, 0x00, 0x15, 0xFF, 0xFA, 0x00, 0x1F,
		0x00, 0x16, 0xFF, 0xF9, 0x00, 0x20, 0x00, 0x17, 0xFF, 0xF9, 0x00, 0x21,
		0x00, 0x18, 0xFF, 0xF9, 0x00, 0x22, 0x00, 0x18, 0xFF, 0xF9, 0x00, 0x23,
		0x00, 0x19, 0xFF, 0xF9, 0x00, 0x24, 0x00, 0x1A, 0xFF, 0xF8, 0x00, 0x25,
		0x00, 0x1A, 0xFF, 0xF8, 0x00, 0x26, 0x00, 0x1B, 0xFF, 0xF8, 0x00, 0x27,
		0x00, 0x1C, 0xFF, 0xF8, 0x00, 0x28, 0x00, 0x1C, 0xFF, 0xF8, 0x00, 0x29,
		0x00, 0x1D, 0xFF, 0xF7, 0x00, 0x2A, 0x00, 0x1E, 0xFF, 0xF7, 0x00, 0x2B,
		0x00, 0x1F, 0xFF, 0xF7, 0x00, 0x2C, 0x00, 0x1F, 0xFF, 0xF7, 0x00, 0x2D,
		0x00, 0x20, 0xFF, 0xF7, 0x00, 0x2E, 0x00, 0x21, 0xFF, 0xF6, 0x00, 0x2F,
		0x00, 0x21, 0xFF, 0xF6, 0x00, 0x30, 0x00, 0x22, 0xFF, 0xF6, 0x00, 0x31,
		0x00, 0x23, 0xFF, 0xF6, 0x00, 0x32, 0x00, 0x23, 0xFF, 0xF6, 0x00, 0x33,
		0x00, 0x24, 0xFF, 0xF5, 0x00, 0x34, 0x00, 0x25, 0xFF, 0xF5, 0x00, 0x35,
		0x00, 0x26, 0xFF, 0xF5, 0x00, 0x36, 0x00, 0x26, 0xFF, 0xF5, 0x00, 0x37,
		0x00, 0x27, 0xFF, 0xF5, 0x00, 0x38, 0x00, 0x28, 0xFF, 0xF4, 0x00, 0x39,
		0x00, 0x28, 0xFF, 0xF4, 0x00, 0x3A, 0x00, 0x29, 0xFF, 0xF4, 0x00, 0x3B,
		0x00, 0x2A, 0xFF, 0xF4, 0x00, 0x3C, 0x00, 0x2A, 0xFF, 0xF4, 0x00, 0x3D,
		0x00, 0x2B, 0xFF, 0xF3, 0x00, 0x3E, 0x00, 0x2C, 0xFF, 0xF3, 0x00, 0x3F,
		0x00, 0x2D, 0xFF, 0xF3, 0x00, 0x40, 0x00, 0x2D, 0xFF, 0xF3, 0x00, 0x41,
		0x00, 0x2E, 0xFF, 0xF3, 0x00, 0x42, 0x00, 0x2F, 0xFF, 0xF2, 0x00, 0x43,
		0x00, 0x2F, 0xFF, 0xF2, 0x00, 0x44, 0x00, 0x30, 0xFF, 0xF2, 0x00, 0x45,
		0x00, 0x31, 0xFF, 0xF2, 0x00, 0x46, 0x00, 0x31, 0xFF, 0xF2, 0x00, 0x47,
		0x00, 0x32, 0xFF, 0xF1, 0x00, 0x48, 0x00, 0x33, 0xFF, 0xF1, 0x00, 0x49,
		0x00, 0x34, 0xFF, 0xF1, 0x00, 0x4A, 0x00, 0x34, 0xFF, 0xF1, 0x00, 0x4B,
		0x00, 0x35, 0xFF, 0xF1, 0x00, 0x4C, 0x00, 0x36, 0xFF, 0xF0, 0x00, 0x4D,
		0x00, 0x36, 0xFF, 0xF0, 0x00, 0x4E, 0x00, 0x37, 0xFF, 0xF0, 0x00, 0x4F,
		0x00, 0x38, 0xFF, 0xF0, 0x00, 0x50, 0x00, 0x38, 0xFF, 0xF0, 0x00, 0x51,
		0x00, 0x39, 0xFF, 0xEF, 0x00, 0x52, 0x00, 0x3A, 0xFF, 0xEF, 0x00, 0x53,
		0x00, 0x3B, 0xFF, 0xEF, 0x00, 0x54, 0x00, 0x3B, 0xFF, 0xEF, 0x00, 0x55,
		0x00, 0x3C, 0xFF, 0xEF, 0x00, 0x56, 0x00, 0x3D, 0xFF, 0xEE, 0x00, 0x57,
		0x00, 0x3D, 0xFF, 0xEE, 0x00, 0x58, 0x00, 0x3E, 0xFF, 0xEE, 0x00, 0x59,
		0x00, 0x3F, 0xFF, 0xEE, 0x00, 0x5A, 0x00, 0x3F, 0xFF, 0xEE, 0x00, 0x5B,
		0x00, 0x40, 0xFF, 0xED, 0x00, 0x5C, 0x00, 0x41, 0xFF, 0xED, 0x00, 0x5D,
		0x00, 0x42, 0xFF, 0xED, 0x00, 0x5E, 0x00, 0x42, 0xFF, 0xED, 0x00, 0x5F,
		0x00, 0x43, 0xFF, 0xED, 0x00, 0x60, 0x00, 0x44, 0xFF, 0xEC, 0x00, 0x61,
		0x00, 0x44, 0xFF, 0xEC, 0x00, 0x62, 0x00, 0x45, 0xFF, 0xEC, 0x00, 0x63,
		0x00, 0x46, 0xFF, 0xEC, 0x00, 0x64, 0x00, 0x46, 0xFF, 0xEC, 0x00, 0x65,
		0x00, 0x47, 0xFF, 0xEB, 0x00, 0x66, 0x00, 0x48, 0xFF, 0xEB, 0x00, 0x67,
		0x00, 0x49, 0xFF, 0xEB, 0x00, 0x68, 0x00, 0x49, 0xFF, 0xEB, 0x00, 0x69,
		0x00, 0x4A, 0xFF, 0xEB, 0x00, 0x6A, 0x00, 0x4B, 0xFF, 0xEA, 0x00, 0x6B,
		0x00, 0x4B, 0xFF, 0xEA, 0x00, 0x6C, 0x00, 0x4C, 0xFF, 0xEA, 0x00, 0x6D,
		0x00, 0x4D, 0xFF, 0xEA, 0x00, 0x6E, 0x00, 0x4D, 0xFF, 0xEA, 0x00, 0x6F,
		0x00, 0x4E, 0xFF, 0xE9, 0x00, 0x70, 0x00, 0x4F, 0xFF, 0xE9, 0x00, 0x71,
		0x00, 0x50, 0xFF, 0xE9, 0x00, 0x72, 0x00, 0x50, 0xFF, 0xE9, 0x00, 0x73,
		0x00, 0x51, 0xFF, 0xE9, 0x00, 0x74, 0x00, 0x52, 0xFF, 0xE8, 0x00, 0x75,
		0x00, 0x52, 0xFF, 0xE8, 0x00, 0x76, 0x00, 0x53, 0xFF, 0xE8, 0x00, 0x77,
		0x00, 0x54, 0xFF, 0xE8, 0x00, 0x78, 0x00, 0x54, 0xFF, 0xE8, 0x00, 0x79,
		0x00, 0x55, 0xFF, 0xE7, 0x00, 0x7A, 0x00, 0x56, 0xFF, 0xE7, 0x00, 0x7B,
		0x00, 0x57, 0xFF, 0xE7, 0x00, 0x7C, 0x00, 0x57, 0xFF, 0xE7, 0x00, 0x7D,
		0x00, 0x58, 0xFF, 0xE7, 0x00, 0x7E, 0x00, 0x59, 0xFF, 0xE6, 0x00, 0x7F,
		0x00, 0x59, 0xFF, 0xE6, 0x00, 0x80, 0x00, 0x5A, 0xFF, 0xE6, 0x00, 0x81,
		0x00, 0x5B, 0xFF, 0xE6, 0x00, 0x82, 0x00, 0x5B, 0xFF, 0xE6, 0x00, 0x83,
		0x00, 0x5C, 0xFF, 0xE5, 0x00, 0x84, 0x00, 0x5D, 0xFF, 0xE5, 0x00, 0x85,
		0x00, 0x5E, 0xFF, 0xE5, 0x00, 0x86, 0x00, 0x5E, 0xFF, 0xE5, 0x00, 0x87,
		0x00, 0x5F, 0xFF, 0xE5, 0x00, 0x88, 0x00, 0x60, 0xFF, 0xE4, 0x00, 0x89,
		0x00, 0x60, 0xFF, 0xE4, 0x00, 0x8A, 0x00, 0x61, 0xFF, 0xE4, 0x00, 0x8B,
		0x00, 0x62, 0xFF, 0xE4, 0x00, 0x8C, 0x00, 0x62, 0xFF, 0xE4, 0x00, 0x8D,
		0x00, 0x63, 0xFF, 0xE3, 0x00, 0x8E, 0x00, 0x64, 0xFF, 0xE3, 0x00, 0x8F,
		0x00, 0x65, 0xFF, 0xE3, 0x00, 0x90, 0x00, 0x65, 0xFF, 0xE3, 0x00, 0x91,
		0x00, 0x66, 0xFF, 0xE3, 0x00, 0x92, 0x00, 0x67, 0xFF, 0xE2, 0x00, 0x93,
		0x00, 0x67, 0xFF, 0xE2, 0x00, 0x94, 0x00, 0x68, 0xFF, 0xE2, 0x00, 0x95,
		0x00, 0x69, 0xFF, 0xE2, 0x00, 0x96, 0x00, 0x69, 0xFF, 0xE2, 0x00, 0x97,
		0x00, 0x6A, 0xFF, 0xE1, 0x00, 0x98, 0x00, 0x6B, 0xFF, 0xE1, 0x00, 0x99,
		0x00, 0x6C, 0xFF, 0xE1, 0x00, 0x9A, 0x00, 0x6C, 0xFF, 0xE1, 0x00, 0x9B,
		0x00, 0x6D, 0xFF, 0xE1, 0x00, 0x9C, 0x00, 0x6E, 0xFF, 0xE0, 0x00, 0x9D,
		0x00, 0x6E, 0xFF, 0xE0, 0x00, 0x9E, 0x00, 0x6F, 0xFF, 0xE0, 0x00, 0x9F,
		0x00, 0x70, 0xFF, 0xE0, 0x00, 0xA0, 0x00, 0x70, 0xFF, 0xE0, 0x00, 0xA1,
		0x00, 0x71, 0xFF, 0xDF, 0x00, 0xA2, 0x00, 0x72, 0xFF, 0xDF, 0x00, 0xA3,
		0x00, 0x73, 0xFF, 0xDF, 0x00, 0xA4, 0x00, 0x73, 0xFF, 0xDF, 0x00, 0xA5,
		0x00, 0x74, 0xFF, 0xDF, 0x00, 0xA6, 0x00, 0x75, 0xFF, 0xDE, 0x00, 0xA7,
		0x00, 0x75, 0xFF, 0xDE, 0x00, 0xA8, 0x00, 0x76, 0xFF, 0xDE, 0x00, 0xA9,
		0x00, 0x77, 0xFF, 0xDE, 0x00, 0xAA, 0x00, 0x77, 0xFF, 0xDE, 0x00, 0xAB,
		0x00, 0x78, 0xFF, 0xDD, 0x00, 0xAC, 0x00, 0x79, 0xFF, 0xDD, 0x00, 0xAD,
		0x00, 0x7A, 0xFF, 0xDD, 0x00, 0xAE, 0x00, 0x7A, 0xFF, 0xDD, 0x00, 0xAF,
		0x00, 0x7B, 0xFF, 0xDD, 0x00, 0xB0, 0x00, 0x7C, 0xFF, 0xDC, 0x00, 0xB1,
		0x00, 0x7C, 0xFF, 0xDC, 0x00, 0xB2, 0x00, 0x7D, 0xFF, 0xDC, 0x00, 0xB3,
		0x00, 0x7E, 0xFF, 0xDC, 0x00, 0xB4, 0x00, 0x7E, 0xFF, 0xDC, 0x00, 0xB5,
		0x00, 0x7F, 0xFF, 0xDB, 0x00, 0xB6, 0x00, 0x80, 0xFF, 0xDB, 0x00, 0xB7,
		0x00, 0x81, 0xFF, 0xDB, 0x00, 0xB8, 0x00, 0x81, 0xFF, 0xDB, 0x00, 0xB9,
		0x00, 0x82, 0xFF, 0xDB, 0x00, 0xBA, 0x00, 0x83, 0xFF, 0xDA, 0x00, 0xBB,
		0x00, 0x83, 0xFF, 0xDA, 0x00, 0xBC, 0x00, 0x84, 0xFF, 0xDA, 0x00, 0xBD,
		0x00, 0x85, 0xFF, 0xDA, 0x00, 0xBE, 0x00, 0x85, 0xFF, 0xDA, 0x00, 0xBF,
		0x00, 0x86, 0xFF, 0xD9, 0x00, 0xC0, 0x00, 0x87, 0xFF, 0xD9, 0x00, 0xC1,
		0x00, 0x88, 0xFF, 0xD9, 0x00, 0xC2, 0x00, 0x88, 0xFF, 0xD9, 0x00, 0xC3,
		0x00, 0x89, 0xFF, 0xD9, 0x00, 0xC4, 0x00, 0x8A, 0xFF, 0xD8, 0x00, 0xC5,
		0x00, 0x8A, 0xFF, 0xD8, 0x00, 0xC6, 0x00, 0x8B, 0xFF, 0xD8, 0x00, 0xC7,
		0x00, 0x8C, 0xFF, 0xD8, 0x00, 0xC8, 0x00, 0x8C, 0xFF, 0xD8, 0x00, 0xC9,
		0x00, 0x8D, 0xFF, 0xD7, 0x00, 0xCA, 0x00, 0x8E, 0xFF, 0xD7, 0x00, 0xCB,
		0x00, 0x8F, 0xFF, 0xD7, 0x00, 0xCC, 0x00, 0x8F, 0xFF, 0xD7, 0x00, 0xCD,
		0x00, 0x90, 0xFF, 0xD7, 0x00, 0xCE, 0x00, 0x91, 0xFF, 0xD6, 0x00, 0xCF,
		0x00, 0x91, 0xFF, 0xD6, 0x00, 0xD0, 0x00, 0x92, 0xFF, 0xD6, 0x00, 0xD1,
		0x00, 0x93, 0xFF, 0xD6, 0x00, 0xD2, 0x00, 0x93, 0xFF, 0xD6, 0x00, 0xD3,
		0x00, 0x94, 0xFF, 0xD5, 0x00, 0xD4, 0x00, 0x95, 0xFF, 0xD5, 0x00, 0xD5,
		0x00, 0x96, 0xFF, 0xD5, 0x00, 0xD6, 0x00, 0x96, 0xFF, 0xD5, 0x00, 0xD7,
		0x00, 0x97, 0xFF, 0xD5, 0x00, 0xD8, 0x00, 0x98, 0xFF, 0xD4, 0x00, 0xD9,
		0x00, 0x98, 0xFF, 0xD4, 0x00, 0xDA, 0x00, 0x99, 0xFF, 0xD4, 0x00, 0xDB,
		0x00, 0x9A, 0xFF, 0xD4, 0x00, 0xDC, 0x00, 0x9A, 0xFF, 0xD4, 0x00, 0xDD,
		0x00, 0x9B, 0xFF, 0xD3, 0x00, 0xDE, 0x00, 0x9C, 0xFF, 0xD3, 0x00, 0xDF,
		0x00, 0x9D, 0xFF, 0xD3, 0x00, 0xE0, 0x00, 0x9D, 0xFF, 0xD3, 0x00, 0xE1,
		0x00, 0x9E, 0xFF, 0xD3, 0x00, 0xE2, 0x00, 0x9F, 0xFF, 0xD2, 0x00, 0xE3,
		0x00, 0x9F, 0xFF, 0xD2, 0x00, 0xE4, 0x00, 0xA0, 0xFF, 0xD2, 0x00, 0xE5,
		0x00, 0xA1, 0xFF, 0xD2, 0x00, 0xE6, 0x00, 0xA1, 0xFF, 0xD2, 0x00, 0xE7,
		0x00, 0xA2, 0xFF, 0xD1, 0x00, 0xE8, 0x00, 0xA3, 0xFF, 0xD1, 0x00, 0xE9,
		0x00, 0xA4, 0xFF, 0xD1, 0x00, 0xEA, 0x00, 0xA4, 0xFF, 0xD1, 0x00, 0xEB,
		0x00, 0xA5, 0xFF, 0xD1, 0x00, 0xEC, 0x00, 0xA6, 0xFF, 0xD0, 0x00, 0xED,
		0x00, 0xA6, 0xFF, 0xD0, 0x00, 0xEE, 0x00, 0xA7, 0xFF, 0xD0, 0x00, 0xEF,
		0x00, 0xA8, 0xFF, 0xD0, 0x00, 0xF0, 0x00, 0xA8, 0xFF, 0xD0, 0x00, 0xF1,
		0x00, 0xA9, 0xFF, 0xCF, 0x00, 0xF2, 0x00, 0xAA, 0xFF, 0xCF, 0x00, 0xF3,
		0x00, 0xAB, 0xFF, 0xCF, 0x00, 0xF4, 0x00, 0xAB, 0xFF, 0xCF, 0x00, 0xF5,
		0x00, 0xAC, 0xFF, 0xCF, 0x00, 0xF6, 0x00, 0xAD, 0xFF, 0xCE, 0x00, 0xF7,
		0x00, 0xAD, 0xFF, 0xCE, 0x00, 0xF8, 0x00, 0xAE, 0xFF, 0xCE, 0x00, 0xF9,
		0x00, 0xAF, 0xFF, 0xCE, 0x00, 0xFA, 0x00, 0xAF, 0xFF, 0xCE, 0x00, 0xFB,
		0x00, 0xB0, 0xFF, 0xCD, 0x00, 0xFC, 0x00, 0xB1, 0xFF, 0xCD, 0x00, 0xFD,
		0x00, 0xB2, 0xFF, 0xCD, 0x00, 0xFE, 0x00, 0xB2, 0xFF, 0xCD, 0x00, 0xFF,
		0x00, 0xB3, 0xFF, 0xCD, 0x00, 0x00, 0x00, 0x17, 0x00, 0x00, 0x01, 0x4C,
		0x09, 0x08, 0x05, 0x00, 0x05, 0x05, 0x06, 0x05, 0x03, 0x06, 0x06, 0x06,
		0x06, 0x06, 0x06, 0x06, 0x06, 0x02, 0x02, 0x03, 0x05, 0x03, 0x06, 0x06,
		0x06, 0x06, 0x05, 0x06, 0x05, 0x06, 0x06, 0x03, 0x06, 0x06, 0x05, 0x06,
		0x06, 0x06, 0x06, 0x06, 0x06, 0x06, 0x05, 0x06, 0x06, 0x06, 0x06, 0x06,
		0x06, 0x03, 0x05, 0x03, 0x05, 0x05, 0x03, 0x05, 0x05, 0x05, 0x05, 0x05,
		0x04, 0x05, 0x05, 0x02, 0x03, 0x05, 0x02, 0x06, 0x05, 0x05, 0x05, 0x05,
		0x05, 0x05, 0x04, 0x05, 0x06, 0x06, 0x06, 0x05, 0x05, 0x03, 0x02, 0x03,
		0x06, 0x05, 0x02, 0x05, 0x04, 0x06, 0x04, 0x04, 0x06, 0x07, 0x06, 0x03,
		0x08, 0x03, 0x02, 0x05, 0x04, 0x03, 0x04, 0x05, 0x05, 0x07, 0x05, 0x03,
		0x08, 0x06, 0x02, 0x05, 0x04, 0x06, 0x06, 0x02, 0x04, 0x04, 0x06, 0x05,
		0x05, 0x06, 0x05, 0x06, 0x05, 0x04, 0x05, 0x04, 0x04, 0x03, 0x05, 0x02,
		0x03, 0x03, 0x04, 0x05, 0x06, 0x06, 0x06, 0x06, 0x06, 0x06, 0x06, 0x06,
		0x06, 0x06, 0x06, 0x05, 0x05, 0x05, 0x05, 0x06, 0x03, 0x03, 0x03, 0x04,
		0x07, 0x06, 0x06, 0x06, 0x06, 0x06, 0x06, 0x04, 0x06, 0x06, 0x06, 0x06,
		0x06, 0x06, 0x06, 0x07, 0x05, 0x05, 0x05, 0x05, 0x05, 0x06, 0x08, 0x05,
		0x05, 0x05, 0x05, 0x05, 0x03, 0x03, 0x03, 0x03, 0x05, 0x05, 0x05, 0x05,
		0x05, 0x05, 0x05, 0x05, 0x05, 0x05, 0x05, 0x05, 0x05, 0x05, 0x06, 0x05,
		0x02, 0x04, 0x05, 0x06, 0x06, 0x05, 0x02, 0x03, 0x04, 0x04, 0x05, 0x02,
		0x05, 0x02, 0x05, 0x05, 0x05, 0x06, 0x05, 0x06, 0x04, 0x03, 0x06, 0x03,
		0x05, 0x02, 0x06, 0x04, 0x05, 0x05, 0x06, 0x06, 0x06, 0x05, 0x06, 0x05,
		0x06, 0x06, 0x06, 0x06, 0x06, 0x06, 0x06, 0x06, 0x06, 0x06, 0x06, 0x05,
		0x05, 0x06, 0x08, 0x06, 0x06, 0x06, 0x06, 0x06, 0x07, 0x07, 0x06, 0x06,
		0x06, 0x06, 0x05, 0x05, 0x05, 0x05, 0x06, 0x05, 0x06, 0x05, 0x05, 0x06,
		0x06, 0x05, 0x06, 0x05, 0x05, 0x05, 0x05, 0x05, 0x05, 0x05, 0x06, 0x06,
		0x05, 0x05, 0x06, 0x06, 0x06, 0x06, 0x05, 0x05, 0x06, 0x05, 0x05, 0x05,
		0x05, 0x05, 0x06, 0x05, 0x08, 0x05, 0x05, 0x03, 0x02, 0x06, 0x05, 0x04,
		0x04, 0x06, 0x03, 0x07, 0x08, 0x08, 0x08, 0x06, 0x06, 0x06, 0x06, 0x06,
		0x06, 0x06, 0x07, 0x05, 0x06, 0x04, 0x05, 0x06, 0x0A, 0x09, 0x05, 0x00,
		0x05, 0x05, 0x07, 0x06, 0x04, 0x07, 0x07, 0x07, 0x07, 0x06, 0x07, 0x07,
		0x07, 0x02, 0x03, 0x04, 0x05, 0x04, 0x05, 0x07, 0x07, 0x07, 0x06, 0x07,
		0x06, 0x07, 0x07, 0x03, 0x07, 0x07, 0x06, 0x07, 0x07, 0x07, 0x07, 0x07,
		0x07, 0x07, 0x06, 0x07, 0x07, 0x07, 0x07, 0x07, 0x07, 0x03, 0x06, 0x04,
		0x05, 0x06, 0x03, 0x06, 0x06, 0x05, 0x06, 0x06, 0x05, 0x06, 0x06, 0x02,
		0x04, 0x06, 0x02, 0x07, 0x06, 0x06, 0x06, 0x06, 0x06, 0x06, 0x05, 0x06,
		0x07, 0x07, 0x05, 0x06, 0x06, 0x03, 0x02, 0x04, 0x06, 0x06, 0x03, 0x05,
		0x05, 0x05, 0x04, 0x04, 0x05, 0x08, 0x07, 0x04, 0x09, 0x03, 0x03, 0x05,
		0x05, 0x04, 0x05, 0x06, 0x06, 0x07, 0x06, 0x04, 0x07, 0x07, 0x02, 0x05,
		0x05, 0x07, 0x07, 0x02, 0x05, 0x05, 0x07, 0x06, 0x06, 0x07, 0x05, 0x07,
		0x06, 0x05, 0x05, 0x04, 0x04, 0x03, 0x06, 0x02, 0x03, 0x03, 0x04, 0x06,
		0x07, 0x07, 0x07, 0x05, 0x07, 0x07, 0x07, 0x07, 0x07, 0x07, 0x07, 0x06,
		0x06, 0x06, 0x06, 0x07, 0x03, 0x03, 0x03, 0x04, 0x07, 0x07, 0x07, 0x07,
		0x07, 0x07, 0x07, 0x04, 0x07, 0x07, 0x07, 0x07, 0x07, 0x07, 0x07, 0x06,
		0x06, 0x06, 0x06, 0x06, 0x06, 0x05, 0x09, 0x05, 0x06, 0x06, 0x06, 0x06,
		0x03, 0x03, 0x03, 0x04, 0x06, 0x06, 0x06, 0x06, 0x06, 0x06, 0x06, 0x06,
		0x06, 0x06, 0x06, 0x06, 0x06, 0x06, 0x06, 0x06, 0x02, 0x05, 0x06, 0x07,
		0x07, 0x06, 0x02, 0x04, 0x04, 0x05, 0x05, 0x03, 0x05, 0x02, 0x06, 0x06,
		0x06, 0x07, 0x05, 0x06, 0x05, 0x04, 0x05, 0x03, 0x06, 0x02, 0x07, 0x04,
		0x06, 0x06, 0x07, 0x07, 0x07, 0x06, 0x07, 0x06, 0x07, 0x07, 0x07, 0x07,
		0x07, 0x07, 0x07, 0x07, 0x07, 0x07, 0x07, 0x06, 0x06, 0x07, 0x07, 0x07,
		0x07, 0x07, 0x07, 0x08, 0x08, 0x08, 0x07, 0x07, 0x07, 0x07, 0x06, 0x06,
		0x06, 0x05, 0x07, 0x06, 0x07, 0x06, 0x06, 0x05, 0x05, 0x06, 0x07, 0x06,
		0x06, 0x06, 0x06, 0x05, 0x05, 0x06, 0x07, 0x05, 0x06, 0x06, 0x07, 0x08,
		0x07, 0x07, 0x06, 0x06, 0x07, 0x06, 0x06, 0x06, 0x06, 0x05, 0x06, 0x06,
		0x09, 0x06, 0x06, 0x03, 0x02, 0x07, 0x06, 0x04, 0x04, 0x07, 0x04, 0x07,
		0x07, 0x09, 0x09, 0x07, 0x05, 0x07, 0x07, 0x07, 0x05, 0x07, 0x07, 0x06,
		0x07, 0x05, 0x05, 0x07, 0x0B, 0x09, 0x06, 0x00, 0x06, 0x06, 0x07, 0x07,
		0x04, 0x07, 0x07, 0x07, 0x07, 0x07, 0x07, 0x07, 0x07, 0x02, 0x03, 0x04,
		0x06, 0x04, 0x05, 0x07, 0x07, 0x07, 0x07, 0x07, 0x07, 0x07, 0x07, 0x03,
		0x07, 0x07, 0x07, 0x07, 0x07, 0x07, 0x07, 0x07, 0x07, 0x07, 0x07, 0x07,
		0x07, 0x07, 0x07, 0x07, 0x07, 0x03, 0x07, 0x04, 0x07, 0x07, 0x03, 0x06,
		0x06, 0x06, 0x06, 0x06, 0x05, 0x06, 0x06, 0x02, 0x04, 0x06, 0x02, 0x07,
		0x06, 0x06, 0x06, 0x06, 0x06, 0x06, 0x05, 0x06, 0x07, 0x07, 0x05, 0x06,
		0x06, 0x03, 0x02, 0x04, 0x07, 0x07, 0x03, 0x06, 0x05, 0x05, 0x04, 0x04,
		0x05, 0x08, 0x07, 0x04, 0x09, 0x03, 0x03, 0x05, 0x05, 0x04, 0x05, 0x07,
		0x06, 0x08, 0x06, 0x04, 0x07, 0x07, 0x02, 0x06, 0x05, 0x07, 0x07, 0x02,
		0x05, 0x05, 0x08, 0x06, 0x06, 0x07, 0x06, 0x08, 0x07, 0x05, 0x06, 0x04,
		0x04, 0x03, 0x06, 0x02, 0x03, 0x03, 0x04, 0x06, 0x07, 0x07, 0x07, 0x05,
		0x07, 0x07, 0x07, 0x07, 0x07, 0x07, 0x07, 0x07, 0x07, 0x07, 0x07, 0x07,
		0x03, 0x03, 0x03, 0x04, 0x08, 0x07, 0x07, 0x07, 0x07, 0x07, 0x07, 0x06,
		0x07, 0x07, 0x07, 0x07, 0x07, 0x07, 0x07, 0x06, 0x06, 0x06, 0x06, 0x06,
		0x06, 0x05, 0x09, 0x06, 0x06, 0x06, 0x06, 0x06, 0x03, 0x03, 0x03, 0x04,
		0x06, 0x06, 0x06, 0x06, 0x06, 0x06, 0x06, 0x07, 0x06, 0x06, 0x06, 0x06,
		0x06, 0x06, 0x06, 0x06, 0x02, 0x05, 0x07, 0x07, 0x07, 0x06, 0x02, 0x04,
		0x04, 0x06, 0x06, 0x03, 0x06, 0x02, 0x07, 0x07, 0x06, 0x07, 0x05, 0x06,
		0x05, 0x04, 0x05, 0x03, 0x07, 0x02, 0x08, 0x04, 0x06, 0x06, 0x07, 0x07,
		0x07, 0x06, 0x07, 0x07, 0x07, 0x07, 0x07, 0x07, 0x07, 0x07, 0x07, 0x07,
		0x07, 0x07, 0x07, 0x07, 0x07, 0x07, 0x07, 0x07, 0x07, 0x07, 0x07, 0x08,
		0x08, 0x09, 0x07, 0x07, 0x08, 0x07, 0x06, 0x06, 0x06, 0x06, 0x07, 0x06,
		0x07, 0x06, 0x06, 0x05, 0x05, 0x06, 0x07, 0x06, 0x06, 0x06, 0x06, 0x06,
		0x06, 0x06, 0x07, 0x05, 0x07, 0x06, 0x07, 0x08, 0x07, 0x08, 0x06, 0x06,
		0x07, 0x06, 0x06, 0x07, 0x06, 0x06, 0x06, 0x06, 0x09, 0x06, 0x07, 0x03,
		0x02, 0x07, 0x06, 0x04, 0x04, 0x07, 0x04, 0x09, 0x07, 0x09, 0x09, 0x07,
		0x05, 0x07, 0x07, 0x07, 0x05, 0x07, 0x08, 0x06, 0x07, 0x05, 0x06, 0x07,
		0x0C, 0x0A, 0x06, 0x00, 0x06, 0x06, 0x07, 0x07, 0x04, 0x07, 0x07, 0x07,
		0x07, 0x07, 0x07, 0x07, 0x07, 0x02, 0x03, 0x04, 0x06, 0x04, 0x07, 0x07,
		0x07, 0x07, 0x07, 0x07, 0x07, 0x07, 0x07, 0x04, 0x07, 0x07, 0x07, 0x07,
		0x07, 0x07, 0x07, 0x07, 0x07, 0x07, 0x07, 0x07, 0x07, 0x07, 0x07, 0x07,
		0x08, 0x04, 0x07, 0x04, 0x07, 0x07, 0x04, 0x06, 0x06, 0x06, 0x06, 0x06,
		0x05, 0x06, 0x06, 0x02, 0x04, 0x06, 0x02, 0x07, 0x06, 0x06, 0x06, 0x06,
		0x06, 0x06, 0x05, 0x06, 0x07, 0x07, 0x07, 0x06, 0x06, 0x04, 0x02, 0x04,
		0x07, 0x07, 0x03, 0x06, 0x05, 0x07, 0x05, 0x05, 0x07, 0x09, 0x07, 0x04,
		0x0A, 0x03, 0x03, 0x06, 0x05, 0x04, 0x05, 0x07, 0x07, 0x08, 0x06, 0x04,
		0x09, 0x07, 0x02, 0x06, 0x05, 0x07, 0x07, 0x02, 0x05, 0x05, 0x08, 0x06,
		0x07, 0x07, 0x06, 0x08, 0x07, 0x05, 0x06, 0x04, 0x04, 0x04, 0x06, 0x02,
		0x04, 0x04, 0x04, 0x07, 0x07, 0x07, 0x07, 0x07, 0x07, 0x07, 0x07, 0x07,
		0x07, 0x07, 0x08, 0x07, 0x07, 0x07, 0x07, 0x08, 0x04, 0x04, 0x04, 0x05,
		0x08, 0x07, 0x07, 0x07, 0x07, 0x07, 0x07, 0x06, 0x07, 0x07, 0x07, 0x07,
		0x07, 0x07, 0x07, 0x08, 0x06, 0x06, 0x06, 0x06, 0x06, 0x07, 0x09, 0x06,
		0x06, 0x06, 0x06, 0x06, 0x04, 0x04, 0x04, 0x04, 0x06, 0x06, 0x06, 0x06,
		0x06, 0x06, 0x06, 0x07, 0x06, 0x06, 0x06, 0x06, 0x06, 0x06, 0x07, 0x06,
		0x02, 0x05, 0x07, 0x07, 0x07, 0x07, 0x02, 0x04, 0x04, 0x06, 0x06, 0x03,
		0x06, 0x02, 0x07, 0x07, 0x07, 0x07, 0x06, 0x07, 0x05, 0x04, 0x07, 0x04,
		0x07, 0x02, 0x08, 0x05, 0x06, 0x06, 0x07, 0x07, 0x07, 0x07, 0x08, 0x07,
		0x07, 0x07, 0x07, 0x07, 0x07, 0x07, 0x07, 0x07, 0x07, 0x07, 0x07, 0x07,
		0x07, 0x07, 0x09, 0x07, 0x08, 0x07, 0x07, 0x08, 0x09, 0x09, 0x07, 0x08,
		0x08, 0x07, 0x06, 0x06, 0x06, 0x06, 0x08, 0x06, 0x07, 0x06, 0x06, 0x07,
		0x07, 0x06, 0x07, 0x06, 0x06, 0x06, 0x06, 0x06, 0x06, 0x06, 0x07, 0x07,
		0x07, 0x06, 0x07, 0x08, 0x07, 0x08, 0x06, 0x06, 0x07, 0x06, 0x06, 0x07,
		0x07, 0x06, 0x07, 0x06, 0x0A, 0x06, 0x07, 0x04, 0x02, 0x07, 0x06, 0x05,
		0x05, 0x07, 0x04, 0x09, 0x09, 0x0A, 0x09, 0x07, 0x07, 0x07, 0x07, 0x07,
		0x07, 0x07, 0x08, 0x06, 0x07, 0x05, 0x06, 0x07, 0x0D, 0x0B, 0x07, 0x00,
		0x07, 0x07, 0x08, 0x08, 0x04, 0x08, 0x08, 0x08, 0x08, 0x08, 0x08, 0x08,
		0x08, 0x03, 0x03, 0x05, 0x07, 0x05, 0x07, 0x07, 0x08, 0x08, 0x08, 0x08,
		0x08, 0x08, 0x08, 0x04, 0x08, 0x07, 0x08, 0x07, 0x08, 0x08, 0x08, 0x08,
		0x08, 0x08, 0x08, 0x08, 0x07, 0x07, 0x07, 0x07, 0x08, 0x04, 0x08, 0x04,
		0x08, 0x08, 0x04, 0x07, 0x07, 0x07, 0x07, 0x07, 0x06, 0x07, 0x07, 0x03,
		0x04, 0x07, 0x03, 0x07, 0x07, 0x07, 0x07, 0x07, 0x07, 0x07, 0x06, 0x07,
		0x07, 0x07, 0x07, 0x07, 0x07, 0x04, 0x03, 0x04, 0x08, 0x08, 0x03, 0x06,
		0x05, 0x07, 0x05, 0x05, 0x07, 0x0A, 0x08, 0x05, 0x0B, 0x03, 0x03, 0x06,
		0x05, 0x04, 0x06, 0x08, 0x07, 0x09, 0x07, 0x05, 0x09, 0x07, 0x03, 0x07,
		0x06, 0x07, 0x07, 0x03, 0x05, 0x05, 0x09, 0x07, 0x07, 0x08, 0x07, 0x09,
		0x08, 0x05, 0x07, 0x05, 0x05, 0x04, 0x07, 0x03, 0x04, 0x04, 0x05, 0x07,
		0x08, 0x08, 0x08, 0x07, 0x08, 0x08, 0x08, 0x08, 0x08, 0x07, 0x08, 0x08,
		0x08, 0x08, 0x08, 0x08, 0x04, 0x04, 0x04, 0x05, 0x09, 0x08, 0x08, 0x08,
		0x08, 0x08, 0x08, 0x06, 0x08, 0x08, 0x08, 0x08, 0x08, 0x07, 0x08, 0x08,
		0x07, 0x07, 0x07, 0x07, 0x07, 0x07, 0x0B, 0x07, 0x07, 0x07, 0x07, 0x07,
		0x04, 0x04, 0x04, 0x05, 0x07, 0x07, 0x07, 0x07, 0x07, 0x07, 0x07, 0x08,
		0x07, 0x07, 0x07, 0x07, 0x07, 0x07, 0x07, 0x07, 0x03, 0x05, 0x08, 0x07,
		0x09, 0x07, 0x03, 0x05, 0x05, 0x06, 0x07, 0x03, 0x07, 0x03, 0x08, 0x08,
		0x07, 0x09, 0x06, 0x08, 0x05, 0x04, 0x07, 0x04, 0x08, 0x03, 0x09, 0x05,
		0x07, 0x07, 0x08, 0x08, 0x08, 0x07, 0x08, 0x08, 0x07, 0x08, 0x08, 0x07,
		0x07, 0x08, 0x07, 0x08, 0x08, 0x08, 0x08, 0x08, 0x08, 0x08, 0x09, 0x07,
		0x08, 0x08, 0x07, 0x08, 0x09, 0x0A, 0x08, 0x08, 0x09, 0x08, 0x07, 0x07,
		0x07, 0x07, 0x08, 0x07, 0x07, 0x07, 0x07, 0x07, 0x07, 0x07, 0x07, 0x07,
		0x07, 0x07, 0x07, 0x07, 0x07, 0x07, 0x07, 0x07, 0x08, 0x07, 0x07, 0x08,
		0x08, 0x09, 0x07, 0x07, 0x07, 0x07, 0x07, 0x08, 0x07, 0x07, 0x07, 0x07,
		0x0B, 0x07, 0x08, 0x04, 0x03, 0x08, 0x07, 0x05, 0x05, 0x08, 0x04, 0x09,
		0x09, 0x0B, 0x0B, 0x07, 0x07, 0x08, 0x08, 0x07, 0x07, 0x08, 0x09, 0x07,
		0x07, 0x06, 0x07, 0x07, 0x0F, 0x0D, 0x08, 0x00, 0x08, 0x08, 0x0A, 0x09,
		0x05, 0x0A, 0x0A, 0x0A, 0x0A, 0x0A, 0x0A, 0x0A, 0x0A, 0x03, 0x04, 0x05,
		0x08, 0x05, 0x08, 0x0A, 0x0A, 0x0A, 0x09, 0x0A, 0x09, 0x0A, 0x0A, 0x05,
		0x0A, 0x0A, 0x09, 0x0A, 0x0A, 0x0A, 0x0A, 0x0A, 0x0A, 0x0A, 0x09, 0x0A,
		0x0A, 0x0A, 0x0A, 0x0A, 0x09, 0x05, 0x09, 0x05, 0x08, 0x09, 0x05, 0x08,
		0x08, 0x08, 0x08, 0x08, 0x06, 0x08, 0x08, 0x03, 0x05, 0x08, 0x03, 0x0A,
		0x08, 0x08, 0x08, 0x08, 0x08, 0x08, 0x06, 0x08, 0x0A, 0x0A, 0x08, 0x08,
		0x08, 0x05, 0x03, 0x05, 0x09, 0x09, 0x04, 0x07, 0x07, 0x08, 0x06, 0x06,
		0x07, 0x0B, 0x0A, 0x05, 0x0D, 0x04, 0x04, 0x08, 0x08, 0x05, 0x07, 0x09,
		0x08, 0x0A, 0x08, 0x05, 0x0C, 0x0A, 0x03, 0x08, 0x06, 0x0A, 0x0A, 0x03,
		0x07, 0x07, 0x0A, 0x08, 0x08, 0x0A, 0x08, 0x0A, 0x09, 0x07, 0x08, 0x06,
		0x06, 0x05, 0x09, 0x03, 0x05, 0x05, 0x06, 0x08, 0x0A, 0x0A, 0x0A, 0x08,
		0x0A, 0x0A, 0x0A, 0x0A, 0x0A, 0x0A, 0x0A, 0x09, 0x09, 0x09, 0x09, 0x09,
		0x05, 0x05, 0x05, 0x06, 0x0B, 0x0A, 0x0A, 0x0A, 0x0A, 0x0A, 0x0A, 0x08,
		0x0A, 0x0A, 0x0A, 0x0A, 0x0A, 0x0A, 0x0A, 0x0A, 0x08, 0x08, 0x08, 0x08,
		0x08, 0x08, 0x0C, 0x08, 0x08, 0x08, 0x08, 0x08, 0x05, 0x05, 0x05, 0x05,
		0x08, 0x08, 0x08, 0x08, 0x08, 0x08, 0x08, 0x09, 0x08, 0x08, 0x08, 0x08,
		0x08, 0x08, 0x09, 0x08, 0x03, 0x07, 0x09, 0x0A, 0x09, 0x08, 0x03, 0x05,
		0x06, 0x07, 0x08, 0x04, 0x08, 0x03, 0x09, 0x09, 0x08, 0x09, 0x08, 0x09,
		0x07, 0x05, 0x07, 0x05, 0x09, 0x03, 0x0B, 0x06, 0x08, 0x08, 0x0A, 0x0A,
		0x0A, 0x08, 0x0A, 0x09, 0x0A, 0x0A, 0x0A, 0x0A, 0x0A, 0x0A, 0x0A, 0x0A,
		0x0A, 0x0A, 0x0A, 0x09, 0x09, 0x0A, 0x0C, 0x0A, 0x0A, 0x0A, 0x0A, 0x0B,
		0x0B, 0x0C, 0x0A, 0x0A, 0x0A, 0x0A, 0x08, 0x08, 0x08, 0x08, 0x0A, 0x08,
		0x0A, 0x08, 0x08, 0x08, 0x08, 0x08, 0x0A, 0x08, 0x08, 0x08, 0x08, 0x08,
		0x08, 0x08, 0x0A, 0x08, 0x09, 0x08, 0x0A, 0x0B, 0x0A, 0x0A, 0x08, 0x08,
		0x0A, 0x08, 0x08, 0x09, 0x08, 0x08, 0x09, 0x08, 0x0C, 0x08, 0x09, 0x05,
		0x03, 0x0A, 0x08, 0x06, 0x06, 0x0A, 0x05, 0x0B, 0x0C, 0x0D, 0x0C, 0x0A,
		0x08, 0x0A, 0x0A, 0x0A, 0x08, 0x0A, 0x0B, 0x08, 0x0A, 0x07, 0x08, 0x0A,
		0x10, 0x0E, 0x08, 0x00, 0x08, 0x08, 0x0A, 0x0A, 0x05, 0x0A, 0x0A, 0x0A,
		0x0A, 0x0A, 0x0A, 0x0A, 0x0A, 0x03, 0x04, 0x06, 0x08, 0x06, 0x08, 0x0A,
		0x0A, 0x0A, 0x0A, 0x0A, 0x0A, 0x0A, 0x0A, 0x05, 0x0A, 0x0A, 0x0A, 0x0A,
		0x0A, 0x0A, 0x0A, 0x0A, 0x0A, 0x0A, 0x0A, 0x0A, 0x0A, 0x0A, 0x0A, 0x0A,
		0x09, 0x05, 0x0A, 0x05, 0x08, 0x0A, 0x05, 0x09, 0x09, 0x08, 0x09, 0x09,
		0x07, 0x09, 0x09, 0x03, 0x05, 0x09, 0x03, 0x0A, 0x09, 0x09, 0x09, 0x09,
		0x09, 0x09, 0x07, 0x09, 0x0A, 0x0A, 0x08, 0x09, 0x09, 0x05, 0x03, 0x05,
		0x09, 0x0A, 0x04, 0x08, 0x07, 0x08, 0x06, 0x06, 0x07, 0x0C, 0x0A, 0x06,
		0x0E, 0x04, 0x04, 0x08, 0x08, 0x05, 0x07, 0x0A, 0x09, 0x0B, 0x09, 0x06,
		0x0C, 0x0A, 0x03, 0x08, 0x07, 0x0A, 0x0A, 0x03, 0x07, 0x07, 0x0B, 0x09,
		0x09, 0x0A, 0x08, 0x0B, 0x0A, 0x07, 0x08, 0x06, 0x06, 0x05, 0x0A, 0x03,
		0x05, 0x05, 0x06, 0x09, 0x0A, 0x0A, 0x0A, 0x08, 0x0A, 0x0A, 0x0A, 0x0A,
		0x0A, 0x0A, 0x0A, 0x0A, 0x0A, 0x0A, 0x0A, 0x0A, 0x05, 0x05, 0x05, 0x06,
		0x0B, 0x0A, 0x0A, 0x0A, 0x0A, 0x0A, 0x0A, 0x08, 0x0A, 0x0A, 0x0A, 0x0A,
		0x0A, 0x0A, 0x0A, 0x0A, 0x09, 0x09, 0x09, 0x09, 0x09, 0x08, 0x0E, 0x08,
		0x09, 0x09, 0x09, 0x09, 0x05, 0x05, 0x05, 0x06, 0x09, 0x09, 0x09, 0x09,
		0x09, 0x09, 0x09, 0x0A, 0x09, 0x09, 0x09, 0x09, 0x09, 0x09, 0x09, 0x09,
		0x03, 0x07, 0x0A, 0x0A, 0x0A, 0x09, 0x03, 0x06, 0x06, 0x07, 0x08, 0x04,
		0x08, 0x03, 0x0A, 0x0A, 0x08, 0x0A, 0x08, 0x09, 0x07, 0x05, 0x07, 0x05,
		0x0A, 0x03, 0x0B, 0x06, 0x09, 0x09, 0x0A, 0x0A, 0x0A, 0x09, 0x0A, 0x0A,
		0x0A, 0x0A, 0x0A, 0x0A, 0x0A, 0x0A, 0x0A, 0x0A, 0x0A, 0x0A, 0x0A, 0x0A,
		0x0A, 0x0A, 0x0C, 0x0A, 0x0A, 0x0A, 0x0A, 0x0B, 0x0C, 0x0C, 0x0A, 0x0A,
		0x0B, 0x0A, 0x09, 0x09, 0x09, 0x08, 0x0A, 0x09, 0x0A, 0x08, 0x09, 0x08,
		0x08, 0x09, 0x0A, 0x09, 0x09, 0x09, 0x09, 0x08, 0x08, 0x09, 0x0A, 0x08,
		0x0A, 0x09, 0x0A, 0x0B, 0x0A, 0x0B, 0x09, 0x08, 0x0A, 0x09, 0x09, 0x0A,
		0x09, 0x08, 0x09, 0x09, 0x0D, 0x09, 0x0A, 0x05, 0x03, 0x0A, 0x09, 0x06,
		0x06, 0x0A, 0x05, 0x0D, 0x0C, 0x0E, 0x0E, 0x0A, 0x08, 0x0A, 0x0A, 0x0A,
		0x08, 0x0A, 0x0B, 0x09, 0x0A, 0x07, 0x08, 0x0A, 0x11, 0x0E, 0x09, 0x00,
		0x09, 0x09, 0x0B, 0x0A, 0x05, 0x0B, 0x0B, 0x0B, 0x0B, 0x0B, 0x0B, 0x0B,
		0x0B, 0x03, 0x04, 0x06, 0x09, 0x06, 0x08, 0x0A, 0x0B, 0x0B, 0x0A, 0x0B,
		0x0A, 0x0B, 0x0B, 0x05, 0x0B, 0x0A, 0x0A, 0x0A, 0x0B, 0x0B, 0x0B, 0x0B,
		0x0B, 0x0B, 0x0A, 0x0B, 0x0A, 0x0A, 0x0A, 0x0A, 0x0B, 0x05, 0x0A, 0x05,
		0x09, 0x0A, 0x05, 0x09, 0x09, 0x09, 0x09, 0x09, 0x07, 0x09, 0x09, 0x03,
		0x05, 0x09, 0x03, 0x0A, 0x09, 0x09, 0x09, 0x09, 0x09, 0x09, 0x07, 0x09,
		0x0A, 0x0A, 0x08, 0x09, 0x09, 0x05, 0x03, 0x05, 0x0A, 0x0A, 0x04, 0x08,
		0x07, 0x08, 0x07, 0x07, 0x07, 0x0C, 0x0B, 0x06, 0x0E, 0x05, 0x04, 0x08,
		0x08, 0x05, 0x08, 0x0A, 0x09, 0x0B, 0x09, 0x06, 0x0C, 0x0A, 0x03, 0x09,
		0x07, 0x0A, 0x0A, 0x03, 0x07, 0x07, 0x0B, 0x09, 0x09, 0x0B, 0x09, 0x0B,
		0x0A, 0x07, 0x09, 0x06, 0x06, 0x05, 0x0A, 0x03, 0x05, 0x05, 0x06, 0x09,
		0x0B, 0x0B, 0x0B, 0x08, 0x0B, 0x0B, 0x0B, 0x0B, 0x0B, 0x0A, 0x0B, 0x0A,
		0x0A, 0x0A, 0x0A, 0x0A, 0x05, 0x05, 0x05, 0x07, 0x0C, 0x0B, 0x0B, 0x0B,
		0x0B, 0x0B, 0x0B, 0x07, 0x0B, 0x0B, 0x0B, 0x0B, 0x0B, 0x0A, 0x0B, 0x0B,
		0x09, 0x09, 0x09, 0x09, 0x09, 0x08, 0x0E, 0x09, 0x09, 0x09, 0x09, 0x09,
		0x05, 0x05, 0x05, 0x06, 0x09, 0x09, 0x09, 0x09, 0x09, 0x09, 0x09, 0x0A,
		0x09, 0x09, 0x09, 0x09, 0x09, 0x09, 0x0A, 0x09, 0x03, 0x07, 0x0A, 0x0A,
		0x0A, 0x09, 0x03, 0x06, 0x06, 0x08, 0x09, 0x04, 0x09, 0x03, 0x0A, 0x0A,
		0x09, 0x0A, 0x08, 0x09, 0x07, 0x05, 0x07, 0x05, 0x0A, 0x03, 0x0C, 0x07,
		0x09, 0x09, 0x0B, 0x0B, 0x0B, 0x09, 0x0C, 0x0A, 0x0A, 0x0B, 0x0B, 0x0A,
		0x0A, 0x0B, 0x0A, 0x0B, 0x0B, 0x0B, 0x0B, 0x0A, 0x0A, 0x0B, 0x0C, 0x0A,
		0x0C, 0x0B, 0x0A, 0x0C, 0x0C, 0x0D, 0x0B, 0x0B, 0x0B, 0x0B, 0x09, 0x09,
		0x09, 0x09, 0x0C, 0x09, 0x0A, 0x09, 0x09, 0x08, 0x08, 0x09, 0x0A, 0x09,
		0x09, 0x09, 0x09, 0x09, 0x09, 0x09, 0x0A, 0x08, 0x0A, 0x09, 0x0A, 0x0C,
		0x0B, 0x0B, 0x09, 0x09, 0x0A, 0x09, 0x09, 0x0A, 0x09, 0x09, 0x0A, 0x09,
		0x0E, 0x09, 0x0A, 0x05, 0x03, 0x0B, 0x09, 0x07, 0x07, 0x0B, 0x05, 0x0D,
		0x0C, 0x0E, 0x0E, 0x0A, 0x08, 0x0B, 0x0B, 0x0A, 0x08, 0x0B, 0x0C, 0x09,
		0x0A, 0x08, 0x09, 0x0A, 0x13, 0x10, 0x0A, 0x00, 0x0A, 0x0A, 0x0C, 0x0B,
		0x06, 0x0C, 0x0C, 0x0C, 0x0C, 0x0C, 0x0C, 0x0C, 0x0C, 0x04, 0x05, 0x07,
		0x0A, 0x07, 0x0A, 0x0C, 0x0C, 0x0C, 0x0B, 0x0C, 0x0B, 0x0C, 0x0C, 0x06,
		0x0C, 0x0C, 0x0B, 0x0C, 0x0C, 0x0C, 0x0C, 0x0C, 0x0C, 0x0C, 0x0B, 0x0C,
		0x0C, 0x0C, 0x0C, 0x0C, 0x0C, 0x06, 0x0B, 0x06, 0x0A, 0x0B, 0x06, 0x0A,
		0x0A, 0x0A, 0x0A, 0x0A, 0x08, 0x0A, 0x0A, 0x04, 0x06, 0x0A, 0x04, 0x0C,
		0x0A, 0x0A, 0x0A, 0x0A, 0x0A, 0x0A, 0x08, 0x0A, 0x0C, 0x0C, 0x0A, 0x0A,
		0x0A, 0x06, 0x04, 0x06, 0x0B, 0x0B, 0x05, 0x09, 0x08, 0x0A, 0x08, 0x08,
		0x09, 0x0D, 0x0C, 0x07, 0x10, 0x05, 0x05, 0x09, 0x09, 0x06, 0x09, 0x0B,
		0x0A, 0x0C, 0x0A, 0x07, 0x0E, 0x0C, 0x04, 0x0A, 0x08, 0x0C, 0x0C, 0x04,
		0x08, 0x08, 0x0C, 0x0A, 0x0A, 0x0C, 0x0A, 0x0C, 0x0B, 0x08, 0x0A, 0x07,
		0x07, 0x06, 0x0B, 0x04, 0x06, 0x06, 0x07, 0x0A, 0x0C, 0x0C, 0x0C, 0x0A,
		0x0C, 0x0C, 0x0C, 0x0C, 0x0C, 0x0C, 0x0C, 0x0B, 0x0B, 0x0B, 0x0B, 0x0B,
		0x06, 0x06, 0x06, 0x08, 0x0D, 0x0C, 0x0C, 0x0C, 0x0C, 0x0C, 0x0C, 0x09,
		0x0C, 0x0C, 0x0C, 0x0C, 0x0C, 0x0C, 0x0C, 0x0C, 0x0A, 0x0A, 0x0A, 0x0A,
		0x0A, 0x0A, 0x10, 0x0A, 0x0A, 0x0A, 0x0A, 0x0A, 0x06, 0x06, 0x06, 0x07,
		0x0A, 0x0A, 0x0A, 0x0A, 0x0A, 0x0A, 0x0A, 0x0B, 0x0A, 0x0A, 0x0A, 0x0A,
		0x0A, 0x0A, 0x0B, 0x0A, 0x04, 0x08, 0x0B, 0x0C, 0x0C, 0x0A, 0x04, 0x07,
		0x07, 0x09, 0x0A, 0x05, 0x0A, 0x04, 0x0B, 0x0B, 0x0A, 0x0C, 0x09, 0x0B,
		0x08, 0x06, 0x09, 0x06, 0x0B, 0x04, 0x0D, 0x08, 0x0A, 0x0A, 0x0C, 0x0C,
		0x0C, 0x0A, 0x0D, 0x0B, 0x0C, 0x0C, 0x0C, 0x0C, 0x0C, 0x0C, 0x0C, 0x0C,
		0x0C, 0x0C, 0x0C, 0x0B, 0x0B, 0x0C, 0x0E, 0x0C, 0x0D, 0x0C, 0x0C, 0x0E,
		0x0D, 0x0E, 0x0C, 0x0C, 0x0C, 0x0C, 0x0A, 0x0A, 0x0A, 0x0A, 0x0D, 0x0A,
		0x0C, 0x0A, 0x0A, 0x0A, 0x0A, 0x0A, 0x0C, 0x0A, 0x0A, 0x0A, 0x0A, 0x0A,
		0x0A, 0x0A, 0x0C, 0x0A, 0x0B, 0x0A, 0x0C, 0x0E, 0x0C, 0x0C, 0x0A, 0x0A,
		0x0C, 0x0A, 0x0A, 0x0B, 0x0A, 0x0A, 0x0B, 0x0A, 0x0F, 0x0A, 0x0B, 0x06,
		0x04, 0x0C, 0x0A, 0x08, 0x08, 0x0C, 0x06, 0x0F, 0x0E, 0x10, 0x10, 0x0C,
		0x0A, 0x0C, 0x0C, 0x0C, 0x0A, 0x0C, 0x0D, 0x0A, 0x0C, 0x09, 0x0A, 0x0C,
		0x15, 0x12, 0x0B, 0x00, 0x0B, 0x0B, 0x0C, 0x0D, 0x06, 0x0C, 0x0C, 0x0C,
		0x0C, 0x0C, 0x0C, 0x0C, 0x0C, 0x04, 0x05, 0x07, 0x0B, 0x07, 0x0A, 0x0C,
		0x0C, 0x0C, 0x0D, 0x0C, 0x0D, 0x0C, 0x0C, 0x06, 0x0C, 0x0C, 0x0D, 0x0C,
		0x0C, 0x0C, 0x0C, 0x0C, 0x0C, 0x0C, 0x0D, 0x0C, 0x0C, 0x0C, 0x0C, 0x0C,
		0x0C, 0x06, 0x0D, 0x06, 0x0A, 0x0D, 0x06, 0x0A, 0x0A, 0x0B, 0x0A, 0x0A,
		0x08, 0x0A, 0x0A, 0x04, 0x06, 0x0A, 0x04, 0x0C, 0x0A, 0x0A, 0x0A, 0x0A,
		0x0A, 0x0A, 0x08, 0x0A, 0x0C, 0x0C, 0x0A, 0x0A, 0x0A, 0x06, 0x04, 0x06,
		0x0B, 0x0D, 0x05, 0x09, 0x08, 0x0A, 0x08, 0x08, 0x09, 0x0F, 0x0C, 0x07,
		0x12, 0x05, 0x05, 0x09, 0x09, 0x06, 0x09, 0x0D, 0x0C, 0x0E, 0x0A, 0x07,
		0x0E, 0x0C, 0x04, 0x0B, 0x08, 0x0C, 0x0C, 0x04, 0x08, 0x08, 0x0E, 0x0A,
		0x0C, 0x0C, 0x0B, 0x0E, 0x0D, 0x08, 0x0B, 0x07, 0x07, 0x06, 0x0B, 0x04,
		0x06, 0x06, 0x07, 0x0C, 0x0C, 0x0C, 0x0C, 0x0A, 0x0C, 0x0C, 0x0C, 0x0C,
		0x0C, 0x0C, 0x0E, 0x0D, 0x0D, 0x0D, 0x0D, 0x0D, 0x06, 0x06, 0x06, 0x08,
		0x0E, 0x0C, 0x0C, 0x0C, 0x0C, 0x0C, 0x0C, 0x09, 0x0C, 0x0C, 0x0C, 0x0C,
		0x0C, 0x0C, 0x0C, 0x0C, 0x0A, 0x0A, 0x0A, 0x0A, 0x0A, 0x0A, 0x10, 0x0B,
		0x0A, 0x0A, 0x0A, 0x0A, 0x06, 0x06, 0x06, 0x07, 0x0A, 0x0A, 0x0A, 0x0A,
		0x0A, 0x0A, 0x0A, 0x0D, 0x0A, 0x0A, 0x0A, 0x0A, 0x0A, 0x0A, 0x0B, 0x0A,
		0x04, 0x08, 0x0D, 0x0C, 0x0C, 0x0C, 0x04, 0x07, 0x07, 0x09, 0x0B, 0x05,
		0x0B, 0x04, 0x0D, 0x0D, 0x0A, 0x0C, 0x09, 0x0B, 0x08, 0x06, 0x09, 0x06,
		0x0D, 0x04, 0x0F, 0x08, 0x0A, 0x0A, 0x0C, 0x0C, 0x0C, 0x0C, 0x0D, 0x0D,
		0x0C, 0x0C, 0x0C, 0x0C, 0x0C, 0x0C, 0x0C, 0x0C, 0x0C, 0x0C, 0x0C, 0x0D,
		0x0D, 0x0C, 0x0E, 0x0C, 0x0D, 0x0C, 0x0C, 0x0E, 0x0F, 0x10, 0x0C, 0x0D,
		0x0E, 0x0C, 0x0A, 0x0A, 0x0A, 0x0B, 0x0D, 0x0A, 0x0C, 0x0A, 0x0A, 0x0A,
		0x0A, 0x0A, 0x0C, 0x0A, 0x0A, 0x0A, 0x0A, 0x0B, 0x0B, 0x0A, 0x0C, 0x0A,
		0x0D, 0x0A, 0x0C, 0x0E, 0x0C, 0x0E, 0x0A, 0x0A, 0x0C, 0x0A, 0x0A, 0x0D,
		0x0C, 0x0B, 0x0B, 0x0A, 0x11, 0x0A, 0x0D, 0x06, 0x04, 0x0C, 0x0A, 0x08,
		0x08, 0x0C, 0x06, 0x0F, 0x0E, 0x12, 0x10, 0x0C, 0x0A, 0x0C, 0x0C, 0x0C,
		0x0A, 0x0C, 0x0E, 0x0A, 0x0C, 0x09, 0x0B, 0x0C, 0x18, 0x14, 0x0C, 0x00,
		0x0C, 0x0C, 0x0E, 0x0E, 0x07, 0x0E, 0x0E, 0x0E, 0x0E, 0x0E, 0x0E, 0x0E,
		0x0E, 0x05, 0x06, 0x08, 0x0C, 0x08, 0x0C, 0x0E, 0x0E, 0x0E, 0x0E, 0x0E,
		0x0E, 0x0E, 0x0E, 0x07, 0x0E, 0x0E, 0x0E, 0x0E, 0x0E, 0x0E, 0x0E, 0x0E,
		0x0E, 0x0E, 0x0E, 0x0E, 0x0E, 0x0E, 0x0E, 0x0E, 0x0F, 0x07, 0x0E, 0x07,
		0x0C, 0x0E, 0x07, 0x0B, 0x0B, 0x0C, 0x0B, 0x0B, 0x09, 0x0B, 0x0B, 0x05,
		0x07, 0x0B, 0x05, 0x0E, 0x0B, 0x0B, 0x0B, 0x0B, 0x0B, 0x0B, 0x09, 0x0B,
		0x0E, 0x0E, 0x0C, 0x0B, 0x0B, 0x07, 0x05, 0x07, 0x0D, 0x0E, 0x06, 0x0A,
		0x09, 0x0C, 0x0A, 0x0A, 0x0B, 0x10, 0x0E, 0x08, 0x14, 0x06, 0x06, 0x0A,
		0x0A, 0x07, 0x0B, 0x0E, 0x0D, 0x0F, 0x0B, 0x08, 0x10, 0x0E, 0x05, 0x0C,
		0x09, 0x0E, 0x0E, 0x05, 0x09, 0x09, 0x0F, 0x0B, 0x0D, 0x0E, 0x0C, 0x0F,
		0x0E, 0x09, 0x0C, 0x08, 0x08, 0x07, 0x0C, 0x05, 0x07, 0x07, 0x08, 0x0D,
		0x0E, 0x0E, 0x0E, 0x0C, 0x0E, 0x0E, 0x0E, 0x0E, 0x0E, 0x0E, 0x10, 0x0E,
		0x0E, 0x0E, 0x0E, 0x0E, 0x07, 0x07, 0x07, 0x0A, 0x0F, 0x0E, 0x0E, 0x0E,
		0x0E, 0x0E, 0x0E, 0x0A, 0x0E, 0x0E, 0x0E, 0x0E, 0x0E, 0x0E, 0x0E, 0x0E,
		0x0B, 0x0B, 0x0B, 0x0B, 0x0B, 0x0C, 0x12, 0x0C, 0x0B, 0x0B, 0x0B, 0x0B,
		0x07, 0x07, 0x07, 0x08, 0x0B, 0x0B, 0x0B, 0x0B, 0x0B, 0x0B, 0x0B, 0x0E,
		0x0B, 0x0B, 0x0B, 0x0B, 0x0B, 0x0B, 0x0D, 0x0B, 0x05, 0x09, 0x0E, 0x0E,
		0x0E, 0x0D, 0x05, 0x08, 0x08, 0x0B, 0x0C, 0x06, 0x0C, 0x05, 0x0E, 0x0E,
		0x0C, 0x0E, 0x0A, 0x0D, 0x09, 0x07, 0x0B, 0x07, 0x0E, 0x05, 0x11, 0x0A,
		0x0B, 0x0B, 0x0E, 0x0E, 0x0E, 0x0D, 0x10, 0x0E, 0x0E, 0x0E, 0x0E, 0x0E,
		0x0E, 0x0E, 0x0E, 0x0E, 0x0E, 0x0E, 0x0E, 0x0E, 0x0E, 0x0E, 0x10, 0x0E,
		0x10, 0x0E, 0x0E, 0x11, 0x10, 0x12, 0x0E, 0x0E, 0x0F, 0x0E, 0x0B, 0x0B,
		0x0B, 0x0C, 0x10, 0x0B, 0x0E, 0x0C, 0x0B, 0x0C, 0x0C, 0x0B, 0x0E, 0x0B,
		0x0B, 0x0B, 0x0B, 0x0C, 0x0C, 0x0B, 0x0E, 0x0C, 0x0E, 0x0B, 0x0E, 0x11,
		0x0E, 0x0F, 0x0B, 0x0C, 0x0E, 0x0B, 0x0B, 0x0E, 0x0D, 0x0C, 0x0D, 0x0B,
		0x13, 0x0B, 0x0E, 0x07, 0x05, 0x0E, 0x0B, 0x0A, 0x0A, 0x0E, 0x07, 0x11,
		0x10, 0x14, 0x12, 0x0E, 0x0C, 0x0E, 0x0E, 0x0E, 0x0C, 0x0E, 0x0F, 0x0B,
		0x0E, 0x0B, 0x0C, 0x0E, 0x1B, 0x17, 0x0E, 0x00, 0x0E, 0x0E, 0x10, 0x10,
		0x08, 0x10, 0x10, 0x10, 0x10, 0x10, 0x10, 0x10, 0x10, 0x05, 0x07, 0x09,
		0x0E, 0x09, 0x0D, 0x0F, 0x10, 0x10, 0x10, 0x10, 0x10, 0x10, 0x10, 0x08,
		0x10, 0x0F, 0x10, 0x0F, 0x10, 0x10, 0x10, 0x10, 0x10, 0x10, 0x10, 0x10,
		0x0F, 0x0F, 0x0F, 0x0F, 0x10, 0x08, 0x10, 0x08, 0x0C, 0x10, 0x08, 0x0D,
		0x0D, 0x0E, 0x0D, 0x0D, 0x0A, 0x0D, 0x0D, 0x05, 0x08, 0x0D, 0x05, 0x0F,
		0x0D, 0x0D, 0x0D, 0x0D, 0x0D, 0x0D, 0x0A, 0x0D, 0x0F, 0x0F, 0x0D, 0x0D,
		0x0D, 0x08, 0x05, 0x08, 0x0E, 0x10, 0x07, 0x0C, 0x0B, 0x0D, 0x0B, 0x0B,
		0x0B, 0x12, 0x10, 0x09, 0x17, 0x07, 0x07, 0x0C, 0x0D, 0x08, 0x0C, 0x10,
		0x0F, 0x11, 0x0D, 0x09, 0x13, 0x0F, 0x05, 0x0E, 0x0A, 0x0F, 0x0F, 0x05,
		0x0B, 0x0B, 0x11, 0x0D, 0x0F, 0x10, 0x0E, 0x11, 0x10, 0x0B, 0x0E, 0x09,
		0x09, 0x08, 0x0F, 0x05, 0x08, 0x08, 0x09, 0x0F, 0x10, 0x10, 0x10, 0x0D,
		0x10, 0x10, 0x10, 0x10, 0x10, 0x0F, 0x12, 0x10, 0x10, 0x10, 0x10, 0x10,
		0x08, 0x08, 0x08, 0x0B, 0x12, 0x10, 0x10, 0x10, 0x10, 0x10, 0x10, 0x0C,
		0x10, 0x10, 0x10, 0x10, 0x10, 0x0F, 0x10, 0x10, 0x0D, 0x0D, 0x0D, 0x0D,
		0x0D, 0x0D, 0x15, 0x0E, 0x0D, 0x0D, 0x0D, 0x0D, 0x08, 0x08, 0x08, 0x09,
		0x0D, 0x0D, 0x0D, 0x0D, 0x0D, 0x0D, 0x0D, 0x10, 0x0D, 0x0D, 0x0D, 0x0D,
		0x0D, 0x0D, 0x0F, 0x0D, 0x05, 0x0B, 0x10, 0x0F, 0x0F, 0x0F, 0x05, 0x09,
		0x09, 0x0C, 0x0E, 0x07, 0x0E, 0x05, 0x10, 0x10, 0x0D, 0x0F, 0x0C, 0x0E,
		0x0B, 0x08, 0x0B, 0x08, 0x10, 0x05, 0x13, 0x0B, 0x0D, 0x0D, 0x10, 0x10,
		0x10, 0x0F, 0x12, 0x10, 0x0F, 0x10, 0x10, 0x0F, 0x0F, 0x10, 0x0F, 0x10,
		0x10, 0x10, 0x10, 0x10, 0x10, 0x10, 0x13, 0x0F, 0x12, 0x10, 0x0F, 0x12,
		0x13, 0x14, 0x10, 0x10, 0x11, 0x10, 0x0D, 0x0D, 0x0D, 0x0E, 0x12, 0x0D,
		0x0F, 0x0D, 0x0D, 0x0D, 0x0D, 0x0D, 0x0F, 0x0D, 0x0D, 0x0D, 0x0D, 0x0E,
		0x0E, 0x0D, 0x0F, 0x0D, 0x10, 0x0D, 0x0F, 0x12, 0x10, 0x11, 0x0D, 0x0D,
		0x0F, 0x0D, 0x0D, 0x10, 0x0F, 0x0E, 0x0F, 0x0D, 0x15, 0x0D, 0x10, 0x08,
		0x05, 0x10, 0x0D, 0x0B, 0x0B, 0x10, 0x08, 0x15, 0x13, 0x17, 0x15, 0x0F,
		0x0D, 0x10, 0x10, 0x0F, 0x0D, 0x10, 0x12, 0x0D, 0x0F, 0x0C, 0x0E, 0x0F,
		0x1D, 0x19, 0x0F, 0x00, 0x0F, 0x0F, 0x11, 0x11, 0x08, 0x11, 0x11, 0x11,
		0x11, 0x11, 0x11, 0x11, 0x11, 0x06, 0x07, 0x0A, 0x0F, 0x0A, 0x0D, 0x11,
		0x11, 0x11, 0x11, 0x11, 0x11, 0x11, 0x11, 0x09, 0x11, 0x11, 0x11, 0x11,
		0x11, 0x11, 0x11, 0x11, 0x11, 0x11, 0x11, 0x11, 0x11, 0x11, 0x11, 0x11,
		0x11, 0x09, 0x11, 0x08, 0x0D, 0x11, 0x09, 0x0E, 0x0E, 0x0F, 0x0E, 0x0E,
		0x0B, 0x0E, 0x0E, 0x06, 0x08, 0x0E, 0x06, 0x11, 0x0E, 0x0E, 0x0E, 0x0E,
		0x0E, 0x0E, 0x0B, 0x0E, 0x11, 0x11, 0x0D, 0x0E, 0x0E, 0x09, 0x06, 0x08,
		0x0F, 0x11, 0x07, 0x0C, 0x0B, 0x0D, 0x0C, 0x0C, 0x0B, 0x14, 0x11, 0x0A,
		0x19, 0x07, 0x07, 0x0D, 0x0D, 0x08, 0x0D, 0x11, 0x10, 0x12, 0x0E, 0x0A,
		0x13, 0x11, 0x06, 0x0F, 0x0B, 0x11, 0x11, 0x06, 0x0B, 0x0B, 0x12, 0x0E,
		0x10, 0x11, 0x0F, 0x12, 0x11, 0x0B, 0x0F, 0x0A, 0x0A, 0x09, 0x10, 0x06,
		0x09, 0x09, 0x0A, 0x10, 0x11, 0x11, 0x11, 0x0D, 0x11, 0x11, 0x11, 0x11,
		0x11, 0x11, 0x13, 0x11, 0x11, 0x11, 0x11, 0x11, 0x09, 0x09, 0x09, 0x0C,
		0x13, 0x11, 0x11, 0x11, 0x11, 0x11, 0x11, 0x0C, 0x11, 0x11, 0x11, 0x11,
		0x11, 0x11, 0x11, 0x10, 0x0E, 0x0E, 0x0E, 0x0E, 0x0E, 0x0D, 0x17, 0x0F,
		0x0E, 0x0E, 0x0E, 0x0E, 0x09, 0x09, 0x09, 0x0A, 0x0E, 0x0E, 0x0E, 0x0E,
		0x0E, 0x0E, 0x0E, 0x11, 0x0E, 0x0E, 0x0E, 0x0E, 0x0E, 0x0E, 0x10, 0x0E,
		0x06, 0x0B, 0x11, 0x11, 0x11, 0x10, 0x06, 0x0A, 0x0A, 0x0C, 0x0F, 0x07,
		0x0F, 0x06, 0x11, 0x11, 0x0E, 0x11, 0x0D, 0x10, 0x0B, 0x08, 0x0B, 0x09,
		0x11, 0x06, 0x14, 0x0C, 0x0E, 0x0E, 0x11, 0x11, 0x11, 0x10, 0x13, 0x11,
		0x11, 0x11, 0x11, 0x11, 0x11, 0x11, 0x11, 0x11, 0x11, 0x11, 0x11, 0x11,
		0x11, 0x11, 0x13, 0x11, 0x13, 0x11, 0x11, 0x14, 0x14, 0x15, 0x11, 0x11,
		0x12, 0x11, 0x0E, 0x0E, 0x0E, 0x0F, 0x13, 0x0E, 0x11, 0x0E, 0x0E, 0x0D,
		0x0D, 0x0E, 0x11, 0x0E, 0x0E, 0x0E, 0x0E, 0x0F, 0x0F, 0x0E, 0x11, 0x0D,
		0x11, 0x0E, 0x11, 0x14, 0x11, 0x12, 0x0E, 0x0E, 0x11, 0x0E, 0x0E, 0x11,
		0x10, 0x0F, 0x10, 0x0E, 0x17, 0x0E, 0x11, 0x09, 0x06, 0x11, 0x0E, 0x0C,
		0x0C, 0x11, 0x08, 0x15, 0x13, 0x19, 0x17, 0x11, 0x0D, 0x11, 0x11, 0x11,
		0x0D, 0x11, 0x13, 0x0E, 0x11, 0x0D, 0x0F, 0x11, 0x20, 0x1B, 0x10, 0x00,
		0x10, 0x10, 0x13, 0x13, 0x0A, 0x13, 0x13, 0x13, 0x13, 0x13, 0x13, 0x13,
		0x13, 0x06, 0x08, 0x0B, 0x10, 0x0B, 0x11, 0x13, 0x13, 0x13, 0x13, 0x13,
		0x13, 0x13, 0x13, 0x0A, 0x13, 0x13, 0x13, 0x13, 0x13, 0x13, 0x13, 0x13,
		0x13, 0x13, 0x13, 0x13, 0x13, 0x13, 0x13, 0x13, 0x14, 0x0A, 0x13, 0x0A,
		0x11, 0x13, 0x0A, 0x10, 0x10, 0x10, 0x10, 0x10, 0x0D, 0x10, 0x10, 0x06,
		0x0A, 0x10, 0x06, 0x13, 0x10, 0x10, 0x10, 0x10, 0x10, 0x10, 0x0D, 0x10,
		0x13, 0x13, 0x11, 0x10, 0x10, 0x0A, 0x06, 0x0A, 0x12, 0x13, 0x08, 0x0F,
		0x0D, 0x11, 0x0D, 0x0D, 0x10, 0x17, 0x13, 0x0B, 0x1B, 0x08, 0x08, 0x0F,
		0x0E, 0x0A, 0x0E, 0x13, 0x12, 0x15, 0x10, 0x0B, 0x17, 0x13, 0x06, 0x10,
		0x0D, 0x13, 0x13, 0x06, 0x0D, 0x0D, 0x15, 0x10, 0x12, 0x13, 0x10, 0x15,
		0x13, 0x0D, 0x10, 0x0B, 0x0B, 0x0A, 0x11, 0x06, 0x0A, 0x0A, 0x0B, 0x12,
		0x13, 0x13, 0x13, 0x11, 0x13, 0x13, 0x13, 0x13, 0x13, 0x13, 0x15, 0x13,
		0x13, 0x13, 0x13, 0x14, 0x0A, 0x0A, 0x0A, 0x0D, 0x15, 0x13, 0x13, 0x13,
		0x13, 0x13, 0x13, 0x0F, 0x13, 0x13, 0x13, 0x13, 0x13, 0x13, 0x13, 0x14,
		0x10, 0x10, 0x10, 0x10, 0x10, 0x11, 0x1B, 0x10, 0x10, 0x10, 0x10, 0x10,
		0x0A, 0x0A, 0x0A, 0x0B, 0x10, 0x10, 0x10, 0x10, 0x10, 0x10, 0x10, 0x13,
		0x10, 0x10, 0x10, 0x10, 0x10, 0x10, 0x12, 0x10, 0x06, 0x0D, 0x13, 0x13,
		0x13, 0x12, 0x06, 0x0B, 0x0B, 0x0F, 0x10, 0x08, 0x10, 0x06, 0x13, 0x13,
		0x11, 0x13, 0x0F, 0x12, 0x0D, 0x0A, 0x10, 0x0A, 0x13, 0x06, 0x16, 0x0D,
		0x10, 0x10, 0x13, 0x13, 0x13, 0x12, 0x15, 0x13, 0x13, 0x13, 0x13, 0x13,
		0x13, 0x13, 0x13, 0x13, 0x13, 0x13, 0x13, 0x13, 0x13, 0x13, 0x17, 0x13,
		0x15, 0x13, 0x13, 0x16, 0x17, 0x18, 0x13, 0x14, 0x15, 0x13, 0x10, 0x10,
		0x10, 0x10, 0x15, 0x10, 0x13, 0x10, 0x10, 0x11, 0x11, 0x10, 0x13, 0x10,
		0x10, 0x10, 0x10, 0x10, 0x10, 0x10, 0x13, 0x11, 0x13, 0x10, 0x13, 0x16,
		0x13, 0x15, 0x10, 0x10, 0x13, 0x10, 0x10, 0x13, 0x12, 0x10, 0x12, 0x10,
		0x1A, 0x10, 0x13, 0x0A, 0x06, 0x13, 0x10, 0x0D, 0x0D, 0x13, 0x0A, 0x18,
		0x17, 0x1B, 0x1B, 0x13, 0x11, 0x13, 0x13, 0x13, 0x11, 0x13, 0x15, 0x10,
		0x13, 0x0E, 0x10, 0x13, 0x21, 0x1C, 0x11, 0x00, 0x11, 0x11, 0x14, 0x14,
		0x0A, 0x14, 0x14, 0x14, 0x14, 0x14, 0x14, 0x14, 0x14, 0x07, 0x08, 0x0C,
		0x11, 0x0C, 0x11, 0x15, 0x14, 0x14, 0x14, 0x14, 0x14, 0x14, 0x14, 0x0A,
		0x14, 0x15, 0x14, 0x15, 0x14, 0x14, 0x14, 0x14, 0x14, 0x14, 0x14, 0x14,
		0x15, 0x15, 0x15, 0x15, 0x14, 0x0A, 0x14, 0x0A, 0x12, 0x14, 0x0A, 0x11,
		0x11, 0x11, 0x11, 0x11, 0x0E, 0x11, 0x11, 0x07, 0x0A, 0x11, 0x07, 0x15,
		0x11, 0x11, 0x11, 0x11, 0x11, 0x11, 0x0E, 0x11, 0x15, 0x15, 0x11, 0x11,
		0x11, 0x0A, 0x07, 0x0A, 0x13, 0x14, 0x08, 0x0F, 0x0D, 0x11, 0x0D, 0x0D,
		0x10, 0x18, 0x14, 0x0C, 0x1C, 0x08, 0x08, 0x0F, 0x0E, 0x0A, 0x0F, 0x14,
		0x12, 0x16, 0x11, 0x0C, 0x17, 0x15, 0x07, 0x11, 0x0E, 0x15, 0x15, 0x07,
		0x0D, 0x0D, 0x16, 0x11, 0x12, 0x14, 0x11, 0x16, 0x14, 0x0D, 0x11, 0x0C,
		0x0C, 0x0A, 0x12, 0x07, 0x0A, 0x0A, 0x0C, 0x12, 0x14, 0x14, 0x14, 0x11,
		0x14, 0x14, 0x14, 0x14, 0x14, 0x15, 0x15, 0x14, 0x14, 0x14, 0x14, 0x14,
		0x0A, 0x0A, 0x0A, 0x0D, 0x16, 0x14, 0x14, 0x14, 0x14, 0x14, 0x14, 0x0F,
		0x14, 0x14, 0x14, 0x14, 0x14, 0x15, 0x14, 0x14, 0x11, 0x11, 0x11, 0x11,
		0x11, 0x11, 0x1B, 0x11, 0x11, 0x11, 0x11, 0x11, 0x0A, 0x0A, 0x0A, 0x0C,
		0x11, 0x11, 0x11, 0x11, 0x11, 0x11, 0x11, 0x14, 0x11, 0x11, 0x11, 0x11,
		0x11, 0x11, 0x12, 0x11, 0x07, 0x0D, 0x14, 0x15, 0x15, 0x12, 0x07, 0x0C,
		0x0C, 0x0F, 0x11, 0x08, 0x11, 0x07, 0x14, 0x14, 0x11, 0x15, 0x0F, 0x13,
		0x0D, 0x0A, 0x10, 0x0A, 0x14, 0x07, 0x17, 0x0D, 0x11, 0x11, 0x14, 0x14,
		0x14, 0x12, 0x15, 0x14, 0x15, 0x14, 0x14, 0x15, 0x15, 0x14, 0x15, 0x14,
		0x14, 0x14, 0x14, 0x14, 0x14, 0x14, 0x17, 0x15, 0x15, 0x14, 0x15, 0x18,
		0x17, 0x19, 0x14, 0x14, 0x16, 0x14, 0x11, 0x11, 0x11, 0x11, 0x15, 0x11,
		0x15, 0x11, 0x11, 0x11, 0x11, 0x11, 0x15, 0x11, 0x11, 0x11, 0x11, 0x11,
		0x11, 0x11, 0x15, 0x11, 0x14, 0x11, 0x15, 0x18, 0x14, 0x16, 0x11, 0x11,
		0x15, 0x11, 0x11, 0x14, 0x12, 0x11, 0x12, 0x11, 0x1B, 0x11, 0x14, 0x0A,
		0x07, 0x14, 0x11, 0x0D, 0x0D, 0x14, 0x0A, 0x18, 0x17, 0x1C, 0x1B, 0x15,
		0x11, 0x14, 0x14, 0x15, 0x11, 0x14, 0x16, 0x11, 0x15, 0x0F, 0x11, 0x15,
		0x25, 0x1F, 0x13, 0x00, 0x13, 0x13, 0x17, 0x16, 0x0B, 0x17, 0x17, 0x17,
		0x17, 0x17, 0x17, 0x17, 0x17, 0x07, 0x09, 0x0D, 0x13, 0x0D, 0x14, 0x16,
		0x17, 0x17, 0x16, 0x17, 0x16, 0x17, 0x17, 0x0B, 0x17, 0x16, 0x16, 0x16,
		0x17, 0x17, 0x17, 0x17, 0x17, 0x17, 0x16, 0x17, 0x16, 0x16, 0x16, 0x16,
		0x17, 0x0B, 0x16, 0x0B, 0x13, 0x16, 0x0B, 0x13, 0x13, 0x13, 0x13, 0x13,
		0x0F, 0x13, 0x13, 0x07, 0x0B, 0x13, 0x07, 0x16, 0x13, 0x13, 0x13, 0x13,
		0x13, 0x13, 0x0F, 0x13, 0x16, 0x16, 0x14, 0x13, 0x13, 0x0B, 0x07, 0x0B,
		0x15, 0x16, 0x09, 0x11, 0x0F, 0x14, 0x0F, 0x0F, 0x12, 0x1A, 0x17, 0x0D,
		0x1F, 0x0A, 0x09, 0x11, 0x11, 0x0B, 0x11, 0x16, 0x14, 0x18, 0x13, 0x0D,
		0x1A, 0x16, 0x07, 0x13, 0x0F, 0x16, 0x16, 0x07, 0x0F, 0x0F, 0x18, 0x13,
		0x14, 0x17, 0x13, 0x18, 0x16, 0x0F, 0x13, 0x0D, 0x0D, 0x0B, 0x15, 0x07,
		0x0B, 0x0B, 0x0D, 0x14, 0x17, 0x17, 0x17, 0x14, 0x17, 0x17, 0x17, 0x17,
		0x17, 0x16, 0x18, 0x16, 0x16, 0x16, 0x16, 0x16, 0x0B, 0x0B, 0x0B, 0x0F,
		0x19, 0x17, 0x17, 0x17, 0x17, 0x17, 0x17, 0x12, 0x17, 0x17, 0x17, 0x17,
		0x17, 0x16, 0x17, 0x17, 0x13, 0x13, 0x13, 0x13, 0x13, 0x14, 0x1E, 0x13,
		0x13, 0x13, 0x13, 0x13, 0x0B, 0x0B, 0x0B, 0x0D, 0x13, 0x13, 0x13, 0x13,
		0x13, 0x13, 0x13, 0x16, 0x13, 0x13, 0x13, 0x13, 0x13, 0x13, 0x15, 0x13,
		0x07, 0x0F, 0x16, 0x16, 0x16, 0x14, 0x07, 0x0D, 0x0D, 0x11, 0x13, 0x09,
		0x13, 0x07, 0x16, 0x16, 0x13, 0x16, 0x11, 0x14, 0x0F, 0x0B, 0x12, 0x0B,
		0x16, 0x07, 0x1A, 0x0F, 0x13, 0x13, 0x17, 0x17, 0x17, 0x14, 0x19, 0x16,
		0x16, 0x17, 0x17, 0x16, 0x16, 0x17, 0x16, 0x17, 0x17, 0x17, 0x17, 0x16,
		0x16, 0x17, 0x1A, 0x16, 0x19, 0x17, 0x16, 0x1A, 0x1A, 0x1C, 0x17, 0x17,
		0x18, 0x17, 0x13, 0x13, 0x13, 0x13, 0x19, 0x13, 0x16, 0x13, 0x13, 0x14,
		0x14, 0x13, 0x16, 0x13, 0x13, 0x13, 0x13, 0x13, 0x13, 0x13, 0x16, 0x14,
		0x16, 0x13, 0x16, 0x1A, 0x17, 0x18, 0x13, 0x13, 0x16, 0x13, 0x13, 0x16,
		0x14, 0x13, 0x15, 0x13, 0x1E, 0x13, 0x16, 0x0B, 0x07, 0x17, 0x13, 0x0F,
		0x0F, 0x17, 0x0B, 0x1C, 0x1A, 0x1F, 0x1E, 0x16, 0x14, 0x17, 0x17, 0x16,
		0x14, 0x17, 0x19, 0x13, 0x16, 0x11, 0x13, 0x16, 0x2A, 0x24, 0x15, 0x00,
		0x15, 0x15, 0x19, 0x19, 0x0C, 0x19, 0x19, 0x19, 0x19, 0x19, 0x19, 0x19,
		0x19, 0x08, 0x0B, 0x0F, 0x15, 0x0F, 0x14, 0x18, 0x19, 0x19, 0x19, 0x19,
		0x19, 0x19, 0x19, 0x0D, 0x19, 0x18, 0x19, 0x18, 0x19, 0x19, 0x19, 0x19,
		0x19, 0x19, 0x19, 0x19, 0x18, 0x18, 0x18, 0x18, 0x19, 0x0D, 0x19, 0x0C,
		0x14, 0x19, 0x0D, 0x15, 0x15, 0x15, 0x15, 0x15, 0x11, 0x15, 0x15, 0x08,
		0x0C, 0x15, 0x08, 0x18, 0x15, 0x15, 0x15, 0x15, 0x15, 0x15, 0x11, 0x15,
		0x18, 0x18, 0x14, 0x15, 0x15, 0x0D, 0x08, 0x0C, 0x17, 0x19, 0x0B, 0x13,
		0x11, 0x14, 0x11, 0x11, 0x12, 0x1D, 0x19, 0x0F, 0x24, 0x0A, 0x0B, 0x13,
		0x13, 0x0C, 0x13, 0x19, 0x17, 0x1B, 0x15, 0x0F, 0x1E, 0x18, 0x08, 0x15,
		0x11, 0x18, 0x18, 0x08, 0x11, 0x11, 0x1B, 0x15, 0x17, 0x19, 0x15, 0x1B,
		0x19, 0x11, 0x15, 0x0E, 0x0E, 0x0D, 0x17, 0x08, 0x0D, 0x0D, 0x0E, 0x17,
		0x19, 0x19, 0x19, 0x14, 0x19, 0x19, 0x19, 0x19, 0x19, 0x18, 0x1B, 0x19,
		0x19, 0x19, 0x19, 0x19, 0x0D, 0x0D, 0x0D, 0x11, 0x1B, 0x19, 0x19, 0x19,
		0x19, 0x19, 0x19, 0x12, 0x19, 0x19, 0x19, 0x19, 0x19, 0x18, 0x19, 0x19,
		0x15, 0x15, 0x15, 0x15, 0x15, 0x14, 0x22, 0x15, 0x15, 0x15, 0x15, 0x15,
		0x0D, 0x0D, 0x0D, 0x0F, 0x15, 0x15, 0x15, 0x15, 0x15, 0x15, 0x15, 0x19,
		0x15, 0x15, 0x15, 0x15, 0x15, 0x15, 0x17, 0x15, 0x08, 0x11, 0x19, 0x18,
		0x19, 0x17, 0x08, 0x0F, 0x0E, 0x13, 0x15, 0x0B, 0x15, 0x08, 0x19, 0x19,
		0x15, 0x19, 0x13, 0x17, 0x11, 0x0C, 0x12, 0x0D, 0x19, 0x08, 0x1D, 0x11,
		0x15, 0x15, 0x19, 0x19, 0x19, 0x17, 0x1B, 0x19, 0x18, 0x19, 0x19, 0x18,
		0x18, 0x19, 0x18, 0x19, 0x19, 0x19, 0x19, 0x19, 0x19, 0x19, 0x1E, 0x18,
		0x1B, 0x19, 0x18, 0x1C, 0x1D, 0x1F, 0x19, 0x19, 0x1B, 0x19, 0x15, 0x15,
		0x15, 0x15, 0x1B, 0x15, 0x18, 0x15, 0x15, 0x14, 0x14, 0x15, 0x18, 0x15,
		0x15, 0x15, 0x15, 0x15, 0x15, 0x15, 0x18, 0x14, 0x19, 0x15, 0x18, 0x1C,
		0x19, 0x1B, 0x15, 0x15, 0x18, 0x15, 0x15, 0x19, 0x17, 0x15, 0x17, 0x15,
		0x21, 0x15, 0x19, 0x0D, 0x08, 0x19, 0x15, 0x11, 0x11, 0x19, 0x0C, 0x20,
		0x1E, 0x24, 0x22, 0x18, 0x14, 0x19, 0x19, 0x18, 0x14, 0x19, 0x1B, 0x15,
		0x18, 0x13, 0x15, 0x18, 0x2E, 0x27, 0x17, 0x00, 0x17, 0x17, 0x1C, 0x1C,
		0x0E, 0x1C, 0x1C, 0x1C, 0x1C, 0x1C, 0x1C, 0x1C, 0x1C, 0x09, 0x0C, 0x10,
		0x17, 0x10, 0x17, 0x1B, 0x1C, 0x1C, 0x1C, 0x1C, 0x1C, 0x1C, 0x1C, 0x0E,
		0x1C, 0x1B, 0x1C, 0x1B, 0x1C, 0x1C, 0x1C, 0x1C, 0x1C, 0x1C, 0x1C, 0x1C,
		0x1B, 0x1B, 0x1B, 0x1B, 0x1B, 0x0E, 0x1C, 0x0E, 0x16, 0x1C, 0x0E, 0x17,
		0x17, 0x17, 0x17, 0x17, 0x12, 0x17, 0x17, 0x09, 0x0E, 0x17, 0x09, 0x1B,
		0x17, 0x17, 0x17, 0x17, 0x17, 0x17, 0x12, 0x17, 0x1B, 0x1B, 0x17, 0x17,
		0x17, 0x0E, 0x09, 0x0E, 0x19, 0x1C, 0x0C, 0x14, 0x13, 0x17, 0x12, 0x12,
		0x14, 0x20, 0x1C, 0x10, 0x27, 0x0B, 0x0C, 0x15, 0x16, 0x0D, 0x15, 0x1C,
		0x19, 0x1D, 0x17, 0x10, 0x21, 0x1B, 0x09, 0x17, 0x12, 0x1B, 0x1B, 0x09,
		0x13, 0x13, 0x1E, 0x17, 0x19, 0x1C, 0x17, 0x1E, 0x1C, 0x13, 0x17, 0x10,
		0x10, 0x0E, 0x1A, 0x09, 0x0E, 0x0E, 0x10, 0x19, 0x1C, 0x1C, 0x1C, 0x17,
		0x1C, 0x1C, 0x1C, 0x1C, 0x1C, 0x1B, 0x1E, 0x1C, 0x1C, 0x1C, 0x1C, 0x1B,
		0x0E, 0x0E, 0x0E, 0x12, 0x1E, 0x1C, 0x1C, 0x1C, 0x1C, 0x1C, 0x1C, 0x15,
		0x1C, 0x1C, 0x1C, 0x1C, 0x1C, 0x1B, 0x1C, 0x1C, 0x17, 0x17, 0x17, 0x17,
		0x17, 0x17, 0x25, 0x17, 0x17, 0x17, 0x17, 0x17, 0x0E, 0x0E, 0x0E, 0x10,
		0x17, 0x17, 0x17, 0x17, 0x17, 0x17, 0x17, 0x1C, 0x17, 0x17, 0x17, 0x17,
		0x17, 0x17, 0x19, 0x17, 0x09, 0x13, 0x1C, 0x1B, 0x1B, 0x19, 0x09, 0x10,
		0x10, 0x14, 0x17, 0x0C, 0x17, 0x09, 0x1C, 0x1C, 0x17, 0x1B, 0x15, 0x19,
		0x13, 0x0D, 0x14, 0x0E, 0x1C, 0x09, 0x20, 0x12, 0x17, 0x17, 0x1C, 0x1C,
		0x1C, 0x19, 0x1E, 0x1C, 0x1B, 0x1C, 0x1C, 0x1B, 0x1B, 0x1C, 0x1B, 0x1C,
		0x1C, 0x1C, 0x1C, 0x1C, 0x1C, 0x1C, 0x21, 0x1B, 0x1E, 0x1C, 0x1B, 0x20,
		0x20, 0x22, 0x1C, 0x1C, 0x1E, 0x1C, 0x17, 0x17, 0x17, 0x17, 0x1E, 0x17,
		0x1B, 0x17, 0x17, 0x17, 0x17, 0x17, 0x1B, 0x17, 0x17, 0x17, 0x17, 0x17,
		0x17, 0x17, 0x1B, 0x17, 0x1C, 0x17, 0x1B, 0x20, 0x1C, 0x1E, 0x17, 0x17,
		0x1B, 0x17, 0x17, 0x1C, 0x19, 0x17, 0x19, 0x17, 0x24, 0x17, 0x1C, 0x0E,
		0x09, 0x1C, 0x17, 0x12, 0x12, 0x1C, 0x0E, 0x24, 0x21, 0x27, 0x25, 0x1B,
		0x17, 0x1C, 0x1C, 0x1B, 0x17, 0x1C, 0x1E, 0x17, 0x1B, 0x15, 0x17, 0x1B,
		0x32, 0x2B, 0x19, 0x00, 0x19, 0x19, 0x1F, 0x1E, 0x10, 0x1F, 0x1F, 0x1F,
		0x1F, 0x1E, 0x1F, 0x1F, 0x1F, 0x0A, 0x0D, 0x12, 0x19, 0x12, 0x1B, 0x1F,
		0x1F, 0x1F, 0x1E, 0x1F, 0x1E, 0x1F, 0x1F, 0x0F, 0x1F, 0x1F, 0x1E, 0x1F,
		0x1F, 0x1F, 0x1F, 0x1F, 0x1F, 0x1F, 0x1E, 0x1F, 0x1F, 0x1F, 0x1F, 0x1F,
		0x1F, 0x0F, 0x1E, 0x10, 0x1B, 0x1E, 0x0F, 0x1A, 0x1A, 0x19, 0x1A, 0x1A,
		0x15, 0x1A, 0x1A, 0x0A, 0x10, 0x1A, 0x0A, 0x1F, 0x1A, 0x1A, 0x1A, 0x1A,
		0x1A, 0x1A, 0x15, 0x1A, 0x1F, 0x1F, 0x1B, 0x1A, 0x1A, 0x0F, 0x0A, 0x10,
		0x1B, 0x1E, 0x0D, 0x17, 0x15, 0x1B, 0x14, 0x14, 0x19, 0x24, 0x1F, 0x12,
		0x2B, 0x0D, 0x0D, 0x17, 0x17, 0x10, 0x17, 0x1E, 0x1C, 0x21, 0x1A, 0x12,
		0x25, 0x1F, 0x0A, 0x19, 0x15, 0x1F, 0x1F, 0x0A, 0x15, 0x15, 0x21, 0x1A,
		0x1C, 0x1F, 0x19, 0x21, 0x1E, 0x15, 0x19, 0x12, 0x12, 0x0F, 0x1C, 0x0A,
		0x0F, 0x0F, 0x12, 0x1C, 0x1F, 0x1F, 0x1F, 0x1B, 0x1F, 0x1F, 0x1F, 0x1F,
		0x1F, 0x1F, 0x21, 0x1E, 0x1E, 0x1E, 0x1E, 0x1F, 0x0F, 0x0F, 0x0F, 0x14,
		0x21, 0x1F, 0x1F, 0x1F, 0x1F, 0x1F, 0x1F, 0x18, 0x1F, 0x1F, 0x1F, 0x1F,
		0x1F, 0x1F, 0x1F, 0x20, 0x1A, 0x1A, 0x1A, 0x1A, 0x1A, 0x1B, 0x29, 0x19,
		0x1A, 0x1A, 0x1A, 0x1A, 0x0F, 0x0F, 0x0F, 0x12, 0x1A, 0x1A, 0x1A, 0x1A,
		0x1A, 0x1A, 0x1A, 0x1E, 0x1A, 0x1A, 0x1A, 0x1A, 0x1A, 0x1A, 0x1C, 0x1A,
		0x0A, 0x15, 0x1E, 0x1F, 0x1F, 0x1C, 0x0A, 0x12, 0x12, 0x17, 0x19, 0x0D,
		0x19, 0x0A, 0x1E, 0x1E, 0x1A, 0x1F, 0x17, 0x1C, 0x15, 0x10, 0x19, 0x0F,
		0x1E, 0x0A, 0x23, 0x14, 0x1A, 0x1A, 0x1F, 0x1F, 0x1F, 0x1C, 0x21, 0x1E,
		0x1F, 0x1F, 0x1F, 0x1F, 0x1F, 0x1F, 0x1F, 0x1F, 0x1F, 0x1F, 0x1F, 0x1E,
		0x1E, 0x1F, 0x25, 0x1F, 0x21, 0x1F, 0x1F, 0x24, 0x24, 0x26, 0x1F, 0x1E,
		0x21, 0x1F, 0x1A, 0x1A, 0x1A, 0x19, 0x21, 0x1A, 0x1F, 0x1A, 0x1A, 0x1B,
		0x1B, 0x1A, 0x1F, 0x1A, 0x1A, 0x1A, 0x1A, 0x19, 0x19, 0x1A, 0x1F, 0x1B,
		0x1E, 0x1A, 0x1F, 0x24, 0x1F, 0x21, 0x1A, 0x1A, 0x1E, 0x1A, 0x1A, 0x1E,
		0x1C, 0x19, 0x1C, 0x1A, 0x29, 0x1A, 0x1E, 0x0F, 0x0A, 0x1F, 0x1A, 0x14,
		0x14, 0x1F, 0x10, 0x27, 0x25, 0x2B, 0x29, 0x1F, 0x1B, 0x1F, 0x1F, 0x1F,
		0x1B, 0x1F, 0x21, 0x1A, 0x1F, 0x17, 0x19, 0x1F, 0x36, 0x2E, 0x1B, 0x00,
		0x1B, 0x1B, 0x20, 0x20, 0x10, 0x20, 0x20, 0x20, 0x20, 0x21, 0x20, 0x20,
		0x20, 0x0B, 0x0E, 0x13, 0x1B, 0x13, 0x1B, 0x21, 0x20, 0x20, 0x20, 0x20,
		0x20, 0x20, 0x20, 0x10, 0x20, 0x21, 0x20, 0x21, 0x20, 0x20, 0x20, 0x20,
		0x20, 0x20, 0x20, 0x20, 0x21, 0x21, 0x21, 0x21, 0x21, 0x10, 0x20, 0x10,
		0x1C, 0x20, 0x10, 0x1B, 0x1B, 0x1B, 0x1B, 0x1B, 0x16, 0x1B, 0x1B, 0x0B,
		0x10, 0x1B, 0x0B, 0x21, 0x1B, 0x1B, 0x1B, 0x1B, 0x1B, 0x1B, 0x16, 0x1B,
		0x21, 0x21, 0x1B, 0x1B, 0x1B, 0x10, 0x0B, 0x10, 0x1E, 0x20, 0x0E, 0x19,
		0x16, 0x1B, 0x16, 0x16, 0x19, 0x26, 0x20, 0x13, 0x2E, 0x0E, 0x0E, 0x18,
		0x18, 0x11, 0x18, 0x20, 0x1E, 0x24, 0x1B, 0x13, 0x27, 0x21, 0x0B, 0x1B,
		0x16, 0x21, 0x21, 0x0B, 0x16, 0x16, 0x23, 0x1B, 0x1E, 0x20, 0x1B, 0x23,
		0x20, 0x16, 0x1B, 0x13, 0x13, 0x10, 0x1D, 0x0B, 0x10, 0x10, 0x13, 0x1E,
		0x20, 0x20, 0x20, 0x1B, 0x20, 0x20, 0x20, 0x20, 0x20, 0x21, 0x23, 0x20,
		0x20, 0x20, 0x20, 0x21, 0x10, 0x10, 0x10, 0x16, 0x23, 0x20, 0x20, 0x20,
		0x20, 0x20, 0x20, 0x18, 0x20, 0x20, 0x20, 0x20, 0x20, 0x21, 0x20, 0x21,
		0x1B, 0x1B, 0x1B, 0x1B, 0x1B, 0x1B, 0x2B, 0x1B, 0x1B, 0x1B, 0x1B, 0x1B,
		0x10, 0x10, 0x10, 0x13, 0x1B, 0x1B, 0x1B, 0x1B, 0x1B, 0x1B, 0x1B, 0x20,
		0x1B, 0x1B, 0x1B, 0x1B, 0x1B, 0x1B, 0x1E, 0x1B, 0x0B, 0x16, 0x20, 0x21,
		0x21, 0x1E, 0x0B, 0x13, 0x13, 0x19, 0x1B, 0x0E, 0x1B, 0x0B, 0x20, 0x20,
		0x1B, 0x21, 0x18, 0x1E, 0x16, 0x11, 0x19, 0x10, 0x20, 0x0B, 0x26, 0x16,
		0x1B, 0x1B, 0x20, 0x20, 0x20, 0x1E, 0x23, 0x20, 0x21, 0x20, 0x20, 0x21,
		0x21, 0x20, 0x21, 0x20, 0x20, 0x20, 0x20, 0x20, 0x20, 0x20, 0x27, 0x21,
		0x23, 0x20, 0x21, 0x26, 0x26, 0x29, 0x20, 0x21, 0x23, 0x20, 0x1B, 0x1B,
		0x1B, 0x1B, 0x23, 0x1B, 0x21, 0x1B, 0x1B, 0x1B, 0x1B, 0x1B, 0x21, 0x1B,
		0x1B, 0x1B, 0x1B, 0x1B, 0x1B, 0x1B, 0x21, 0x1B, 0x20, 0x1B, 0x21, 0x26,
		0x20, 0x23, 0x1B, 0x1B, 0x21, 0x1B, 0x1B, 0x20, 0x1E, 0x1B, 0x1E, 0x1B,
		0x2C, 0x1B, 0x20, 0x10, 0x0B, 0x20, 0x1B, 0x16, 0x16, 0x20, 0x10, 0x29,
		0x27, 0x2E, 0x2B, 0x21, 0x1B, 0x20, 0x20, 0x21, 0x1B, 0x20, 0x23, 0x1B,
		0x21, 0x18, 0x1B, 0x21, 0x3A, 0x31, 0x1D, 0x00, 0x1D, 0x1D, 0x23, 0x23,
		0x12, 0x23, 0x23, 0x23, 0x23, 0x23, 0x23, 0x23, 0x23, 0x0C, 0x0F, 0x14,
		0x1D, 0x14, 0x1E, 0x24, 0x23, 0x23, 0x23, 0x23, 0x23, 0x23, 0x23, 0x11,
		0x23, 0x24, 0x23, 0x24, 0x23, 0x23, 0x23, 0x23, 0x23, 0x23, 0x23, 0x23,
		0x24, 0x24, 0x24, 0x24, 0x23, 0x11, 0x23, 0x12, 0x1E, 0x23, 0x11, 0x1D,
		0x1D, 0x1D, 0x1D, 0x1D, 0x17, 0x1D, 0x1D, 0x0C, 0x12, 0x1D, 0x0C, 0x24,
		0x1D, 0x1D, 0x1D, 0x1D, 0x1D, 0x1D, 0x17, 0x1D, 0x24, 0x24, 0x1E, 0x1D,
		0x1D, 0x11, 0x0C, 0x12, 0x20, 0x23, 0x0F, 0x1A, 0x18, 0x1E, 0x17, 0x17,
		0x1B, 0x29, 0x23, 0x14, 0x31, 0x0F, 0x0F, 0x1A, 0x1B, 0x12, 0x1A, 0x23,
		0x20, 0x26, 0x1D, 0x14, 0x2A, 0x24, 0x0C, 0x1D, 0x17, 0x24, 0x24, 0x0C,
		0x18, 0x18, 0x26, 0x1D, 0x20, 0x23, 0x1D, 0x26, 0x23, 0x18, 0x1D, 0x15,
		0x15, 0x11, 0x20, 0x0C, 0x11, 0x11, 0x15, 0x20, 0x23, 0x23, 0x23, 0x1E,
		0x23, 0x23, 0x23, 0x23, 0x23, 0x24, 0x26, 0x23, 0x23, 0x23, 0x23, 0x23,
		0x11, 0x11, 0x11, 0x17, 0x26, 0x23, 0x23, 0x23, 0x23, 0x23, 0x23, 0x1B,
		0x23, 0x23, 0x23, 0x23, 0x23, 0x24, 0x23, 0x24, 0x1D, 0x1D, 0x1D, 0x1D,
		0x1D, 0x1E, 0x2E, 0x1D, 0x1D, 0x1D, 0x1D, 0x1D, 0x11, 0x11, 0x11, 0x14,
		0x1D, 0x1D, 0x1D, 0x1D, 0x1D, 0x1D, 0x1D, 0x23, 0x1D, 0x1D, 0x1D, 0x1D,
		0x1D, 0x1D, 0x20, 0x1D, 0x0C, 0x18, 0x23, 0x24, 0x23, 0x20, 0x0C, 0x14,
		0x15, 0x1A, 0x1D, 0x0F, 0x1D, 0x0C, 0x23, 0x23, 0x1D, 0x23, 0x1A, 0x20,
		0x18, 0x12, 0x1B, 0x11, 0x23, 0x0C, 0x29, 0x17, 0x1D, 0x1D, 0x23, 0x23,
		0x23, 0x20, 0x26, 0x23, 0x24, 0x23, 0x23, 0x24, 0x24, 0x23, 0x24, 0x23,
		0x23, 0x23, 0x23, 0x23, 0x23, 0x23, 0x2A, 0x24, 0x26, 0x23, 0x24, 0x2A,
		0x29, 0x2C, 0x23, 0x23, 0x26, 0x23, 0x1D, 0x1D, 0x1D, 0x1D, 0x26, 0x1D,
		0x24, 0x1D, 0x1D, 0x1E, 0x1E, 0x1D, 0x24, 0x1D, 0x1D, 0x1D, 0x1D, 0x1D,
		0x1D, 0x1D, 0x24, 0x1E, 0x23, 0x1D, 0x24, 0x2A, 0x23, 0x26, 0x1D, 0x1D,
		0x24, 0x1D, 0x1D, 0x23, 0x20, 0x1D, 0x20, 0x1D, 0x2F, 0x1D, 0x23, 0x11,
		0x0C, 0x23, 0x1D, 0x17, 0x17, 0x23, 0x12, 0x2D, 0x2A, 0x31, 0x2E, 0x24,
		0x1E, 0x23, 0x23, 0x24, 0x1E, 0x23, 0x26, 0x1D, 0x24, 0x1A, 0x1D, 0x24,
		0x43, 0x39, 0x22, 0x00, 0x22, 0x22, 0x28, 0x28, 0x14, 0x28, 0x28, 0x28,
		0x28, 0x28, 0x28, 0x28, 0x28, 0x0D, 0x11, 0x17, 0x22, 0x17, 0x21, 0x27,
		0x28, 0x28, 0x28, 0x28, 0x28, 0x28, 0x28, 0x14, 0x28, 0x27, 0x28, 0x27,
		0x28, 0x28, 0x28, 0x28, 0x28, 0x28, 0x28, 0x28, 0x27, 0x27, 0x27, 0x27,
		0x28, 0x14, 0x28, 0x14, 0x20, 0x28, 0x14, 0x21, 0x21, 0x22, 0x21, 0x21,
		0x1A, 0x21, 0x21, 0x0D, 0x14, 0x21, 0x0D, 0x27, 0x21, 0x21, 0x21, 0x21,
		0x21, 0x21, 0x1A, 0x21, 0x27, 0x27, 0x21, 0x21, 0x21, 0x14, 0x0D, 0x14,
		0x24, 0x28, 0x11, 0x1E, 0x1B, 0x21, 0x1B, 0x1B, 0x1D, 0x2E, 0x28, 0x17,
		0x39, 0x11, 0x11, 0x1E, 0x1F, 0x14, 0x1E, 0x28, 0x25, 0x2B, 0x21, 0x17,
		0x2F, 0x27, 0x0D, 0x22, 0x1A, 0x27, 0x27, 0x0D, 0x1B, 0x1B, 0x2B, 0x21,
		0x25, 0x28, 0x22, 0x2B, 0x28, 0x1B, 0x22, 0x17, 0x17, 0x14, 0x25, 0x0D,
		0x14, 0x14, 0x17, 0x25, 0x28, 0x28, 0x28, 0x21, 0x28, 0x28, 0x28, 0x28,
		0x28, 0x27, 0x2C, 0x28, 0x28, 0x28, 0x28, 0x28, 0x14, 0x14, 0x14, 0x1B,
		0x2C, 0x28, 0x28, 0x28, 0x28, 0x28, 0x28, 0x1E, 0x28, 0x28, 0x28, 0x28,
		0x28, 0x27, 0x28, 0x28, 0x21, 0x21, 0x21, 0x21, 0x21, 0x21, 0x35, 0x22,
		0x21, 0x21, 0x21, 0x21, 0x14, 0x14, 0x14, 0x17, 0x21, 0x21, 0x21, 0x21,
		0x21, 0x21, 0x21, 0x28, 0x21, 0x21, 0x21, 0x21, 0x21, 0x21, 0x25, 0x21,
		0x0D, 0x1B, 0x28, 0x27, 0x27, 0x25, 0x0D, 0x17, 0x17, 0x1E, 0x22, 0x11,
		0x22, 0x0D, 0x28, 0x28, 0x21, 0x27, 0x1E, 0x24, 0x1B, 0x14, 0x1D, 0x14,
		0x28, 0x0D, 0x2F, 0x1B, 0x21, 0x21, 0x28, 0x28, 0x28, 0x25, 0x2C, 0x28,
		0x27, 0x28, 0x28, 0x27, 0x27, 0x28, 0x27, 0x28, 0x28, 0x28, 0x28, 0x28,
		0x28, 0x28, 0x2F, 0x27, 0x2C, 0x28, 0x27, 0x2E, 0x2F, 0x32, 0x28, 0x28,
		0x2B, 0x28, 0x21, 0x21, 0x21, 0x22, 0x2C, 0x21, 0x27, 0x21, 0x21, 0x21,
		0x21, 0x21, 0x27, 0x21, 0x21, 0x21, 0x21, 0x22, 0x22, 0x21, 0x27, 0x21,
		0x28, 0x21, 0x27, 0x2E, 0x28, 0x2B, 0x21, 0x21, 0x27, 0x21, 0x21, 0x28,
		0x25, 0x22, 0x25, 0x21, 0x35, 0x21, 0x28, 0x14, 0x0D, 0x28, 0x21, 0x1B,
		0x1B, 0x28, 0x14, 0x33, 0x2F, 0x39, 0x35, 0x27, 0x21, 0x28, 0x28, 0x27,
		0x21, 0x28, 0x2C, 0x21, 0x27, 0x1E, 0x22, 0x27, 0x4B, 0x40, 0x26, 0x00,
		0x26, 0x26, 0x2E, 0x2D, 0x17, 0x2E, 0x2E, 0x2E, 0x2E, 0x2E, 0x2E, 0x2E,
		0x2E, 0x0F, 0x13, 0x1A, 0x26, 0x1A, 0x26, 0x2E, 0x2E, 0x2E, 0x2D, 0x2E,
		0x2D, 0x2E, 0x2E, 0x17, 0x2E, 0x2E, 0x2D, 0x2E, 0x2E, 0x2E, 0x2E, 0x2E,
		0x2E, 0x2E, 0x2D, 0x2E, 0x2E, 0x2E, 0x2E, 0x2E, 0x2D, 0x17, 0x2D, 0x17,
		0x26, 0x2D, 0x17, 0x26, 0x26, 0x26, 0x26, 0x26, 0x1E, 0x26, 0x26, 0x0F,
		0x17, 0x26, 0x0F, 0x2E, 0x26, 0x26, 0x26, 0x26, 0x26, 0x26, 0x1E, 0x26,
		0x2E, 0x2E, 0x26, 0x26, 0x26, 0x17, 0x0F, 0x17, 0x2A, 0x2D, 0x13, 0x22,
		0x1F, 0x26, 0x1E, 0x1E, 0x22, 0x35, 0x2E, 0x1A, 0x40, 0x13, 0x13, 0x23,
		0x23, 0x17, 0x22, 0x2D, 0x29, 0x31, 0x26, 0x1A, 0x36, 0x2E, 0x0F, 0x26,
		0x1E, 0x2E, 0x2E, 0x0F, 0x1F, 0x1F, 0x31, 0x26, 0x29, 0x2E, 0x26, 0x31,
		0x2D, 0x1F, 0x26, 0x1B, 0x1B, 0x17, 0x2A, 0x0F, 0x17, 0x17, 0x1B, 0x29,
		0x2E, 0x2E, 0x2E, 0x26, 0x2E, 0x2E, 0x2E, 0x2E, 0x2E, 0x2E, 0x31, 0x2D,
		0x2D, 0x2D, 0x2D, 0x2D, 0x17, 0x17, 0x17, 0x1E, 0x32, 0x2E, 0x2E, 0x2E,
		0x2E, 0x2E, 0x2E, 0x23, 0x2E, 0x2E, 0x2E, 0x2E, 0x2E, 0x2E, 0x2E, 0x2E,
		0x26, 0x26, 0x26, 0x26, 0x26, 0x26, 0x3E, 0x26, 0x26, 0x26, 0x26, 0x26,
		0x17, 0x17, 0x17, 0x1A, 0x26, 0x26, 0x26, 0x26, 0x26, 0x26, 0x26, 0x2D,
		0x26, 0x26, 0x26, 0x26, 0x26, 0x26, 0x2A, 0x26, 0x0F, 0x1F, 0x2D, 0x2E,
		0x2D, 0x29, 0x0F, 0x1A, 0x1B, 0x22, 0x26, 0x13, 0x26, 0x0F, 0x2D, 0x2D,
		0x26, 0x2D, 0x23, 0x2A, 0x1F, 0x17, 0x22, 0x17, 0x2D, 0x0F, 0x35, 0x1E,
		0x26, 0x26, 0x2E, 0x2E, 0x2E, 0x29, 0x31, 0x2D, 0x2E, 0x2E, 0x2E, 0x2E,
		0x2E, 0x2E, 0x2E, 0x2E, 0x2E, 0x2E, 0x2E, 0x2D, 0x2D, 0x2E, 0x36, 0x2E,
		0x31, 0x2E, 0x2E, 0x35, 0x35, 0x39, 0x2E, 0x2E, 0x31, 0x2E, 0x26, 0x26,
		0x26, 0x26, 0x31, 0x26, 0x2E, 0x26, 0x26, 0x26, 0x26, 0x26, 0x2E, 0x26,
		0x26, 0x26, 0x26, 0x26, 0x26, 0x26, 0x2E, 0x26, 0x2D, 0x26, 0x2E, 0x35,
		0x2E, 0x31, 0x26, 0x26, 0x2E, 0x26, 0x26, 0x2D, 0x29, 0x26, 0x2A, 0x26,
		0x3C, 0x26, 0x2D, 0x17, 0x0F, 0x2E, 0x26, 0x1E, 0x1E, 0x2E, 0x17, 0x3A,
		0x36, 0x40, 0x3E, 0x2E, 0x26, 0x2E, 0x2E, 0x2E, 0x26, 0x2E, 0x32, 0x26,
		0x2E, 0x22, 0x26, 0x2E, 0x00, 0x00, 0x00, 0x03, 0x00, 0x00, 0x00, 0x03,
		0x00, 0x00, 0x03, 0xF2, 0x00, 0x01, 0x00, 0x00, 0x00, 0x00, 0x00, 0x1C,
		0x00, 0x03, 0x00, 0x01, 0x00, 0x00, 0x02, 0x26, 0x00, 0x06, 0x02, 0x0A,
		0x00, 0x00, 0x00, 0x00, 0x01, 0x00, 0x00, 0x01, 0x00, 0x00, 0x00, 0x00,
		0x00, 0x00, 0x00, 0x00, 0x00, 0x00, 0x00, 0x00, 0x00, 0x00, 0x00, 0x01,
		0x00, 0x02, 0x00, 0x00, 0x00, 0x00, 0x00, 0x00, 0x00, 0x02, 0x00, 0x00,
		0x00, 0x00, 0x00, 0x00, 0x00, 0x00, 0x00, 0x00, 0x00, 0x00, 0x00, 0x00,
		0x00, 0x00, 0x00, 0x00, 0x00, 0x00, 0x00, 0x00, 0x00, 0x00, 0x00, 0x00,
		0x00, 0x00, 0x00, 0x00, 0x00, 0x01, 0x00, 0x00, 0x00, 0x00, 0x00, 0x03,
		0x00, 0xCA, 0x00, 0xCB, 0x00, 0xCC, 0x00, 0xCD, 0x00, 0xCE, 0x00, 0xCF,
		0x00, 0xD0, 0x00, 0xD1, 0x00, 0xD2, 0x00, 0xD3, 0x00, 0xD4, 0x00, 0xD5,
		0x00, 0xD6, 0x00, 0xD7, 0x00, 0xD8, 0x00, 0x04, 0x00, 0x06, 0x00, 0x07,
		0x00, 0x08, 0x00, 0x09, 0x00, 0x0A, 0x00, 0x0B, 0x00, 0x0C, 0x00, 0x0D,
		0x00, 0x0E, 0x00, 0x0F, 0x00, 0x10, 0x00, 0x11, 0x00, 0x12, 0x00, 0x13,
		0x00, 0x14, 0x00, 0x15, 0x00, 0x16, 0x00, 0x17, 0x00, 0x18, 0x00, 0x19,
		0x00, 0x05, 0x00, 0x1A, 0x00, 0x1B, 0x00, 0x1C, 0x00, 0x1D, 0x00, 0x1E,
		0x00, 0x1F, 0x00, 0x20, 0x00, 0x21, 0x00, 0x22, 0x00, 0x23, 0x00, 0x24,
		0x00, 0x25, 0x00, 0x26, 0x00, 0x27, 0x00, 0x28, 0x00, 0x29, 0x00, 0x2A,
		0x00, 0x2B, 0x00, 0x2C, 0x00, 0x2D, 0x00, 0x2E, 0x00, 0x2F, 0x00, 0x30,
		0x00, 0x31, 0x00, 0x32, 0x00, 0x33, 0x00, 0x34, 0x00, 0x35, 0x00, 0x36,
		0x00, 0x37, 0x00, 0x38, 0x00, 0x39, 0x00, 0x3A, 0x00, 0x3B, 0x00, 0x3C,
		0x00, 0x3D, 0x00, 0x3E, 0x00, 0x3F, 0x00, 0x40, 0x00, 0x41, 0x00, 0x42,
		0x00, 0x43, 0x00, 0x44, 0x00, 0x45, 0x00, 0x46, 0x00, 0x47, 0x00, 0x48,
		0x00, 0x49, 0x00, 0x4A, 0x00, 0x4B, 0x00, 0x4C, 0x00, 0x4D, 0x00, 0x4E,
		0x00, 0x4F, 0x00, 0x50, 0x00, 0x51, 0x00, 0x52, 0x00, 0x00, 0x00, 0x8E,
		0x00, 0x8F, 0x00, 0x91, 0x00, 0x93, 0x00, 0x9B, 0x00, 0xA0, 0x00, 0xA6,
		0x00, 0xAB, 0x00, 0xAA, 0x00, 0xAC, 0x00, 0xAE, 0x00, 0xAD, 0x00, 0xAF,
		0x00, 0xB1, 0x00, 0xB3, 0x00, 0xB2, 0x00, 0xB4, 0x00, 0xB5, 0x00, 0xB7,
		0x00, 0xB6, 0x00, 0xB8, 0x00, 0xB9, 0x00, 0xBB, 0x00, 0xBD, 0x00, 0xBC,
		0x00, 0xBE, 0x00, 0xC0, 0x00, 0xBF, 0x00, 0xC4, 0x00, 0xC3, 0x00, 0xC5,
		0x00, 0xC6, 0x00, 0x58, 0x00, 0x7B, 0x00, 0x6D, 0x00, 0x6E, 0x00, 0x72,
		0x00, 0x63, 0x00, 0x80, 0x00, 0xA9, 0x00, 0x79, 0x00, 0x74, 0x00, 0x67,
		0x00, 0x7F, 0x00, 0x73, 0x00, 0x00, 0x00, 0x90, 0x00, 0xA2, 0x00, 0x00,
		0x00, 0x7C, 0x00, 0x00, 0x00, 0x00, 0x00, 0x70, 0x01, 0x49, 0x00, 0x00,
		0x00, 0x00, 0x00, 0x00, 0x00, 0x00, 0x00, 0x00, 0x00, 0x75, 0x00, 0x84,
		0x00, 0x00, 0x00, 0xB0, 0x00, 0xC2, 0x00, 0x89, 0x00, 0x6C, 0x00, 0x77,
		0x00, 0x00, 0x00, 0x55, 0x00, 0x00, 0x00, 0x00, 0x00, 0x76, 0x00, 0x85,
		0x00, 0x57, 0x00, 0x03, 0x00, 0x8A, 0x00, 0x8D, 0x00, 0x9F, 0x00, 0x5E,
		0x00, 0x6A, 0x00, 0x64, 0x00, 0x65, 0x00, 0x61, 0x00, 0x62, 0x00, 0x5F,
		0x00, 0x60, 0x00, 0xC1, 0x00, 0x00, 0x00, 0xC9, 0x00, 0x6B, 0x00, 0xE2,
		0x00, 0x53, 0x00, 0x5D, 0x00, 0x69, 0x00, 0xE6, 0x00, 0xE7, 0x00, 0x59,
		0x00, 0x81, 0x00, 0x54, 0x00, 0x56, 0x00, 0x5B, 0x00, 0x8C, 0x00, 0x94,
		0x00, 0x8B, 0x00, 0x95, 0x00, 0x92, 0x00, 0x97, 0x00, 0x98, 0x00, 0x99,
		0x00, 0x96, 0x00, 0x9D, 0x00, 0x9E, 0x00, 0x00, 0x00, 0x9C, 0x00, 0xA4,
		0x00, 0xA5, 0x00, 0xA3, 0x00, 0xE3, 0x00, 0x5A, 0x00, 0x66, 0x00, 0x7A,
		0x00, 0xDC, 0x00, 0xDF, 0x00, 0xDE, 0x00, 0x82, 0x00, 0xDD, 0x00, 0xE1,
		0x00, 0xE0, 0x00, 0x04, 0x01, 0xCC, 0x00, 0x00, 0x00, 0x4E, 0x00, 0x40,
		0x00, 0x05, 0x00, 0x0E, 0x00, 0x20, 0x00, 0x2F, 0x00, 0x30, 0x00, 0x44,
		0x00, 0x45, 0x00, 0x7E, 0x00, 0xA0, 0x00, 0xAC, 0x00, 0xB5, 0x00, 0xFF,
		0x01, 0x31, 0x01, 0x42, 0x01, 0x53, 0x01, 0x61, 0x01, 0x78, 0x01, 0x7E,
		0x01, 0x92, 0x02, 0xC7, 0x02, 0xDD, 0x04, 0x0C, 0x04, 0x0F, 0x04, 0x4F,
		0x04, 0x5C, 0x04, 0x5F, 0x04, 0x91, 0x20, 0x14, 0x20, 0x1A, 0x20, 0x1E,
		0x20, 0x22, 0x20, 0x26, 0x20, 0x30, 0x20, 0x3A, 0x20, 0x44, 0x20, 0xAC,
		0x21, 0x16, 0x21, 0x22, 0x22, 0x12, 0xFB, 0x02, 0xFF, 0xFF, 0x00, 0x00,
		0x00, 0x20, 0x00, 0x21, 0x00, 0x30, 0x00, 0x31, 0x00, 0x45, 0x00, 0x46,
		0x00, 0xA0, 0x00, 0xA1, 0x00, 0xAD, 0x00, 0xB6, 0x01, 0x31, 0x01, 0x41,
		0x01, 0x52, 0x01, 0x60, 0x01, 0x78, 0x01, 0x7D, 0x01, 0x92, 0x02, 0xC6,
		0x02, 0xD8, 0x04, 0x01, 0x04, 0x0E, 0x04, 0x10, 0x04, 0x51, 0x04, 0x5E,
		0x04, 0x90, 0x20, 0x13, 0x20, 0x18, 0x20, 0x1C, 0x20, 0x20, 0x20, 0x26,
		0x20, 0x30, 0x20, 0x39, 0x20, 0x44, 0x20, 0xAC, 0x21, 0x16, 0x21, 0x22,
		0x22, 0x12, 0xFB, 0x01, 0xFF, 0xFF, 0x00, 0x00, 0x00, 0xA9, 0x00, 0x00,
		0xFF, 0xD5, 0x00, 0x00, 0xFF, 0xD4, 0x00, 0x00, 0xFF, 0xCB, 0x00, 0x00,
		0xFF, 0xCA, 0xFF, 0xB2, 0xFF, 0xA3, 0x00, 0x00, 0x00, 0x00, 0xFE, 0xF3,
		0x00, 0x00, 0xFE, 0xC3, 0x00, 0x00, 0x00, 0x00, 0x00, 0x00, 0x00, 0x00,
		0xFC, 0xD8, 0x00, 0x00, 0x00, 0x00, 0xFC, 0x9C, 0xE0, 0x51, 0x00, 0x00,
		0x00, 0x00, 0x00, 0x00, 0xE0, 0x31, 0xE0, 0x2B, 0x00, 0x00, 0xE0, 0x9E,
		0xDF, 0xA7, 0xE0, 0x18, 0xDF, 0x45, 0xDE, 0x66, 0x05, 0xE5, 0x00, 0x01,
		0x00, 0x4E, 0x00, 0x00, 0x00, 0x4C, 0x00, 0x00, 0x00, 0x4A, 0x00, 0x00,
		0x00, 0x48, 0x00, 0x00, 0x00, 0x46, 0x00, 0x00, 0x00, 0x00, 0x00, 0x00,
		0x00, 0x50, 0x00, 0x52, 0x00, 0x00, 0x00, 0x52, 0x00, 0x00, 0x00, 0x52,
		0x00, 0x54, 0x00, 0x5E, 0x00, 0x74, 0x00, 0x00, 0x00, 0x74, 0x00, 0x8A,
		0x00, 0x00, 0x00, 0x00, 0x00, 0x88, 0x00, 0x8C, 0x00, 0x90, 0x00, 0x00,
		0x00, 0x00, 0x00, 0x90, 0x00, 0x00, 0x00, 0x00, 0x00, 0x00, 0x00, 0x00,
		0x00, 0x00, 0x00, 0x00, 0x00, 0x00, 0x00, 0x03, 0x00, 0x04, 0x00, 0x05,
		0x00, 0xD9, 0x01, 0x47, 0x00, 0x79, 0x00, 0x7A, 0x00, 0x7B, 0x00, 0x7C,
		0x00, 0x7D, 0x00, 0x7E, 0x00, 0x7F, 0x01, 0x49, 0x00, 0x5E, 0x00, 0x6A,
		0x00, 0x5C, 0x00, 0x68, 0x00, 0xDB, 0x00, 0xDA, 0x00, 0x5A, 0x00, 0xE0,
		0x00, 0xDC, 0x00, 0xDF, 0x00, 0xDE, 0x00, 0xE1, 0x00, 0x66, 0x00, 0xDD,
		0x01, 0x29, 0x01, 0x43, 0x01, 0x2A, 0x01, 0x30, 0x01, 0x33, 0x01, 0x31,
		0x01, 0x36, 0x01, 0x37, 0x01, 0x3B, 0x01, 0x3C, 0x01, 0x40, 0x01, 0x3D,
		0x01, 0x46, 0x01, 0x41, 0x01, 0x28, 0x01, 0x44, 0x01, 0x2B, 0x01, 0x2F,
		0x01, 0x34, 0x01, 0x32, 0x01, 0x35, 0x01, 0x38, 0x01, 0x39, 0x01, 0x3A,
		0x01, 0x3F, 0x01, 0x3E, 0x01, 0x45, 0x01, 0x42, 0x00, 0x5F, 0x00, 0x60,
		0x00, 0x54, 0x00, 0x61, 0x00, 0x62, 0x00, 0x56, 0x00, 0x58, 0x00, 0x59,
		0x00, 0x63, 0x00, 0x5D, 0x00, 0x69, 0x00, 0x04, 0x01, 0xCC, 0x00, 0x00,
		0x00, 0x4E, 0x00, 0x40, 0x00, 0x05, 0x00, 0x0E, 0x00, 0x20, 0x00, 0x2F,
		0x00, 0x30, 0x00, 0x44, 0x00, 0x45, 0x00, 0x7E, 0x00, 0xA0, 0x00, 0xAC,
		0x00, 0xB5, 0x00, 0xFF, 0x01, 0x31, 0x01, 0x42, 0x01, 0x53, 0x01, 0x61,
		0x01, 0x78, 0x01, 0x7E, 0x01, 0x92, 0x02, 0xC7, 0x02, 0xDD, 0x04, 0x0C,
		0x04, 0x0F, 0x04, 0x4F, 0x04, 0x5C, 0x04, 0x5F, 0x04, 0x91, 0x20, 0x14,
		0x20, 0x1A, 0x20, 0x1E, 0x20, 0x22, 0x20, 0x26, 0x20, 0x30, 0x20, 0x3A,
		0x20, 0x44, 0x20, 0xAC, 0x21, 0x16, 0x21, 0x22, 0x22, 0x12, 0xFB, 0x02,
		0xFF, 0xFF, 0x00, 0x00, 0x00, 0x20, 0x00, 0x21, 0x00, 0x30, 0x00, 0x31,
		0x00, 0x45, 0x00, 0x46, 0x00, 0xA0, 0x00, 0xA1, 0x00, 0xAD, 0x00, 0xB6,
		0x01, 0x31, 0x01, 0x41, 0x01, 0x52, 0x01, 0x60, 0x01, 0x78, 0x01, 0x7D,
		0x01, 0x92, 0x02, 0xC6, 0x02, 0xD8, 0x04, 0x01, 0x04, 0x0E, 0x04, 0x10,
		0x04, 0x51, 0x04, 0x5E, 0x04, 0x90, 0x20, 0x13, 0x20, 0x18, 0x20, 0x1C,
		0x20, 0x20, 0x20, 0x26, 0x20, 0x30, 0x20, 0x39, 0x20, 0x44, 0x20, 0xAC,
		0x21, 0x16, 0x21, 0x22, 0x22, 0x12, 0xFB, 0x01, 0xFF, 0xFF, 0x00, 0x00,
		0x00, 0xA9, 0x00, 0x00, 0xFF, 0xD5, 0x00, 0x00, 0xFF, 0xD4, 0x00, 0x00,
		0xFF, 0xCB, 0x00, 0x00, 0xFF, 0xCA, 0xFF, 0xB2, 0xFF, 0xA3, 0x00, 0x00,
		0x00, 0x00, 0xFE, 0xF3, 0x00, 0x00, 0xFE, 0xC3, 0x00, 0x00, 0x00, 0x00,
		0x00, 0x00, 0x00, 0x00, 0xFC, 0xD8, 0x00, 0x00, 0x00, 0x00, 0xFC, 0x9C,
		0xE0, 0x51, 0x00, 0x00, 0x00, 0x00, 0x00, 0x00, 0xE0, 0x31, 0xE0, 0x2B,
		0x00, 0x00, 0xE0, 0x9E, 0xDF, 0xA7, 0xE0, 0x18, 0xDF, 0x45, 0xDE, 0x66,
		0x05, 0xE5, 0x00, 0x01, 0x00, 0x4E, 0x00, 0x00, 0x00, 0x4C, 0x00, 0x00,
		0x00, 0x4A, 0x00, 0x00, 0x00, 0x48, 0x00, 0x00, 0x00, 0x46, 0x00, 0x00,
		0x00, 0x00, 0x00, 0x00, 0x00, 0x50, 0x00, 0x52, 0x00, 0x00, 0x00, 0x52,
		0x00, 0x00, 0x00, 0x52, 0x00, 0x54, 0x00, 0x5E, 0x00, 0x74, 0x00, 0x00,
		0x00, 0x74, 0x00, 0x8A, 0x00, 0x00, 0x00, 0x00, 0x00, 0x88, 0x00, 0x8C,
		0x00, 0x90, 0x00, 0x00, 0x00, 0x00, 0x00, 0x90, 0x00, 0x00, 0x00, 0x00,
		0x00, 0x00, 0x00, 0x00, 0x00, 0x00, 0x00, 0x00, 0x00, 0x00, 0x00, 0x03,
		0x00, 0x04, 0x00, 0x05, 0x00, 0xD9, 0x01, 0x47, 0x00, 0x79, 0x00, 0x7A,
		0x00, 0x7B, 0x00, 0x7C, 0x00, 0x7D, 0x00, 0x7E, 0x00, 0x7F, 0x01, 0x49,
		0x00, 0x5E, 0x00, 0x6A, 0x00, 0x5C, 0x00, 0x68, 0x00, 0xDB, 0x00, 0xDA,
		0x00, 0x5A, 0x00, 0xE0, 0x00, 0xDC, 0x00, 0xDF, 0x00, 0xDE, 0x00, 0xE1,
		0x00, 0x66, 0x00, 0xDD, 0x01, 0x29, 0x01, 0x43, 0x01, 0x2A, 0x01, 0x30,
		0x01, 0x33, 0x01, 0x31, 0x01, 0x36, 0x01, 0x37, 0x01, 0x3B, 0x01, 0x3C,
		0x01, 0x40, 0x01, 0x3D, 0x01, 0x46, 0x01, 0x41, 0x01, 0x28, 0x01, 0x44,
		0x01, 0x2B, 0x01, 0x2F, 0x01, 0x34, 0x01, 0x32, 0x01, 0x35, 0x01, 0x38,
		0x01, 0x39, 0x01, 0x3A, 0x01, 0x3F, 0x01, 0x3E, 0x01, 0x45, 0x01, 0x42,
		0x00, 0x5F, 0x00, 0x60, 0x00, 0x54, 0x00, 0x61, 0x00, 0x62, 0x00, 0x56,
		0x00, 0x58, 0x00, 0x59, 0x00, 0x63, 0x00, 0x5D, 0x00, 0x69, 0x00, 0x00,
		0xB8, 0x00, 0x00, 0x2C, 0x4B, 0xB8, 0x00, 0x09, 0x50, 0x58, 0xB1, 0x01,
		0x01, 0x8E, 0x59, 0xB8, 0x01, 0xFF, 0x85, 0xB8, 0x00, 0x44, 0x1D, 0xB9,
		0x00, 0x09, 0x00, 0x03, 0x5F, 0x5E, 0x2D, 0xB8, 0x00, 0x01, 0x2C, 0x20,
		0x20, 0x45, 0x69, 0x44, 0xB0, 0x01, 0x60, 0x2D, 0xB8, 0x00, 0x02, 0x2C,
		0xB8, 0x00, 0x01, 0x2A, 0x21, 0x2D, 0xB8, 0x00, 0x03, 0x2C, 0x20, 0x46,
		0xB0, 0x03, 0x25, 0x46, 0x52, 0x58, 0x23, 0x59, 0x20, 0x8A, 0x20, 0x8A,
		0x49, 0x64, 0x8A, 0x20, 0x46, 0x20, 0x68, 0x61, 0x64, 0xB0, 0x04, 0x25,
		0x46, 0x20, 0x68, 0x61, 0x64, 0x52, 0x58, 0x23, 0x65, 0x8A, 0x59, 0x2F,
		0x20, 0xB0, 0x00, 0x53, 0x58, 0x69, 0x20, 0xB0, 0x00, 0x54, 0x58, 0x21,
		0xB0, 0x40, 0x59, 0x1B, 0x69, 0x20, 0xB0, 0x00, 0x54, 0x58, 0x21, 0xB0,
		0x40, 0x65, 0x59, 0x59, 0x3A, 0x2D, 0xB8, 0x00, 0x04, 0x2C, 0x20, 0x46,
		0xB0, 0x04, 0x25, 0x46, 0x52, 0x58, 0x23, 0x8A, 0x59, 0x20, 0x46, 0x20,
		0x6A, 0x61, 0x64, 0xB0, 0x04, 0x25, 0x46, 0x20, 0x6A, 0x61, 0x64, 0x52,
		0x58, 0x23, 0x8A, 0x59, 0x2F, 0xFD, 0x2D, 0xB8, 0x00, 0x05, 0x2C, 0x4B,
		0x20, 0xB0, 0x03, 0x26, 0x50, 0x58, 0x51, 0x58, 0xB0, 0x80, 0x44, 0x1B,
		0xB0, 0x40, 0x44, 0x59, 0x1B, 0x21, 0x21, 0x20, 0x45, 0xB0, 0xC0, 0x50,
		0x58, 0xB0, 0xC0, 0x44, 0x1B, 0x21, 0x59, 0x59, 0x2D, 0xB8, 0x00, 0x06,
		0x2C, 0x20, 0x20, 0x45, 0x69, 0x44, 0xB0, 0x01, 0x60, 0x20, 0x20, 0x45,
		0x7D, 0x69, 0x18, 0x44, 0xB0, 0x01, 0x60, 0x2D, 0xB8, 0x00, 0x07, 0x2C,
		0xB8, 0x00, 0x06, 0x2A, 0x2D, 0xB8, 0x00, 0x08, 0x2C, 0x4B, 0x20, 0xB0,
		0x03, 0x26, 0x53, 0x58, 0xB0, 0x40, 0x1B, 0xB0, 0x00, 0x59, 0x8A, 0x8A,
		0x20, 0xB0, 0x03, 0x26, 0x53, 0x58, 0x23, 0x21, 0xB0, 0x80, 0x8A, 0x8A,
		0x1B, 0x8A, 0x23, 0x59, 0x20, 0xB0, 0x03, 0x26, 0x53, 0x58, 0x23, 0x21,
		0xB8, 0x00, 0xC0, 0x8A, 0x8A, 0x1B, 0x8A, 0x23, 0x59, 0x20, 0xB0, 0x03,
		0x26, 0x53, 0x58, 0x23, 0x21, 0xB8, 0x01, 0x00, 0x8A, 0x8A, 0x1B, 0x8A,
		0x23, 0x59, 0x20, 0xB0, 0x03, 0x26, 0x53, 0x58, 0x23, 0x21, 0xB8, 0x01,
		0x40, 0x8A, 0x8A, 0x1B, 0x8A, 0x23, 0x59, 0x20, 0xB8, 0x00, 0x03, 0x26,
		0x53, 0x58, 0xB0, 0x03, 0x25, 0x45, 0xB8, 0x01, 0x80, 0x50, 0x58, 0x23,
		0x21, 0xB8, 0x01, 0x80, 0x23, 0x21, 0x1B, 0xB0, 0x03, 0x25, 0x45, 0x23,
		0x21, 0x23, 0x21, 0x59, 0x1B, 0x21, 0x59, 0x44, 0x2D, 0xB8, 0x00, 0x09,
		0x2C, 0x4B, 0x53, 0x58, 0x45, 0x44, 0x1B, 0x21, 0x21, 0x59, 0x2D, 0x00,
		0xB8, 0x00, 0x00, 0x2B, 0x00, 0xBA, 0x00, 0x01, 0x00, 0x01, 0x00, 0x02,
		0x2B, 0x00, 0xBF, 0x00, 0x01, 0x00, 0x37, 0x00, 0x2D, 0x00, 0x23, 0x00,
		0x19, 0x00, 0x0F, 0x00, 0x00, 0x00, 0x08, 0x2B, 0x00, 0x14, 0x00, 0x64,
		0x00, 0x02, 0x00, 0x32, 0x00, 0x00, 0x02, 0x26, 0x02, 0x58, 0x00, 0x0B,
		0x00, 0x0F, 0x00, 0x43, 0xB8, 0x00, 0x10, 0x2F, 0xB8, 0x00, 0x0D, 0x2F,
		0xB8, 0x00, 0x10, 0x10, 0xB8, 0x00, 0x00, 0xD0, 0xB8, 0x00, 0x00, 0x2F,
		0xB8, 0x00, 0x0D, 0x10, 0xB8, 0x00, 0x06, 0xDC, 0xB8, 0x00, 0x00, 0x10,
		0xB8, 0x00, 0x0F, 0xDC, 0xB8, 0x00, 0x06, 0x10, 0xB8, 0x00, 0x11, 0xDC,
		0x00, 0xBB, 0x00, 0x0D, 0x00, 0x01, 0x00, 0x08, 0x00, 0x04, 0x2B, 0xBB,
		0x00, 0x03, 0x00, 0x01, 0x00, 0x0E, 0x00, 0x04, 0x2B, 0x30, 0x31, 0x13,
		0x33, 0x35, 0x21, 0x15, 0x33, 0x11, 0x23, 0x15, 0x21, 0x35, 0x23, 0x37,
		0x21, 0x11, 0x21, 0x32, 0x32, 0x01, 0x90, 0x32, 0x32, 0xFE, 0x70, 0x32,
		0x64, 0x01, 0x2C, 0xFE, 0xD4, 0x02, 0x26, 0x32, 0x32, 0xFE, 0x0C, 0x32,
		0x32, 0x32, 0x01, 0x90, 0x00, 0x01, 0x00, 0x32, 0x00, 0x00, 0x02, 0x26,
		0x02, 0x58, 0x00, 0x0B, 0x00, 0x31, 0xBA, 0x00, 0x03, 0x00, 0x00, 0x00,
		0x03, 0x2B, 0xB8, 0x00, 0x03, 0x10, 0xB8, 0x00, 0x07, 0xD0, 0x00, 0xBB,
		0x00, 0x09, 0x00, 0x01, 0x00, 0x0A, 0x00, 0x04, 0x2B, 0xBB, 0x00, 0x01,
		0x00, 0x01, 0x00, 0x02, 0x00, 0x04, 0x2B, 0xBB, 0x00, 0x05, 0x00, 0x01,
		0x00, 0x06, 0x00, 0x04, 0x2B, 0x30, 0x31, 0x13, 0x21, 0x15, 0x21, 0x15,
		0x21, 0x15, 0x21, 0x15, 0x21, 0x15, 0x21, 0x32, 0x01, 0xF4, 0xFE, 0x70,
		0x01, 0x5E, 0xFE, 0xA2, 0x01, 0x90, 0xFE, 0x0C, 0x02, 0x58, 0x64, 0x96,
		0x64, 0x96, 0x64, 0x00, 0x00, 0x01, 0x00, 0x32, 0x00, 0x00, 0x00, 0xFA,
		0x02, 0x58, 0x00, 0x09, 0x00, 0x1A, 0xBA, 0x00, 0x05, 0x00, 0x04, 0x00,
		0x03, 0x2B, 0xB8, 0x00, 0x04, 0x10, 0xB8, 0x00, 0x07, 0xD0, 0xB8, 0x00,
		0x05, 0x10, 0xB8, 0x00, 0x0B, 0xDC, 0x30, 0x31, 0x13, 0x33, 0x35, 0x33,
		0x35, 0x33, 0x11, 0x23, 0x11, 0x23, 0x32, 0x32, 0x32, 0x64, 0x64, 0x64,
		0x01, 0xF4, 0x32, 0x32, 0xFD, 0xA8, 0x01, 0xC2, 0x00, 0x01, 0x00, 0x32,
		0x00, 0x00, 0x02, 0x26, 0x02, 0x58, 0x00, 0x11, 0x00, 0x59, 0xB8, 0x00,
		0x12, 0x2F, 0xB8, 0x00, 0x0F, 0x2F, 0xB8, 0x00, 0x12, 0x10, 0xB8, 0x00,
		0x0C, 0xD0, 0xB8, 0x00, 0x0C, 0x2F, 0xB8, 0x00, 0x00, 0xD0, 0xB8, 0x00,
		0x0F, 0x10, 0xB8, 0x00, 0x04, 0xDC, 0xB8, 0x00, 0x0C, 0x10, 0xB8, 0x00,
		0x07, 0xDC, 0xB8, 0x00, 0x04, 0x10, 0xB8, 0x00, 0x09, 0xD0, 0xB8, 0x00,
		0x04, 0x10, 0xB8, 0x00, 0x13, 0xDC, 0x00, 0xBB, 0x00, 0x09, 0x00, 0x01,
		0x00, 0x0A, 0x00, 0x04, 0x2B, 0xBB, 0x00, 0x01, 0x00, 0x01, 0x00, 0x10,
		0x00, 0x04, 0x2B, 0xBB, 0x00, 0x0F, 0x00, 0x01, 0x00, 0x06, 0x00, 0x04,
		0x2B, 0x30, 0x31, 0x13, 0x21, 0x15, 0x33, 0x15, 0x23, 0x15, 0x21, 0x15,
		0x21, 0x15, 0x21, 0x11, 0x33, 0x35, 0x21, 0x35, 0x21, 0x32, 0x01, 0xC2,
		0x32, 0x32, 0xFE, 0xA2, 0x01, 0x90, 0xFE, 0x0C, 0x32, 0x01, 0x5E, 0xFE,
		0x70, 0x02, 0x58, 0x32, 0xFA, 0x32, 0x96, 0x64, 0x01, 0x2C, 0x32, 0x96,
		0x00, 0x01, 0x00, 0x32, 0x00, 0x00, 0x02, 0x26, 0x02, 0x58, 0x00, 0x13,
		0x00, 0x51, 0xBA, 0x00, 0x08, 0x00, 0x0D, 0x00, 0x03, 0x2B, 0xB8, 0x00,
		0x08, 0x10, 0xB8, 0x00, 0x03, 0xD0, 0xB8, 0x00, 0x0D, 0x10, 0xB8, 0x00,
		0x11, 0xD0, 0xB8, 0x00, 0x08, 0x10, 0xB8, 0x00, 0x15, 0xDC, 0x00, 0xBB,
		0x00, 0x0D, 0x00, 0x01, 0x00, 0x0A, 0x00, 0x04, 0x2B, 0xBB, 0x00, 0x01,
		0x00, 0x01, 0x00, 0x12, 0x00, 0x04, 0x2B, 0xBB, 0x00, 0x05, 0x00, 0x01,
		0x00, 0x06, 0x00, 0x04, 0x2B, 0xB8, 0x00, 0x06, 0x10, 0xB8, 0x00, 0x0E,
		0xD0, 0xB8, 0x00, 0x05, 0x10, 0xB8, 0x00, 0x10, 0xD0, 0x30, 0x31, 0x13,
		0x21, 0x15, 0x33, 0x15, 0x23, 0x15, 0x33, 0x15, 0x23, 0x15, 0x21, 0x35,
		0x21, 0x35, 0x21, 0x35, 0x21, 0x35, 0x21, 0x32, 0x01, 0xC2, 0x32, 0x32,
		0x32, 0x32, 0xFE, 0x3E, 0x01, 0x90, 0xFE, 0xA2, 0x01, 0x5E, 0xFE, 0x70,
		0x02, 0x58, 0x32, 0xC8, 0x64, 0xC8, 0x32, 0x64, 0x96, 0x64, 0x96, 0x00,
		0x00, 0x01, 0x00, 0x32, 0x00, 0x00, 0x02, 0x26, 0x02, 0x58, 0x00, 0x0B,
		0x00, 0x3D, 0xB8, 0x00, 0x0C, 0x2F, 0xB8, 0x00, 0x04, 0x2F, 0xB8, 0x00,
		0x0C, 0x10, 0xB8, 0x00, 0x00, 0xD0, 0xB8, 0x00, 0x00, 0x2F, 0xB8, 0x00,
		0x01, 0xDC, 0xB8, 0x00, 0x04, 0x10, 0xB8, 0x00, 0x05, 0xDC, 0xB8, 0x00,
		0x04, 0x10, 0xB8, 0x00, 0x07, 0xD0, 0xB8, 0x00, 0x05, 0x10, 0xB8, 0x00,
		0x0D, 0xDC, 0x00, 0xBB, 0x00, 0x03, 0x00, 0x01, 0x00, 0x08, 0x00, 0x04,
		0x2B, 0x30, 0x31, 0x13, 0x33, 0x15, 0x21, 0x35, 0x33, 0x11, 0x23, 0x35,
		0x21, 0x35, 0x23, 0x32, 0x64, 0x01, 0x2C, 0x64, 0x64, 0xFE, 0xA2, 0x32,
		0x02, 0x58, 0xFA, 0xFA, 0xFD, 0xA8, 0xFA, 0x32, 0x00, 0x01, 0x00, 0x32,
		0x00, 0x00, 0x02, 0x26, 0x02, 0x58, 0x00, 0x0F, 0x00, 0x59, 0xB8, 0x00,
		0x10, 0x2F, 0xB8, 0x00, 0x0D, 0x2F, 0xB8, 0x00, 0x10, 0x10, 0xB8, 0x00,
		0x00, 0xD0, 0xB8, 0x00, 0x00, 0x2F, 0xB8, 0x00, 0x0D, 0x10, 0xB8, 0x00,
		0x08, 0xDC, 0xB8, 0x00, 0x01, 0xD0, 0xB8, 0x00, 0x00, 0x10, 0xB8, 0x00,
		0x03, 0xDC, 0xB8, 0x00, 0x00, 0x10, 0xB8, 0x00, 0x0B, 0xD0, 0xB8, 0x00,
		0x08, 0x10, 0xB8, 0x00, 0x11, 0xDC, 0x00, 0xBB, 0x00, 0x0D, 0x00, 0x01,
		0x00, 0x0A, 0x00, 0x04, 0x2B, 0xBB, 0x00, 0x01, 0x00, 0x01, 0x00, 0x02,
		0x00, 0x04, 0x2B, 0xBB, 0x00, 0x05, 0x00, 0x01, 0x00, 0x0E, 0x00, 0x04,
		0x2B, 0x30, 0x31, 0x13, 0x21, 0x15, 0x21, 0x15, 0x21, 0x15, 0x33, 0x15,
		0x23, 0x15, 0x21, 0x35, 0x21, 0x35, 0x21, 0x32, 0x01, 0xF4, 0xFE, 0x70,
		0x01, 0x5E, 0x32, 0x32, 0xFE, 0x3E, 0x01, 0x90, 0xFE, 0x70, 0x02, 0x58,
		0x64, 0x96, 0x32, 0xFA, 0x32, 0x64, 0x96, 0x00, 0x00, 0x02, 0x00, 0x32,
		0x00, 0x00, 0x02, 0x26, 0x02, 0x58, 0x00, 0x0F, 0x00, 0x13, 0x00, 0x55,
		0xB8, 0x00, 0x14, 0x2F, 0xB8, 0x00, 0x11, 0x2F, 0xB8, 0x00, 0x14, 0x10,
		0xB8, 0x00, 0x00, 0xD0, 0xB8, 0x00, 0x00, 0x2F, 0xB8, 0x00, 0x05, 0xDC,
		0xB8, 0x00, 0x11, 0x10, 0xB8, 0x00, 0x0A, 0xDC, 0xB8, 0x00, 0x05, 0x10,
		0xB8, 0x00, 0x10, 0xD0, 0xB8, 0x00, 0x10, 0x2F, 0xB8, 0x00, 0x0A, 0x10,
		0xB8, 0x00, 0x15, 0xDC, 0x00, 0xBB, 0x00, 0x11, 0x00, 0x01, 0x00, 0x0C,
		0x00, 0x04, 0x2B, 0xBB, 0x00, 0x03, 0x00, 0x01, 0x00, 0x04, 0x00, 0x04,
		0x2B, 0xBB, 0x00, 0x07, 0x00, 0x01, 0x00, 0x12, 0x00, 0x04, 0x2B, 0x30,
		0x31, 0x13, 0x33, 0x35, 0x21, 0x15, 0x21, 0x15, 0x21, 0x15, 0x33, 0x15,
		0x23, 0x15, 0x21, 0x35, 0x23, 0x37, 0x21, 0x35, 0x21, 0x32, 0x32, 0x01,
		0x90, 0xFE, 0xA2, 0x01, 0x5E, 0x32, 0x32, 0xFE, 0x70, 0x32, 0x67, 0x01,
		0x26, 0xFE, 0xDA, 0x02, 0x26, 0x32, 0x64, 0x96, 0x32, 0xFA, 0x32, 0x32,
		0x35, 0x90, 0x00, 0x00, 0x00, 0x01, 0x00, 0x32, 0x00, 0x00, 0x02, 0x26,
		0x02, 0x58, 0x00, 0x0B, 0x00, 0x39, 0xB8, 0x00, 0x0C, 0x2F, 0xB8, 0x00,
		0x07, 0x2F, 0xB8, 0x00, 0x0C, 0x10, 0xB8, 0x00, 0x00, 0xD0, 0xB8, 0x00,
		0x00, 0x2F, 0xB8, 0x00, 0x07, 0x10, 0xB8, 0x00, 0x06, 0xDC, 0xB8, 0x00,
		0x00, 0x10, 0xB8, 0x00, 0x09, 0xDC, 0xB8, 0x00, 0x06, 0x10, 0xB8, 0x00,
		0x0D, 0xDC, 0x00, 0xBB, 0x00, 0x03, 0x00, 0x01, 0x00, 0x08, 0x00, 0x04,
		0x2B, 0x30, 0x31, 0x13, 0x33, 0x35, 0x21, 0x15, 0x33, 0x11, 0x23, 0x11,
		0x21, 0x15, 0x23, 0x32, 0x32, 0x01, 0x90, 0x32, 0x64, 0xFE, 0xD4, 0x64,
		0x02, 0x26, 0x32, 0x32, 0xFD, 0xDA, 0x01, 0xF4, 0x96, 0x00, 0x00, 0x00,
		0x00, 0x03, 0x00, 0x32, 0x00, 0x00, 0x02, 0x26, 0x02, 0x58, 0x00, 0x13,
		0x00, 0x17, 0x00, 0x1B, 0x00, 0x85, 0xB8, 0x00, 0x1C, 0x2F, 0xB8, 0x00,
		0x15, 0x2F, 0xB8, 0x00, 0x1C, 0x10, 0xB8, 0x00, 0x00, 0xD0, 0xB8, 0x00,
		0x00, 0x2F, 0xB8, 0x00, 0x15, 0x10, 0xB8, 0x00, 0x0A, 0xDC, 0xB8, 0x00,
		0x05, 0xD0, 0xB8, 0x00, 0x00, 0x10, 0xB8, 0x00, 0x0F, 0xD0, 0xB8, 0x00,
		0x00, 0x10, 0xB8, 0x00, 0x1B, 0xDC, 0xB8, 0x00, 0x14, 0xD0, 0xB8, 0x00,
		0x15, 0x10, 0xB8, 0x00, 0x19, 0xD0, 0xB8, 0x00, 0x0A, 0x10, 0xB8, 0x00,
		0x1D, 0xDC, 0x00, 0xBB, 0x00, 0x15, 0x00, 0x01, 0x00, 0x0C, 0x00, 0x04,
		0x2B, 0xBB, 0x00, 0x03, 0x00, 0x01, 0x00, 0x1A, 0x00, 0x04, 0x2B, 0xBB,
		0x00, 0x07, 0x00, 0x01, 0x00, 0x08, 0x00, 0x04, 0x2B, 0xB8, 0x00, 0x08,
		0x10, 0xB8, 0x00, 0x10, 0xD0, 0xB8, 0x00, 0x07, 0x10, 0xB8, 0x00, 0x12,
		0xD0, 0xB8, 0x00, 0x08, 0x10, 0xB8, 0x00, 0x16, 0xD0, 0xB8, 0x00, 0x07,
		0x10, 0xB8, 0x00, 0x18, 0xD0, 0x30, 0x31, 0x13, 0x33, 0x35, 0x21, 0x15,
		0x33, 0x15, 0x23, 0x15, 0x33, 0x15, 0x23, 0x15, 0x21, 0x35, 0x23, 0x35,
		0x33, 0x35, 0x23, 0x17, 0x21, 0x35, 0x21, 0x35, 0x21, 0x35, 0x21, 0x32,
		0x32, 0x01, 0x90, 0x32, 0x32, 0x32, 0x32, 0xFE, 0x70, 0x32, 0x32, 0x32,
		0x64, 0x01, 0x2C, 0xFE, 0xD4, 0x01, 0x2C, 0xFE, 0xD4, 0x02, 0x26, 0x32,
		0x32, 0xC8, 0x64, 0xC8, 0x32, 0x32, 0xC8, 0x64, 0xFA, 0x96, 0x64, 0x96,
		0x00, 0x02, 0x00, 0x32, 0x00, 0x00, 0x02, 0x26, 0x02, 0x58, 0x00, 0x0F,
		0x00, 0x13, 0x00, 0x55, 0xB8, 0x00, 0x14, 0x2F, 0xB8, 0x00, 0x0B, 0x2F,
		0xB8, 0x00, 0x14, 0x10, 0xB8, 0x00, 0x00, 0xD0, 0xB8, 0x00, 0x00, 0x2F,
		0xB8, 0x00, 0x0B, 0x10, 0xB8, 0x00, 0x06, 0xDC, 0xB8, 0x00, 0x0B, 0x10,
		0xB8, 0x00, 0x11, 0xD0, 0xB8, 0x00, 0x00, 0x10, 0xB8, 0x00, 0x13, 0xDC,
		0xB8, 0x00, 0x06, 0x10, 0xB8, 0x00, 0x15, 0xDC, 0x00, 0xBB, 0x00, 0x0B,
		0x00, 0x01, 0x00, 0x08, 0x00, 0x04, 0x2B, 0xBB, 0x00, 0x03, 0x00, 0x01,
		0x00, 0x12, 0x00, 0x04, 0x2B, 0xBB, 0x00, 0x11, 0x00, 0x01, 0x00, 0x0C,
		0x00, 0x04, 0x2B, 0x30, 0x31, 0x13, 0x33, 0x35, 0x21, 0x15, 0x33, 0x11,
		0x23, 0x15, 0x21, 0x35, 0x21, 0x35, 0x21, 0x35, 0x23, 0x37, 0x21, 0x35,
		0x21, 0x32, 0x32, 0x01, 0x90, 0x32, 0x32, 0xFE, 0x70, 0x01, 0x5E, 0xFE,
		0xA2, 0x32, 0x64, 0x01, 0x2C, 0xFE, 0xD4, 0x02, 0x26, 0x32, 0x32, 0xFE,
		0x0C, 0x32, 0x64, 0x96, 0x32, 0x32, 0x96, 0x00, 0x00, 0x02, 0x00, 0x32,
		0x00, 0x64, 0x00, 0x96, 0x01, 0xF4, 0x00, 0x03, 0x00, 0x07, 0x00, 0x2F,
		0xBA, 0x00, 0x01, 0x00, 0x00, 0x00, 0x03, 0x2B, 0xB8, 0x00, 0x00, 0x10,
		0xB8, 0x00, 0x04, 0xD0, 0xB8, 0x00, 0x01, 0x10, 0xB8, 0x00, 0x05, 0xD0,
		0x00, 0xBB, 0x00, 0x05, 0x00, 0x01, 0x00, 0x06, 0x00, 0x04, 0x2B, 0xBB,
		0x00, 0x01, 0x00, 0x01, 0x00, 0x02, 0x00, 0x04, 0x2B, 0x30, 0x31, 0x13,
		0x33, 0x15, 0x23, 0x15, 0x33, 0x15, 0x23, 0x32, 0x64, 0x64, 0x64, 0x64,
		0x01, 0xF4, 0x64, 0xC8, 0x64, 0x00, 0x00, 0x00, 0x00, 0x02, 0x00, 0x32,
		0xFF, 0x9C, 0x00, 0xC8, 0x01, 0xF4, 0x00, 0x09, 0x00, 0x0D, 0x00, 0x3F,
		0xBA, 0x00, 0x01, 0x00, 0x00, 0x00, 0x03, 0x2B, 0xB8, 0x00, 0x01, 0x10,
		0xB8, 0x00, 0x05, 0xD0, 0xB8, 0x00, 0x00, 0x10, 0xB8, 0x00, 0x0A, 0xD0,
		0xB8, 0x00, 0x01, 0x10, 0xB8, 0x00, 0x0B, 0xD0, 0x00, 0xBB, 0x00, 0x00,
		0x00, 0x01, 0x00, 0x09, 0x00, 0x04, 0x2B, 0xBB, 0x00, 0x0B, 0x00, 0x01,
		0x00, 0x0C, 0x00, 0x04, 0x2B, 0xB8, 0x00, 0x09, 0x10, 0xB8, 0x00, 0x02,
		0xD0, 0x30, 0x31, 0x37, 0x33, 0x15, 0x33, 0x15, 0x23, 0x35, 0x23, 0x35,
		0x23, 0x11, 0x33, 0x15, 0x23, 0x32, 0x64, 0x32, 0x32, 0x32, 0x32, 0x64,
		0x64, 0x64, 0x64, 0x64, 0x32, 0x32, 0x01, 0xF4, 0x64, 0x00, 0x00, 0x00,
		0x00, 0x01, 0x00, 0x32, 0x00, 0x64, 0x01, 0x2C, 0x01, 0xF4, 0x00, 0x1B,
		0x00, 0x95, 0xBA, 0x00, 0x0D, 0x00, 0x00, 0x00, 0x03, 0x2B, 0xBA, 0x00,
		0x01, 0x00, 0x00, 0x00, 0x0D, 0x11, 0x12, 0x39, 0xB8, 0x00, 0x01, 0x2F,
		0xB8, 0x00, 0x0D, 0x10, 0xB8, 0x00, 0x03, 0xD0, 0xB8, 0x00, 0x01, 0x10,
		0xB8, 0x00, 0x0C, 0xDC, 0xB8, 0x00, 0x05, 0xD0, 0xB8, 0x00, 0x0C, 0x10,
		0xB8, 0x00, 0x08, 0xDC, 0xB8, 0x00, 0x0D, 0x10, 0xB8, 0x00, 0x0A, 0xDC,
		0xB8, 0x00, 0x05, 0x10, 0xB8, 0x00, 0x0B, 0xD0, 0xB8, 0x00, 0x0C, 0x10,
		0xB8, 0x00, 0x0F, 0xD0, 0xB8, 0x00, 0x05, 0x10, 0xB8, 0x00, 0x10, 0xD0,
		0xB8, 0x00, 0x0A, 0x10, 0xB8, 0x00, 0x11, 0xD0, 0xB8, 0x00, 0x08, 0x10,
		0xB8, 0x00, 0x13, 0xD0, 0xB8, 0x00, 0x0C, 0x10, 0xB8, 0x00, 0x15, 0xD0,
		0xB8, 0x00, 0x05, 0x10, 0xB8, 0x00, 0x16, 0xD0, 0xB8, 0x00, 0x0D, 0x10,
		0xB8, 0x00, 0x17, 0xD0, 0xB8, 0x00, 0x03, 0x10, 0xB8, 0x00, 0x18, 0xD0,
		0xB8, 0x00, 0x01, 0x10, 0xB8, 0x00, 0x19, 0xD0, 0x00, 0xB8, 0x00, 0x06,
		0x2F, 0xB8, 0x00, 0x14, 0x2F, 0x30, 0x31, 0x13, 0x33, 0x35, 0x33, 0x35,
		0x33, 0x35, 0x33, 0x15, 0x23, 0x15, 0x23, 0x15, 0x23, 0x15, 0x33, 0x15,
		0x33, 0x15, 0x33, 0x15, 0x23, 0x35, 0x23, 0x35, 0x23, 0x35, 0x23, 0x32,
		0x32, 0x32, 0x32, 0x64, 0x32, 0x32, 0x32, 0x32, 0x32, 0x32, 0x64, 0x32,
		0x32, 0x32, 0x01, 0x5E, 0x32, 0x32, 0x32, 0x32, 0x32, 0x32, 0x64, 0x32,
		0x32, 0x32, 0x32, 0x32, 0x32, 0x00, 0x00, 0x00, 0x00, 0x02, 0x00, 0x32,
		0x00, 0x96, 0x01, 0xC2, 0x01, 0xC2, 0x00, 0x03, 0x00, 0x07, 0x00, 0x17,
		0x00, 0xBB, 0x00, 0x05, 0x00, 0x01, 0x00, 0x06, 0x00, 0x04, 0x2B, 0xBB,
		0x00, 0x01, 0x00, 0x01, 0x00, 0x02, 0x00, 0x04, 0x2B, 0x30, 0x31, 0x13,
		0x21, 0x15, 0x21, 0x15, 0x21, 0x15, 0x21, 0x32, 0x01, 0x90, 0xFE, 0x70,
		0x01, 0x90, 0xFE, 0x70, 0x01, 0xC2, 0x64, 0x64, 0x64, 0x00, 0x00, 0x00,
		0x00, 0x01, 0x00, 0x32, 0x00, 0x64, 0x01, 0x2C, 0x01, 0xF4, 0x00, 0x1B,
		0x00, 0x91, 0xBA, 0x00, 0x01, 0x00, 0x00, 0x00, 0x03, 0x2B, 0xBA, 0x00,
		0x11, 0x00, 0x00, 0x00, 0x01, 0x11, 0x12, 0x39, 0xB8, 0x00, 0x11, 0x2F,
		0xB8, 0x00, 0x0C, 0xDC, 0xB8, 0x00, 0x03, 0xD0, 0xB8, 0x00, 0x16, 0x10,
		0xB8, 0x00, 0x04, 0xD0, 0xB8, 0x00, 0x01, 0x10, 0xB8, 0x00, 0x05, 0xDC,
		0xB8, 0x00, 0x0C, 0x10, 0xB8, 0x00, 0x07, 0xDC, 0xB8, 0x00, 0x05, 0x10,
		0xB8, 0x00, 0x09, 0xD0, 0xB8, 0x00, 0x16, 0x10, 0xB8, 0x00, 0x0B, 0xD0,
		0xB8, 0x00, 0x01, 0x10, 0xB8, 0x00, 0x0D, 0xD0, 0xB8, 0x00, 0x18, 0x10,
		0xB8, 0x00, 0x0E, 0xD0, 0xB8, 0x00, 0x00, 0x10, 0xB8, 0x00, 0x0F, 0xD0,
		0xB8, 0x00, 0x01, 0x10, 0xB8, 0x00, 0x13, 0xD0, 0xB8, 0x00, 0x18, 0x10,
		0xB8, 0x00, 0x14, 0xD0, 0xB8, 0x00, 0x0C, 0x10, 0xB8, 0x00, 0x15, 0xD0,
		0xB8, 0x00, 0x01, 0x10, 0xB8, 0x00, 0x17, 0xD0, 0xB8, 0x00, 0x11, 0x10,
		0xB8, 0x00, 0x19, 0xD0, 0x00, 0xB8, 0x00, 0x00, 0x2F, 0xB8, 0x00, 0x0E,
		0x2F, 0x30, 0x31, 0x13, 0x33, 0x15, 0x33, 0x15, 0x33, 0x15, 0x33, 0x15,
		0x23, 0x15, 0x23, 0x15, 0x23, 0x15, 0x23, 0x35, 0x33, 0x35, 0x33, 0x35,
		0x33, 0x35, 0x23, 0x35, 0x23, 0x35, 0x23, 0x32, 0x64, 0x32, 0x32, 0x32,
		0x32, 0x32, 0x32, 0x64, 0x32, 0x32, 0x32, 0x32, 0x32, 0x32, 0x01, 0xF4,
		0x32, 0x32, 0x32, 0x64, 0x32, 0x32, 0x32, 0x32, 0x32, 0x32, 0x64, 0x32,
		0x32, 0x00, 0x00, 0x00, 0x00, 0x02, 0x00, 0x32, 0x00, 0x00, 0x01, 0xC2,
		0x02, 0x58, 0x00, 0x17, 0x00, 0x1B, 0x00, 0xAB, 0xB8, 0x00, 0x1C, 0x2F,
		0xB8, 0x00, 0x00, 0xD0, 0xB8, 0x00, 0x00, 0x2F, 0xB8, 0x00, 0x0D, 0xDC,
		0x41, 0x03, 0x00, 0xEF, 0x00, 0x0D, 0x00, 0x01, 0x5D, 0x41, 0x03, 0x00,
		0x0F, 0x00, 0x0D, 0x00, 0x01, 0x5D, 0x41, 0x03, 0x00, 0x80, 0x00, 0x0D,
		0x00, 0x01, 0x5D, 0x41, 0x05, 0x00, 0x10, 0x00, 0x0D, 0x00, 0x20, 0x00,
		0x0D, 0x00, 0x02, 0x5D, 0xB8, 0x00, 0x09, 0xDC, 0x41, 0x03, 0x00, 0xEF,
		0x00, 0x09, 0x00, 0x01, 0x5D, 0x41, 0x03, 0x00, 0x0F, 0x00, 0x09, 0x00,
		0x01, 0x5D, 0x41, 0x05, 0x00, 0x10, 0x00, 0x09, 0x00, 0x20, 0x00, 0x09,
		0x00, 0x02, 0x5D, 0x41, 0x03, 0x00, 0x80, 0x00, 0x09, 0x00, 0x01, 0x5D,
		0xB8, 0x00, 0x06, 0xDC, 0xB8, 0x00, 0x0D, 0x10, 0xB8, 0x00, 0x0C, 0xDC,
		0xB8, 0x00, 0x11, 0xD0, 0xB8, 0x00, 0x09, 0x10, 0xB8, 0x00, 0x13, 0xD0,
		0xB8, 0x00, 0x00, 0x10, 0xB8, 0x00, 0x15, 0xDC, 0xB8, 0x00, 0x0D, 0x10,
		0xB8, 0x00, 0x18, 0xD0, 0xB8, 0x00, 0x06, 0x10, 0xB8, 0x00, 0x1D, 0xDC,
		0x00, 0xBB, 0x00, 0x19, 0x00, 0x01, 0x00, 0x1A, 0x00, 0x04, 0x2B, 0xBB,
		0x00, 0x03, 0x00, 0x01, 0x00, 0x14, 0x00, 0x04, 0x2B, 0x30, 0x31, 0x13,
		0x33, 0x35, 0x21, 0x15, 0x33, 0x15, 0x23, 0x15, 0x23, 0x15, 0x23, 0x15,
		0x23, 0x35, 0x33, 0x35, 0x33, 0x35, 0x33, 0x35, 0x23, 0x15, 0x23, 0x13,
		0x33, 0x15, 0x23, 0x32, 0x32, 0x01, 0x2C, 0x32, 0x32, 0x32, 0x32, 0x64,
		0x32, 0x32, 0x32, 0xC8, 0x64, 0x96, 0x64, 0x64, 0x02, 0x26, 0x32, 0x32,
		0xFA, 0x32, 0x32, 0x32, 0x64, 0x32, 0x32, 0x96, 0x64, 0xFE, 0xD4, 0x64,
		0x00, 0x01, 0x00, 0x32, 0x00, 0x00, 0x02, 0x26, 0x02, 0x58, 0x00, 0x19,
		0x00, 0x97, 0xB8, 0x00, 0x1A, 0x2F, 0xB8, 0x00, 0x00, 0xD0, 0xB8, 0x00,
		0x00, 0x2F, 0xB8, 0x00, 0x09, 0xDC, 0x41, 0x03, 0x00, 0xDF, 0x00, 0x09,
		0x00, 0x01, 0x5D, 0x41, 0x03, 0x00, 0x40, 0x00, 0x09, 0x00, 0x01, 0x5D,
		0x41, 0x03, 0x00, 0x90, 0x00, 0x09, 0x00, 0x01, 0x5D, 0xB8, 0x00, 0x0D,
		0xDC, 0x41, 0x03, 0x00, 0xDF, 0x00, 0x0D, 0x00, 0x01, 0x5D, 0x41, 0x03,
		0x00, 0x40, 0x00, 0x0D, 0x00, 0x01, 0x5D, 0x41, 0x03, 0x00, 0x90, 0x00,
		0x0D, 0x00, 0x01, 0x5D, 0xB8, 0x00, 0x06, 0xDC, 0xB8, 0x00, 0x09, 0x10,
		0xB8, 0x00, 0x0C, 0xDC, 0xB8, 0x00, 0x00, 0x10, 0xB8, 0x00, 0x0F, 0xDC,
		0xB8, 0x00, 0x0D, 0x10, 0xB8, 0x00, 0x11, 0xD0, 0xB8, 0x00, 0x06, 0x10,
		0xB8, 0x00, 0x13, 0xD0, 0xB8, 0x00, 0x06, 0x10, 0xB8, 0x00, 0x1B, 0xDC,
		0x00, 0xBB, 0x00, 0x11, 0x00, 0x01, 0x00, 0x16, 0x00, 0x04, 0x2B, 0xBB,
		0x00, 0x03, 0x00, 0x01, 0x00, 0x0E, 0x00, 0x04, 0x2B, 0xBB, 0x00, 0x0D,
		0x00, 0x01, 0x00, 0x08, 0x00, 0x04, 0x2B, 0x30, 0x31, 0x13, 0x33, 0x35,
		0x21, 0x15, 0x33, 0x11, 0x23, 0x15, 0x23, 0x35, 0x33, 0x15, 0x33, 0x35,
		0x21, 0x11, 0x21, 0x35, 0x33, 0x15, 0x23, 0x15, 0x21, 0x35, 0x23, 0x32,
		0x32, 0x01, 0x90, 0x32, 0x32, 0xFA, 0x64, 0x64, 0xFE, 0xD4, 0x01, 0x2C,
		0x64, 0x32, 0xFE, 0x70, 0x32, 0x02, 0x26, 0x32, 0x32, 0xFE, 0xD4, 0x32,
		0xC8, 0x64, 0xC8, 0xFE, 0x70, 0x32, 0x64, 0x32, 0x32, 0x00, 0x00, 0x00,
		0x00, 0x02, 0x00, 0x32, 0x00, 0x00, 0x02, 0x26, 0x02, 0x58, 0x00, 0x0B,
		0x00, 0x0F, 0x00, 0x4F, 0xB8, 0x00, 0x10, 0x2F, 0xB8, 0x00, 0x07, 0x2F,
		0xB8, 0x00, 0x10, 0x10, 0xB8, 0x00, 0x00, 0xD0, 0xB8, 0x00, 0x00, 0x2F,
		0xB8, 0x00, 0x07, 0x10, 0xB8, 0x00, 0x06, 0xDC, 0xB8, 0x00, 0x00, 0x10,
		0xB8, 0x00, 0x0F, 0xDC, 0xB8, 0x00, 0x09, 0xD0, 0xB8, 0x00, 0x07, 0x10,
		0xB8, 0x00, 0x0D, 0xD0, 0xB8, 0x00, 0x06, 0x10, 0xB8, 0x00, 0x11, 0xDC,
		0x00, 0xBB, 0x00, 0x03, 0x00, 0x01, 0x00, 0x0E, 0x00, 0x04, 0x2B, 0xBB,
		0x00, 0x0D, 0x00, 0x01, 0x00, 0x08, 0x00, 0x04, 0x2B, 0x30, 0x31, 0x13,
		0x33, 0x35, 0x21, 0x15, 0x33, 0x11, 0x23, 0x35, 0x21, 0x15, 0x23, 0x13,
		0x21, 0x35, 0x21, 0x32, 0x32, 0x01, 0x90, 0x32, 0x64, 0xFE, 0xD4, 0x64,
		0x64, 0x01, 0x2C, 0xFE, 0xD4, 0x02, 0x26, 0x32, 0x32, 0xFD, 0xDA, 0xC8,
		0xC8, 0x01, 0x2C, 0xC8, 0x00, 0x03, 0x00, 0x32, 0x00, 0x00, 0x02, 0x26,
		0x02, 0x58, 0x00, 0x07, 0x00, 0x0B, 0x00, 0x0F, 0x00, 0x59, 0xB8, 0x00,
		0x10, 0x2F, 0xB8, 0x00, 0x08, 0x2F, 0xB8, 0x00, 0x10, 0x10, 0xB8, 0x00,
		0x00, 0xD0, 0xB8, 0x00, 0x00, 0x2F, 0xB8, 0x00, 0x08, 0x10, 0xB8, 0x00,
		0x03, 0xDC, 0xB8, 0x00, 0x00, 0x10, 0xB8, 0x00, 0x09, 0xDC, 0xB8, 0x00,
		0x0C, 0xD0, 0xB8, 0x00, 0x08, 0x10, 0xB8, 0x00, 0x0D, 0xD0, 0xB8, 0x00,
		0x03, 0x10, 0xB8, 0x00, 0x11, 0xDC, 0x00, 0xBB, 0x00, 0x0D, 0x00, 0x01,
		0x00, 0x06, 0x00, 0x04, 0x2B, 0xBB, 0x00, 0x01, 0x00, 0x01, 0x00, 0x08,
		0x00, 0x04, 0x2B, 0xBB, 0x00, 0x0B, 0x00, 0x01, 0x00, 0x0E, 0x00, 0x04,
		0x2B, 0x30, 0x31, 0x13, 0x21, 0x15, 0x33, 0x11, 0x23, 0x15, 0x21, 0x01,
		0x21, 0x15, 0x21, 0x05, 0x21, 0x35, 0x21, 0x32, 0x01, 0xC2, 0x32, 0x32,
		0xFE, 0x3E, 0x01, 0x90, 0xFE, 0xD4, 0x01, 0x2C, 0xFE, 0xD4, 0x01, 0x2C,
		0xFE, 0xD4, 0x02, 0x58, 0x32, 0xFE, 0x0C, 0x32, 0x01, 0xF4, 0x96, 0xFA,
		0x96, 0x00, 0x00, 0x00, 0x00, 0x01, 0x00, 0x32, 0x00, 0x00, 0x02, 0x26,
		0x02, 0x58, 0x00, 0x0B, 0x00, 0x1F, 0xBA, 0x00, 0x05, 0x00, 0x00, 0x00,
		0x03, 0x2B, 0x00, 0xBB, 0x00, 0x07, 0x00, 0x01, 0x00, 0x08, 0x00, 0x04,
		0x2B, 0xBB, 0x00, 0x03, 0x00, 0x01, 0x00, 0x04, 0x00, 0x04, 0x2B, 0x30,
		0x31, 0x13, 0x33, 0x35, 0x21, 0x15, 0x21, 0x11, 0x21, 0x15, 0x21, 0x35,
		0x23, 0x32, 0x32, 0x01, 0xC2, 0xFE, 0x70, 0x01, 0x90, 0xFE, 0x3E, 0x32,
		0x02, 0x26, 0x32, 0x64, 0xFE, 0x70, 0x64, 0x32, 0x00, 0x02, 0x00, 0x32,
		0x00, 0x00, 0x02, 0x26, 0x02, 0x58, 0x00, 0x0B, 0x00, 0x13, 0x00, 0x63,
		0xB8, 0x00, 0x14, 0x2F, 0xB8, 0x00, 0x02, 0x2F, 0xB8, 0x00, 0x14, 0x10,
		0xB8, 0x00, 0x00, 0xD0, 0xB8, 0x00, 0x00, 0x2F, 0xB8, 0x00, 0x02, 0x10,
		0xB8, 0x00, 0x05, 0xDC, 0xB8, 0x00, 0x02, 0x10, 0xB8, 0x00, 0x09, 0xD0,
		0xB8, 0x00, 0x00, 0x10, 0xB8, 0x00, 0x0D, 0xDC, 0xB8, 0x00, 0x02, 0x10,
		0xB8, 0x00, 0x11, 0xD0, 0xB8, 0x00, 0x05, 0x10, 0xB8, 0x00, 0x15, 0xDC,
		0x00, 0xBB, 0x00, 0x07, 0x00, 0x01, 0x00, 0x0A, 0x00, 0x04, 0x2B, 0xBB,
		0x00, 0x01, 0x00, 0x01, 0x00, 0x04, 0x00, 0x04, 0x2B, 0xB8, 0x00, 0x04,
		0x10, 0xB8, 0x00, 0x0C, 0xD0, 0xB8, 0x00, 0x07, 0x10, 0xB8, 0x00, 0x0E,
		0xD0, 0x30, 0x31, 0x13, 0x21, 0x15, 0x33, 0x15, 0x33, 0x11, 0x23, 0x15,
		0x23, 0x15, 0x21, 0x01, 0x23, 0x11, 0x33, 0x35, 0x33, 0x11, 0x23, 0x32,
		0x01, 0x90, 0x32, 0x32, 0x32, 0x32, 0xFE, 0x70, 0x01, 0x5E, 0xFA, 0xFA,
		0x32, 0x32, 0x02, 0x58, 0x32, 0x32, 0xFE, 0x70, 0x32, 0x32, 0x01, 0xF4,
		0xFE, 0x70, 0x32, 0x01, 0x2C, 0x00, 0x00, 0x00, 0x00, 0x01, 0x00, 0x32,
		0x00, 0x00, 0x02, 0x26, 0x02, 0x58, 0x00, 0x09, 0x00, 0x27, 0xBA, 0x00,
		0x03, 0x00, 0x00, 0x00, 0x03, 0x2B, 0xB8, 0x00, 0x03, 0x10, 0xB8, 0x00,
		0x07, 0xD0, 0x00, 0xBB, 0x00, 0x01, 0x00, 0x01, 0x00, 0x02, 0x00, 0x04,
		0x2B, 0xBB, 0x00, 0x05, 0x00, 0x01, 0x00, 0x06, 0x00, 0x04, 0x2B, 0x30,
		0x31, 0x13, 0x21, 0x15, 0x21, 0x15, 0x21, 0x15, 0x21, 0x15, 0x23, 0x32,
		0x01, 0xF4, 0xFE, 0x70, 0x01, 0x5E, 0xFE, 0xA2, 0x64, 0x02, 0x58, 0x64,
		0x96, 0x64, 0xFA, 0x00, 0x00, 0x01, 0x00, 0x32, 0x00, 0x00, 0x02, 0x26,
		0x02, 0x58, 0x00, 0x0F, 0x00, 0x51, 0xB8, 0x00, 0x10, 0x2F, 0xB8, 0x00,
		0x07, 0x2F, 0xB8, 0x00, 0x10, 0x10, 0xB8, 0x00, 0x00, 0xD0, 0xB8, 0x00,
		0x00, 0x2F, 0xB8, 0x00, 0x07, 0x10, 0xB8, 0x00, 0x0C, 0xDC, 0xB8, 0x00,
		0x03, 0xD0, 0xB8, 0x00, 0x00, 0x10, 0xB8, 0x00, 0x05, 0xDC, 0xB8, 0x00,
		0x0C, 0x10, 0xB8, 0x00, 0x11, 0xDC, 0x00, 0xBB, 0x00, 0x07, 0x00, 0x01,
		0x00, 0x0C, 0x00, 0x04, 0x2B, 0xBB, 0x00, 0x03, 0x00, 0x01, 0x00, 0x04,
		0x00, 0x04, 0x2B, 0xBB, 0x00, 0x0B, 0x00, 0x01, 0x00, 0x08, 0x00, 0x04,
		0x2B, 0x30, 0x31, 0x13, 0x33, 0x35, 0x21, 0x15, 0x21, 0x11, 0x21, 0x35,
		0x23, 0x35, 0x33, 0x11, 0x21, 0x35, 0x23, 0x32, 0x32, 0x01, 0xC2, 0xFE,
		0x70, 0x01, 0x2C, 0x96, 0xFA, 0xFE, 0x3E, 0x32, 0x02, 0x26, 0x32, 0x64,
		0xFE, 0x70, 0x96, 0x64, 0xFE, 0xA2, 0x32, 0x00, 0x00, 0x01, 0x00, 0x32,
		0x00, 0x00, 0x02, 0x26, 0x02, 0x58, 0x00, 0x0B, 0x00, 0x45, 0xB8, 0x00,
		0x0C, 0x2F, 0xB8, 0x00, 0x04, 0x2F, 0xB8, 0x00, 0x0C, 0x10, 0xB8, 0x00,
		0x00, 0xD0, 0xB8, 0x00, 0x00, 0x2F, 0xB8, 0x00, 0x01, 0xDC, 0xB8, 0x00,
		0x04, 0x10, 0xB8, 0x00, 0x05, 0xDC, 0xB8, 0x00, 0x04, 0x10, 0xB8, 0x00,
		0x07, 0xD0, 0xB8, 0x00, 0x01, 0x10, 0xB8, 0x00, 0x09, 0xD0, 0xB8, 0x00,
		0x05, 0x10, 0xB8, 0x00, 0x0D, 0xDC, 0x00, 0xBB, 0x00, 0x03, 0x00, 0x01,
		0x00, 0x08, 0x00, 0x04, 0x2B, 0x30, 0x31, 0x13, 0x33, 0x15, 0x21, 0x35,
		0x33, 0x11, 0x23, 0x35, 0x21, 0x15, 0x23, 0x32, 0x64, 0x01, 0x2C, 0x64,
		0x64, 0xFE, 0xD4, 0x64, 0x02, 0x58, 0xFA, 0xFA, 0xFD, 0xA8, 0xFA, 0xFA,
		0x00, 0x01, 0x00, 0x32, 0x00, 0x00, 0x00, 0xFA, 0x02, 0x58, 0x00, 0x0B,
		0x00, 0x2F, 0xBA, 0x00, 0x04, 0x00, 0x09, 0x00, 0x03, 0x2B, 0x00, 0xBB,
		0x00, 0x05, 0x00, 0x01, 0x00, 0x06, 0x00, 0x04, 0x2B, 0xBB, 0x00, 0x01,
		0x00, 0x01, 0x00, 0x02, 0x00, 0x04, 0x2B, 0xB8, 0x00, 0x05, 0x10, 0xB8,
		0x00, 0x08, 0xD0, 0xB8, 0x00, 0x02, 0x10, 0xB8, 0x00, 0x0A, 0xD0, 0x30,
		0x31, 0x13, 0x33, 0x15, 0x23, 0x11, 0x33, 0x15, 0x23, 0x35, 0x33, 0x11,
		0x23, 0x32, 0xC8, 0x32, 0x32, 0xC8, 0x32, 0x32, 0x02, 0x58, 0x64, 0xFE,
		0x70, 0x64, 0x64, 0x01, 0x90, 0x00, 0x00, 0x00, 0x00, 0x01, 0x00, 0x32,
		0x00, 0x00, 0x02, 0x26, 0x02, 0x58, 0x00, 0x0D, 0x00, 0x3F, 0xB8, 0x00,
		0x0E, 0x2F, 0xB8, 0x00, 0x0B, 0x2F, 0xB8, 0x00, 0x0E, 0x10, 0xB8, 0x00,
		0x07, 0xD0, 0xB8, 0x00, 0x07, 0x2F, 0xB8, 0x00, 0x0A, 0xDC, 0xB8, 0x00,
		0x00, 0xD0, 0xB8, 0x00, 0x0B, 0x10, 0xB8, 0x00, 0x02, 0xDC, 0xB8, 0x00,
		0x0F, 0xDC, 0x00, 0xBB, 0x00, 0x0B, 0x00, 0x01, 0x00, 0x04, 0x00, 0x04,
		0x2B, 0xBB, 0x00, 0x01, 0x00, 0x01, 0x00, 0x0C, 0x00, 0x04, 0x2B, 0x30,
		0x31, 0x13, 0x21, 0x11, 0x23, 0x15, 0x21, 0x35, 0x23, 0x35, 0x33, 0x15,
		0x21, 0x11, 0x21, 0x96, 0x01, 0x90, 0x32, 0xFE, 0x70, 0x32, 0x64, 0x01,
		0x2C, 0xFE, 0xD4, 0x02, 0x58, 0xFD, 0xDA, 0x32, 0x32, 0xC8, 0x96, 0x01,
		0x90, 0x00, 0x00, 0x00, 0x00, 0x01, 0x00, 0x32, 0x00, 0x00, 0x02, 0x26,
		0x02, 0x58, 0x00, 0x2B, 0x00, 0xBF, 0xB8, 0x00, 0x2C, 0x2F, 0xB8, 0x00,
		0x00, 0xD0, 0xB8, 0x00, 0x00, 0x2F, 0xB8, 0x00, 0x01, 0xDC, 0xB8, 0x00,
		0x00, 0x10, 0xB8, 0x00, 0x03, 0xDC, 0x41, 0x03, 0x00, 0xDF, 0x00, 0x03,
		0x00, 0x01, 0x5D, 0x41, 0x03, 0x00, 0x40, 0x00, 0x03, 0x00, 0x01, 0x5D,
		0x41, 0x03, 0x00, 0x90, 0x00, 0x03, 0x00, 0x01, 0x5D, 0xB8, 0x00, 0x15,
		0xDC, 0xB8, 0x00, 0x07, 0xD0, 0xB8, 0x00, 0x03, 0x10, 0xB8, 0x00, 0x0C,
		0xDC, 0x41, 0x03, 0x00, 0xDF, 0x00, 0x0C, 0x00, 0x01, 0x5D, 0x41, 0x03,
		0x00, 0x90, 0x00, 0x0C, 0x00, 0x01, 0x5D, 0x41, 0x03, 0x00, 0x40, 0x00,
		0x0C, 0x00, 0x01, 0x5D, 0xB8, 0x00, 0x0D, 0xDC, 0xB8, 0x00, 0x0C, 0x10,
		0xB8, 0x00, 0x11, 0xD0, 0xB8, 0x00, 0x0C, 0x10, 0xB8, 0x00, 0x19, 0xD0,
		0xB8, 0x00, 0x0D, 0x10, 0xB8, 0x00, 0x1D, 0xD0, 0xB8, 0x00, 0x0C, 0x10,
		0xB8, 0x00, 0x1F, 0xD0, 0xB8, 0x00, 0x15, 0x10, 0xB8, 0x00, 0x23, 0xD0,
		0xB8, 0x00, 0x03, 0x10, 0xB8, 0x00, 0x27, 0xD0, 0xB8, 0x00, 0x01, 0x10,
		0xB8, 0x00, 0x29, 0xD0, 0xB8, 0x00, 0x0D, 0x10, 0xB8, 0x00, 0x2D, 0xDC,
		0x00, 0xBB, 0x00, 0x15, 0x00, 0x01, 0x00, 0x16, 0x00, 0x04, 0x2B, 0xB8,
		0x00, 0x15, 0x10, 0xB8, 0x00, 0x02, 0xD0, 0xB8, 0x00, 0x16, 0x10, 0xB8,
		0x00, 0x28, 0xD0, 0x30, 0x31, 0x13, 0x33, 0x15, 0x33, 0x35, 0x33, 0x35,
		0x33, 0x35, 0x33, 0x35, 0x33, 0x35, 0x33, 0x15, 0x23, 0x15, 0x23, 0x15,
		0x23, 0x15, 0x23, 0x15, 0x33, 0x15, 0x33, 0x15, 0x33, 0x15, 0x33, 0x15,
		0x23, 0x35, 0x23, 0x35, 0x23, 0x35, 0x23, 0x35, 0x23, 0x35, 0x23, 0x15,
		0x23, 0x32, 0x64, 0x64, 0x32, 0x32, 0x32, 0x32, 0x64, 0x32, 0x32, 0x32,
		0x32, 0x32, 0x32, 0x32, 0x32, 0x64, 0x32, 0x32, 0x32, 0x32, 0x64, 0x64,
		0x02, 0x58, 0xFA, 0x32, 0x32, 0x32, 0x32, 0x32, 0x64, 0x32, 0x32, 0x32,
		0x64, 0x32, 0x32, 0x32, 0x64, 0x32, 0x32, 0x32, 0x32, 0x32, 0xFA, 0x00,
		0x00, 0x01, 0x00, 0x32, 0x00, 0x00, 0x02, 0x26, 0x02, 0x58, 0x00, 0x05,
		0x00, 0x15, 0xBA, 0x00, 0x01, 0x00, 0x00, 0x00, 0x03, 0x2B, 0x00, 0xBB,
		0x00, 0x03, 0x00, 0x01, 0x00, 0x04, 0x00, 0x04, 0x2B, 0x30, 0x31, 0x13,
		0x33, 0x11, 0x21, 0x15, 0x21, 0x32, 0x64, 0x01, 0x90, 0xFE, 0x0C, 0x02,
		0x58, 0xFE, 0x0C, 0x64, 0x00, 0x01, 0x00, 0x32, 0x00, 0x00, 0x02, 0x26,
		0x02, 0x58, 0x00, 0x1F, 0x00, 0x93, 0xB8, 0x00, 0x20, 0x2F, 0xB8, 0x00,
		0x00, 0xD0, 0xB8, 0x00, 0x00, 0x2F, 0xB8, 0x00, 0x03, 0xDC, 0xB8, 0x00,
		0x00, 0x10, 0xB8, 0x00, 0x07, 0xDC, 0x41, 0x03, 0x00, 0xDF, 0x00, 0x07,
		0x00, 0x01, 0x5D, 0x41, 0x03, 0x00, 0x90, 0x00, 0x07, 0x00, 0x01, 0x5D,
		0x41, 0x03, 0x00, 0x40, 0x00, 0x07, 0x00, 0x01, 0x5D, 0xB8, 0x00, 0x0A,
		0xDC, 0xB8, 0x00, 0x07, 0x10, 0xB8, 0x00, 0x0E, 0xDC, 0x41, 0x03, 0x00,
		0xDF, 0x00, 0x0E, 0x00, 0x01, 0x5D, 0x41, 0x03, 0x00, 0x90, 0x00, 0x0E,
		0x00, 0x01, 0x5D, 0x41, 0x03, 0x00, 0x40, 0x00, 0x0E, 0x00, 0x01, 0x5D,
		0xB8, 0x00, 0x11, 0xDC, 0xB8, 0x00, 0x0E, 0x10, 0xB8, 0x00, 0x13, 0xD0,
		0xB8, 0x00, 0x0A, 0x10, 0xB8, 0x00, 0x17, 0xD0, 0xB8, 0x00, 0x07, 0x10,
		0xB8, 0x00, 0x19, 0xD0, 0xB8, 0x00, 0x03, 0x10, 0xB8, 0x00, 0x1D, 0xD0,
		0xB8, 0x00, 0x11, 0x10, 0xB8, 0x00, 0x21, 0xDC, 0x00, 0xBB, 0x00, 0x09,
		0x00, 0x01, 0x00, 0x18, 0x00, 0x04, 0x2B, 0x30, 0x31, 0x13, 0x33, 0x15,
		0x33, 0x15, 0x33, 0x15, 0x33, 0x15, 0x33, 0x35, 0x33, 0x35, 0x33, 0x35,
		0x33, 0x35, 0x33, 0x11, 0x23, 0x11, 0x23, 0x15, 0x23, 0x15, 0x23, 0x35,
		0x23, 0x35, 0x23, 0x11, 0x23, 0x32, 0x32, 0x32, 0x32, 0x32, 0x64, 0x32,
		0x32, 0x32, 0x32, 0x64, 0x32, 0x32, 0x64, 0x32, 0x32, 0x64, 0x02, 0x58,
		0x32, 0x32, 0x32, 0x32, 0x32, 0x32, 0x32, 0x32, 0xFD, 0xA8, 0x01, 0x5E,
		0x32, 0x64, 0x64, 0x32, 0xFE, 0xA2, 0x00, 0x00, 0x00, 0x01, 0x00, 0x32,
		0x00, 0x00, 0x02, 0x26, 0x02, 0x58, 0x00, 0x23, 0x00, 0x3A, 0xB8, 0x00,
		0x24, 0x2F, 0xB8, 0x00, 0x15, 0x2F, 0xB8, 0x00, 0x24, 0x10, 0xB8, 0x00,
		0x00, 0xD0, 0xB8, 0x00, 0x00, 0x2F, 0xB8, 0x00, 0x03, 0xDC, 0xB8, 0x00,
		0x15, 0x10, 0xB8, 0x00, 0x0F, 0xD0, 0xB8, 0x00, 0x15, 0x10, 0xB8, 0x00,
		0x12, 0xDC, 0xB8, 0x00, 0x03, 0x10, 0xB8, 0x00, 0x21, 0xD0, 0xB8, 0x00,
		0x12, 0x10, 0xB8, 0x00, 0x25, 0xDC, 0x30, 0x31, 0x13, 0x33, 0x15, 0x33,
		0x15, 0x33, 0x15, 0x33, 0x15, 0x33, 0x15, 0x33, 0x15, 0x33, 0x15, 0x33,
		0x11, 0x33, 0x11, 0x23, 0x35, 0x23, 0x35, 0x23, 0x35, 0x23, 0x35, 0x23,
		0x35, 0x23, 0x35, 0x23, 0x35, 0x23, 0x11, 0x23, 0x32, 0x32, 0x32, 0x32,
		0x32, 0x32, 0x32, 0x32, 0x32, 0x64, 0x32, 0x32, 0x32, 0x32, 0x32, 0x32,
		0x32, 0x32, 0x64, 0x02, 0x58, 0x32, 0x32, 0x32, 0x32, 0x32, 0x32, 0x32,
		0x01, 0x5E, 0xFD, 0xA8, 0x32, 0x32, 0x32, 0x32, 0x32, 0x32, 0x32, 0xFE,
		0xA2, 0x00, 0x00, 0x00, 0x00, 0x02, 0x00, 0x32, 0x00, 0x00, 0x02, 0x26,
		0x02, 0x58, 0x00, 0x0B, 0x00, 0x0F, 0x00, 0x43, 0xB8, 0x00, 0x10, 0x2F,
		0xB8, 0x00, 0x0D, 0x2F, 0xB8, 0x00, 0x10, 0x10, 0xB8, 0x00, 0x00, 0xD0,
		0xB8, 0x00, 0x00, 0x2F, 0xB8, 0x00, 0x0D, 0x10, 0xB8, 0x00, 0x06, 0xDC,
		0xB8, 0x00, 0x00, 0x10, 0xB8, 0x00, 0x0F, 0xDC, 0xB8, 0x00, 0x06, 0x10,
		0xB8, 0x00, 0x11, 0xDC, 0x00, 0xBB, 0x00, 0x0D, 0x00, 0x01, 0x00, 0x08,
		0x00, 0x04, 0x2B, 0xBB, 0x00, 0x03, 0x00, 0x01, 0x00, 0x0E, 0x00, 0x04,
		0x2B, 0x30, 0x31, 0x13, 0x33, 0x35, 0x21, 0x15, 0x33, 0x11, 0x23, 0x15,
		0x21, 0x35, 0x23, 0x37, 0x21, 0x11, 0x21, 0x32, 0x32, 0x01, 0x90, 0x32,
		0x32, 0xFE, 0x70, 0x32, 0x64, 0x01, 0x2C, 0xFE, 0xD4, 0x02, 0x26, 0x32,
		0x32, 0xFE, 0x0C, 0x32, 0x32, 0x32, 0x01, 0x90, 0x00, 0x02, 0x00, 0x32,
		0x00, 0x00, 0x02, 0x26, 0x02, 0x58, 0x00, 0x09, 0x00, 0x0D, 0x00, 0x47,
		0xB8, 0x00, 0x0E, 0x2F, 0xB8, 0x00, 0x0B, 0x2F, 0xB8, 0x00, 0x0E, 0x10,
		0xB8, 0x00, 0x00, 0xD0, 0xB8, 0x00, 0x00, 0x2F, 0xB8, 0x00, 0x0B, 0x10,
		0xB8, 0x00, 0x04, 0xDC, 0xB8, 0x00, 0x00, 0x10, 0xB8, 0x00, 0x0D, 0xDC,
		0xB8, 0x00, 0x07, 0xD0, 0xB8, 0x00, 0x04, 0x10, 0xB8, 0x00, 0x0F, 0xDC,
		0x00, 0xBB, 0x00, 0x01, 0x00, 0x01, 0x00, 0x0C, 0x00, 0x04, 0x2B, 0xBB,
		0x00, 0x0B, 0x00, 0x01, 0x00, 0x06, 0x00, 0x04, 0x2B, 0x30, 0x31, 0x13,
		0x21, 0x15, 0x33, 0x11, 0x23, 0x15, 0x21, 0x15, 0x23, 0x13, 0x21, 0x35,
		0x21, 0x32, 0x01, 0xC2, 0x32, 0x32, 0xFE, 0xA2, 0x64, 0x64, 0x01, 0x2C,
		0xFE, 0xD4, 0x02, 0x58, 0x32, 0xFE, 0xD4, 0x32, 0xC8, 0x01, 0x2C, 0xC8,
		0x00, 0x04, 0x00, 0x32, 0x00, 0x00, 0x02, 0x26, 0x02, 0x58, 0x00, 0x11,
		0x00, 0x1B, 0x00, 0x1F, 0x00, 0x23, 0x00, 0x95, 0xBA, 0x00, 0x17, 0x00,
		0x00, 0x00, 0x03, 0x2B, 0xBA, 0x00, 0x13, 0x00, 0x12, 0x00, 0x03, 0x2B,
		0xBA, 0x00, 0x0A, 0x00, 0x0B, 0x00, 0x03, 0x2B, 0xB8, 0x00, 0x0A, 0x10,
		0xB8, 0x00, 0x05, 0xD0, 0xB8, 0x00, 0x13, 0x10, 0xB8, 0x00, 0x0D, 0xD0,
		0xB8, 0x00, 0x0B, 0x10, 0xB8, 0x00, 0x15, 0xD0, 0xB8, 0x00, 0x13, 0x10,
		0xB8, 0x00, 0x1D, 0xD0, 0xB8, 0x00, 0x0B, 0x10, 0xB8, 0x00, 0x20, 0xD0,
		0xB8, 0x00, 0x0A, 0x10, 0xB8, 0x00, 0x25, 0xDC, 0x00, 0xBB, 0x00, 0x09,
		0x00, 0x01, 0x00, 0x0A, 0x00, 0x04, 0x2B, 0xBB, 0x00, 0x03, 0x00, 0x01,
		0x00, 0x16, 0x00, 0x04, 0x2B, 0xBB, 0x00, 0x13, 0x00, 0x01, 0x00, 0x1A,
		0x00, 0x04, 0x2B, 0xB8, 0x00, 0x1A, 0x10, 0xB8, 0x00, 0x06, 0xD0, 0xB8,
		0x00, 0x0A, 0x10, 0xB8, 0x00, 0x0E, 0xD0, 0xB8, 0x00, 0x09, 0x10, 0xB8,
		0x00, 0x18, 0xD0, 0xB8, 0x00, 0x18, 0x2F, 0xB8, 0x00, 0x09, 0x10, 0xB8,
		0x00, 0x1E, 0xD0, 0xB8, 0x00, 0x1A, 0x10, 0xB8, 0x00, 0x20, 0xD0, 0x30,
		0x31, 0x13, 0x33, 0x35, 0x21, 0x15, 0x33, 0x11, 0x23, 0x15, 0x33, 0x15,
		0x23, 0x35, 0x23, 0x15, 0x21, 0x35, 0x23, 0x37, 0x33, 0x15, 0x33, 0x11,
		0x21, 0x13, 0x17, 0x35, 0x23, 0x17, 0x33, 0x35, 0x23, 0x37, 0x33, 0x35,
		0x23, 0x32, 0x32, 0x01, 0x90, 0x32, 0x32, 0x32, 0x64, 0x32, 0xFE, 0xD4,
		0x32, 0xFA, 0x64, 0x32, 0xFE, 0xD4, 0x03, 0xC5, 0x32, 0x32, 0x32, 0x32,
		0x64, 0x32, 0x32, 0x02, 0x26, 0x32, 0x32, 0xFE, 0x70, 0x32, 0x64, 0x32,
		0x32, 0x32, 0xC8, 0x32, 0x01, 0x2C, 0xFE, 0x73, 0x03, 0x32, 0x64, 0x32,
		0x32, 0x32, 0x00, 0x00, 0x00, 0x02, 0x00, 0x32, 0x00, 0x00, 0x02, 0x26,
		0x02, 0x58, 0x00, 0x19, 0x00, 0x1D, 0x00, 0x5F, 0xB8, 0x00, 0x1E, 0x2F,
		0xB8, 0x00, 0x1B, 0x2F, 0xB8, 0x00, 0x1E, 0x10, 0xB8, 0x00, 0x00, 0xD0,
		0xB8, 0x00, 0x00, 0x2F, 0xB8, 0x00, 0x1B, 0x10, 0xB8, 0x00, 0x04, 0xDC,
		0xB8, 0x00, 0x1B, 0x10, 0xB8, 0x00, 0x09, 0xD0, 0xB8, 0x00, 0x04, 0x10,
		0xB8, 0x00, 0x0D, 0xD0, 0xB8, 0x00, 0x00, 0x10, 0xB8, 0x00, 0x1D, 0xDC,
		0xB8, 0x00, 0x17, 0xD0, 0xB8, 0x00, 0x04, 0x10, 0xB8, 0x00, 0x1F, 0xDC,
		0x00, 0xBB, 0x00, 0x01, 0x00, 0x01, 0x00, 0x1C, 0x00, 0x04, 0x2B, 0xBB,
		0x00, 0x1B, 0x00, 0x01, 0x00, 0x06, 0x00, 0x04, 0x2B, 0xB8, 0x00, 0x06,
		0x10, 0xB8, 0x00, 0x16, 0xD0, 0x30, 0x31, 0x13, 0x21, 0x15, 0x33, 0x11,
		0x23, 0x15, 0x23, 0x15, 0x33, 0x15, 0x33, 0x15, 0x33, 0x15, 0x23, 0x35,
		0x23, 0x35, 0x23, 0x35, 0x23, 0x35, 0x23, 0x15, 0x23, 0x13, 0x21, 0x35,
		0x21, 0x32, 0x01, 0xC2, 0x32, 0x32, 0x64, 0x32, 0x32, 0x32, 0x96, 0x32,
		0x32, 0x32, 0x64, 0x64, 0x64, 0x01, 0x2C, 0xFE, 0xD4, 0x02, 0x58, 0x32,
		0xFE, 0xD4, 0x32, 0x32, 0x32, 0x32, 0x32, 0x32, 0x32, 0x32, 0x32, 0xC8,
		0x01, 0x2C, 0xC8, 0x00, 0x00, 0x01, 0x00, 0x32, 0x00, 0x00, 0x02, 0x26,
		0x02, 0x58, 0x00, 0x11, 0x00, 0x59, 0xB8, 0x00, 0x12, 0x2F, 0xB8, 0x00,
		0x0F, 0x2F, 0xB8, 0x00, 0x12, 0x10, 0xB8, 0x00, 0x00, 0xD0, 0xB8, 0x00,
		0x00, 0x2F, 0xB8, 0x00, 0x0F, 0x10, 0xB8, 0x00, 0x0A, 0xDC, 0xB8, 0x00,
		0x03, 0xD0, 0xB8, 0x00, 0x00, 0x10, 0xB8, 0x00, 0x05, 0xDC, 0xB8, 0x00,
		0x00, 0x10, 0xB8, 0x00, 0x0D, 0xD0, 0xB8, 0x00, 0x0A, 0x10, 0xB8, 0x00,
		0x13, 0xDC, 0x00, 0xBB, 0x00, 0x0F, 0x00, 0x01, 0x00, 0x0C, 0x00, 0x04,
		0x2B, 0xBB, 0x00, 0x03, 0x00, 0x01, 0x00, 0x04, 0x00, 0x04, 0x2B, 0xBB,
		0x00, 0x07, 0x00, 0x01, 0x00, 0x10, 0x00, 0x04, 0x2B, 0x30, 0x31, 0x13,
		0x33, 0x35, 0x21, 0x15, 0x21, 0x15, 0x21, 0x15, 0x33, 0x15, 0x23, 0x15,
		0x21, 0x35, 0x21, 0x35, 0x21, 0x32, 0x32, 0x01, 0xC2, 0xFE, 0x70, 0x01,
		0x5E, 0x32, 0x32, 0xFE, 0x3E, 0x01, 0x90, 0xFE, 0x70, 0x02, 0x26, 0x32,
		0x64, 0x96, 0x32, 0xFA, 0x32, 0x64, 0x96, 0x00, 0x00, 0x01, 0x00, 0x32,
		0x00, 0x00, 0x02, 0x26, 0x02, 0x58, 0x00, 0x07, 0x00, 0x1D, 0xBA, 0x00,
		0x04, 0x00, 0x05, 0x00, 0x03, 0x2B, 0x00, 0xBB, 0x00, 0x01, 0x00, 0x01,
		0x00, 0x02, 0x00, 0x04, 0x2B, 0xB8, 0x00, 0x02, 0x10, 0xB8, 0x00, 0x06,
		0xD0, 0x30, 0x31, 0x13, 0x21, 0x15, 0x23, 0x11, 0x23, 0x11, 0x23, 0x32,
		0x01, 0xF4, 0xC8, 0x64, 0xC8, 0x02, 0x58, 0x64, 0xFE, 0x0C, 0x01, 0xF4,
		0x00, 0x01, 0x00, 0x32, 0x00, 0x00, 0x02, 0x26, 0x02, 0x58, 0x00, 0x0B,
		0x00, 0x31, 0xB8, 0x00, 0x0C, 0x2F, 0xB8, 0x00, 0x03, 0x2F, 0xB8, 0x00,
		0x0C, 0x10, 0xB8, 0x00, 0x00, 0xD0, 0xB8, 0x00, 0x00, 0x2F, 0xB8, 0x00,
		0x01, 0xDC, 0xB8, 0x00, 0x03, 0x10, 0xB8, 0x00, 0x06, 0xDC, 0xB8, 0x00,
		0x0D, 0xDC, 0x00, 0xBB, 0x00, 0x03, 0x00, 0x01, 0x00, 0x08, 0x00, 0x04,
		0x2B, 0x30, 0x31, 0x13, 0x33, 0x11, 0x21, 0x11, 0x33, 0x11, 0x23, 0x15,
		0x21, 0x35, 0x23, 0x32, 0x64, 0x01, 0x2C, 0x64, 0x32, 0xFE, 0x70, 0x32,
		0x02, 0x58, 0xFE, 0x0C, 0x01, 0xF4, 0xFD, 0xDA, 0x32, 0x32, 0x00, 0x00,
		0x00, 0x01, 0x00, 0x32, 0x00, 0x00, 0x02, 0x26, 0x02, 0x58, 0x00, 0x1F,
		0x00, 0xA3, 0xB8, 0x00, 0x20, 0x2F, 0xB8, 0x00, 0x00, 0xD0, 0xB8, 0x00,
		0x00, 0x2F, 0xB8, 0x00, 0x01, 0xDC, 0xB8, 0x00, 0x00, 0x10, 0xB8, 0x00,
		0x05, 0xDC, 0x41, 0x03, 0x00, 0xDF, 0x00, 0x05, 0x00, 0x01, 0x5D, 0x41,
		0x03, 0x00, 0x90, 0x00, 0x05, 0x00, 0x01, 0x5D, 0x41, 0x03, 0x00, 0x40,
		0x00, 0x05, 0x00, 0x01, 0x5D, 0xB8, 0x00, 0x08, 0xDC, 0xB8, 0x00, 0x05,
		0x10, 0xB8, 0x00, 0x0B, 0xDC, 0x41, 0x03, 0x00, 0xDF, 0x00, 0x0B, 0x00,
		0x01, 0x5D, 0x41, 0x03, 0x00, 0x90, 0x00, 0x0B, 0x00, 0x01, 0x5D, 0x41,
		0x03, 0x00, 0x40, 0x00, 0x0B, 0x00, 0x01, 0x5D, 0xB8, 0x00, 0x0E, 0xDC,
		0xB8, 0x00, 0x0B, 0x10, 0xB8, 0x00, 0x11, 0xD0, 0xB8, 0x00, 0x08, 0x10,
		0xB8, 0x00, 0x15, 0xD0, 0xB8, 0x00, 0x05, 0x10, 0xB8, 0x00, 0x17, 0xD0,
		0xB8, 0x00, 0x01, 0x10, 0xB8, 0x00, 0x1B, 0xD0, 0xB8, 0x00, 0x0E, 0x10,
		0xB8, 0x00, 0x21, 0xDC, 0x00, 0xBB, 0x00, 0x06, 0x00, 0x01, 0x00, 0x17,
		0x00, 0x04, 0x2B, 0xB8, 0x00, 0x06, 0x10, 0xB8, 0x00, 0x12, 0xD0, 0xB8,
		0x00, 0x06, 0x10, 0xB8, 0x00, 0x1A, 0xD0, 0x30, 0x31, 0x13, 0x33, 0x15,
		0x33, 0x15, 0x33, 0x15, 0x33, 0x35, 0x33, 0x35, 0x33, 0x35, 0x33, 0x15,
		0x23, 0x15, 0x23, 0x15, 0x23, 0x15, 0x23, 0x15, 0x23, 0x35, 0x23, 0x35,
		0x23, 0x35, 0x23, 0x35, 0x23, 0x32, 0x64, 0x32, 0x32, 0x64, 0x32, 0x32,
		0x64, 0x32, 0x32, 0x32, 0x32, 0x64, 0x32, 0x32, 0x32, 0x32, 0x02, 0x58,
		0xC8, 0x64, 0x64, 0x64, 0x64, 0xC8, 0xC8, 0x96, 0x32, 0x64, 0x64, 0x64,
		0x64, 0x32, 0x96, 0x00, 0x00, 0x01, 0x00, 0x32, 0x00, 0x00, 0x02, 0x26,
		0x02, 0x58, 0x00, 0x17, 0x00, 0xA3, 0xB8, 0x00, 0x18, 0x2F, 0xB8, 0x00,
		0x00, 0xD0, 0xB8, 0x00, 0x00, 0x2F, 0xB8, 0x00, 0x01, 0xDC, 0xB8, 0x00,
		0x00, 0x10, 0xB8, 0x00, 0x03, 0xDC, 0x41, 0x03, 0x00, 0xDF, 0x00, 0x03,
		0x00, 0x01, 0x5D, 0x41, 0x03, 0x00, 0x90, 0x00, 0x03, 0x00, 0x01, 0x5D,
		0x41, 0x03, 0x00, 0x40, 0x00, 0x03, 0x00, 0x01, 0x5D, 0xB8, 0x00, 0x06,
		0xDC, 0xB8, 0x00, 0x03, 0x10, 0xB8, 0x00, 0x07, 0xDC, 0x41, 0x03, 0x00,
		0xDF, 0x00, 0x07, 0x00, 0x01, 0x5D, 0x41, 0x03, 0x00, 0x90, 0x00, 0x07,
		0x00, 0x01, 0x5D, 0x41, 0x03, 0x00, 0x40, 0x00, 0x07, 0x00, 0x01, 0x5D,
		0xB8, 0x00, 0x0A, 0xDC, 0xB8, 0x00, 0x07, 0x10, 0xB8, 0x00, 0x0D, 0xD0,
		0xB8, 0x00, 0x06, 0x10, 0xB8, 0x00, 0x10, 0xD0, 0xB8, 0x00, 0x03, 0x10,
		0xB8, 0x00, 0x11, 0xD0, 0xB8, 0x00, 0x01, 0x10, 0xB8, 0x00, 0x13, 0xD0,
		0xB8, 0x00, 0x0A, 0x10, 0xB8, 0x00, 0x19, 0xDC, 0x00, 0xBB, 0x00, 0x07,
		0x00, 0x01, 0x00, 0x0E, 0x00, 0x04, 0x2B, 0xB8, 0x00, 0x07, 0x10, 0xB8,
		0x00, 0x02, 0xD0, 0xB8, 0x00, 0x0E, 0x10, 0xB8, 0x00, 0x12, 0xD0, 0x30,
		0x31, 0x13, 0x33, 0x11, 0x33, 0x35, 0x33, 0x15, 0x33, 0x11, 0x33, 0x11,
		0x23, 0x15, 0x23, 0x15, 0x23, 0x35, 0x23, 0x15, 0x23, 0x35, 0x23, 0x35,
		0x23, 0x32, 0x64, 0x64, 0x64, 0x64, 0x64, 0x32, 0x32, 0x64, 0x64, 0x64,
		0x32, 0x32, 0x02, 0x58, 0xFE, 0x70, 0xC8, 0xC8, 0x01, 0x90, 0xFE, 0x3E,
		0x32, 0x64, 0x64, 0x64, 0x64, 0x32, 0x00, 0x00, 0x00, 0x01, 0x00, 0x32,
		0x00, 0x00, 0x02, 0x26, 0x02, 0x58, 0x00, 0x3B, 0x01, 0x27, 0xB8, 0x00,
		0x3C, 0x2F, 0xB8, 0x00, 0x00, 0xD0, 0xB8, 0x00, 0x00, 0x2F, 0xB8, 0x00,
		0x01, 0xDC, 0xB8, 0x00, 0x00, 0x10, 0xB8, 0x00, 0x05, 0xDC, 0x41, 0x03,
		0x00, 0xDF, 0x00, 0x05, 0x00, 0x01, 0x5D, 0x41, 0x03, 0x00, 0x40, 0x00,
		0x05, 0x00, 0x01, 0x5D, 0x41, 0x03, 0x00, 0x90, 0x00, 0x05, 0x00, 0x01,
		0x5D, 0xB8, 0x00, 0x08, 0xDC, 0xB8, 0x00, 0x05, 0x10, 0xB8, 0x00, 0x0C,
		0xDC, 0x41, 0x03, 0x00, 0xDF, 0x00, 0x0C, 0x00, 0x01, 0x5D, 0x41, 0x03,
		0x00, 0x40, 0x00, 0x0C, 0x00, 0x01, 0x5D, 0x41, 0x03, 0x00, 0x90, 0x00,
		0x0C, 0x00, 0x01, 0x5D, 0xB8, 0x00, 0x0D, 0xDC, 0xB8, 0x00, 0x0C, 0x10,
		0xB8, 0x00, 0x11, 0xD0, 0xB8, 0x00, 0x0C, 0x10, 0xB8, 0x00, 0x19, 0xD0,
		0xB8, 0x00, 0x0C, 0x10, 0xB8, 0x00, 0x1F, 0xD0, 0xB8, 0x00, 0x08, 0x10,
		0xB8, 0x00, 0x23, 0xD0, 0xB8, 0x00, 0x05, 0x10, 0xB8, 0x00, 0x25, 0xD0,
		0xB8, 0x00, 0x01, 0x10, 0xB8, 0x00, 0x29, 0xD0, 0xB8, 0x00, 0x00, 0x10,
		0xB8, 0x00, 0x2B, 0xD0, 0xB8, 0x00, 0x01, 0x10, 0xB8, 0x00, 0x2F, 0xD0,
		0xB8, 0x00, 0x05, 0x10, 0xB8, 0x00, 0x33, 0xD0, 0xB8, 0x00, 0x01, 0x10,
		0xB8, 0x00, 0x37, 0xD0, 0xB8, 0x00, 0x0D, 0x10, 0xB8, 0x00, 0x3D, 0xDC,
		0x00, 0xBB, 0x00, 0x1D, 0x00, 0x01, 0x00, 0x1E, 0x00, 0x04, 0x2B, 0xBB,
		0x00, 0x00, 0x00, 0x01, 0x00, 0x3B, 0x00, 0x04, 0x2B, 0xBB, 0x00, 0x14,
		0x00, 0x01, 0x00, 0x17, 0x00, 0x04, 0x2B, 0xB8, 0x00, 0x3B, 0x10, 0xB8,
		0x00, 0x04, 0xD0, 0xB8, 0x00, 0x3B, 0x10, 0xB8, 0x00, 0x08, 0xD0, 0xB8,
		0x00, 0x00, 0x10, 0xB8, 0x00, 0x0C, 0xD0, 0xB8, 0x00, 0x3B, 0x10, 0xB8,
		0x00, 0x0E, 0xD0, 0xB8, 0x00, 0x1D, 0x10, 0xB8, 0x00, 0x22, 0xD0, 0xB8,
		0x00, 0x1D, 0x10, 0xB8, 0x00, 0x26, 0xD0, 0xB8, 0x00, 0x1E, 0x10, 0xB8,
		0x00, 0x2A, 0xD0, 0xB8, 0x00, 0x1D, 0x10, 0xB8, 0x00, 0x2C, 0xD0, 0xB8,
		0x00, 0x17, 0x10, 0xB8, 0x00, 0x32, 0xD0, 0xB8, 0x00, 0x14, 0x10, 0xB8,
		0x00, 0x34, 0xD0, 0x30, 0x31, 0x13, 0x33, 0x15, 0x33, 0x15, 0x33, 0x15,
		0x33, 0x35, 0x33, 0x35, 0x33, 0x35, 0x33, 0x15, 0x23, 0x15, 0x23, 0x15,
		0x23, 0x15, 0x23, 0x15, 0x33, 0x15, 0x33, 0x15, 0x33, 0x15, 0x33, 0x15,
		0x23, 0x35, 0x23, 0x35, 0x23, 0x35, 0x23, 0x15, 0x23, 0x15, 0x23, 0x15,
		0x23, 0x35, 0x33, 0x35, 0x33, 0x35, 0x33, 0x35, 0x33, 0x35, 0x23, 0x35,
		0x23, 0x35, 0x23, 0x35, 0x23, 0x32, 0x64, 0x32, 0x32, 0x64, 0x32, 0x32,
		0x64, 0x32, 0x32, 0x32, 0x32, 0x32, 0x32, 0x32, 0x32, 0x64, 0x32, 0x32,
		0x64, 0x32, 0x32, 0x64, 0x32, 0x32, 0x32, 0x32, 0x32, 0x32, 0x32, 0x32,
		0x02, 0x58, 0x32, 0x32, 0x32, 0x32, 0x32, 0x32, 0x64, 0x32, 0x32, 0x32,
		0x64, 0x32, 0x32, 0x32, 0x64, 0x32, 0x32, 0x32, 0x32, 0x32, 0x32, 0x64,
		0x32, 0x32, 0x32, 0x64, 0x32, 0x32, 0x32, 0x00, 0x00, 0x01, 0x00, 0x32,
		0x00, 0x00, 0x02, 0x26, 0x02, 0x58, 0x00, 0x1F, 0x00, 0xB3, 0xB8, 0x00,
		0x20, 0x2F, 0xB8, 0x00, 0x00, 0xD0, 0xB8, 0x00, 0x00, 0x2F, 0xB8, 0x00,
		0x01, 0xDC, 0xB8, 0x00, 0x00, 0x10, 0xB8, 0x00, 0x05, 0xDC, 0x41, 0x03,
		0x00, 0xDF, 0x00, 0x05, 0x00, 0x01, 0x5D, 0x41, 0x03, 0x00, 0x40, 0x00,
		0x05, 0x00, 0x01, 0x5D, 0x41, 0x03, 0x00, 0x90, 0x00, 0x05, 0x00, 0x01,
		0x5D, 0xB8, 0x00, 0x08, 0xDC, 0xB8, 0x00, 0x05, 0x10, 0xB8, 0x00, 0x0B,
		0xDC, 0x41, 0x03, 0x00, 0xDF, 0x00, 0x0B, 0x00, 0x01, 0x5D, 0x41, 0x03,
		0x00, 0x90, 0x00, 0x0B, 0x00, 0x01, 0x5D, 0x41, 0x03, 0x00, 0x40, 0x00,
		0x0B, 0x00, 0x01, 0x5D, 0xB8, 0x00, 0x0E, 0xDC, 0xB8, 0x00, 0x0B, 0x10,
		0xB8, 0x00, 0x11, 0xD0, 0xB8, 0x00, 0x08, 0x10, 0xB8, 0x00, 0x15, 0xD0,
		0xB8, 0x00, 0x05, 0x10, 0xB8, 0x00, 0x17, 0xD0, 0xB8, 0x00, 0x01, 0x10,
		0xB8, 0x00, 0x1B, 0xD0, 0xB8, 0x00, 0x0E, 0x10, 0xB8, 0x00, 0x21, 0xDC,
		0x00, 0xBB, 0x00, 0x01, 0x00, 0x01, 0x00, 0x04, 0x00, 0x04, 0x2B, 0xB8,
		0x00, 0x04, 0x10, 0xB8, 0x00, 0x08, 0xD0, 0xB8, 0x00, 0x01, 0x10, 0xB8,
		0x00, 0x0C, 0xD0, 0xB8, 0x00, 0x04, 0x10, 0xB8, 0x00, 0x0E, 0xD0, 0xB8,
		0x00, 0x04, 0x10, 0xB8, 0x00, 0x1E, 0xD0, 0x30, 0x31, 0x13, 0x33, 0x15,
		0x33, 0x15, 0x33, 0x15, 0x33, 0x35, 0x33, 0x35, 0x33, 0x35, 0x33, 0x15,
		0x23, 0x15, 0x23, 0x15, 0x23, 0x15, 0x23, 0x15, 0x23, 0x35, 0x23, 0x35,
		0x23, 0x35, 0x23, 0x35, 0x23, 0x32, 0x64, 0x32, 0x32, 0x64, 0x32, 0x32,
		0x64, 0x32, 0x32, 0x32, 0x32, 0x64, 0x32, 0x32, 0x32, 0x32, 0x02, 0x58,
		0x96, 0x32, 0x32, 0x32, 0x32, 0x96, 0xC8, 0x32, 0x32, 0x32, 0xFA, 0xFA,
		0x32, 0x32, 0x32, 0x00, 0x00, 0x01, 0x00, 0x32, 0x00, 0x00, 0x02, 0x26,
		0x02, 0x58, 0x00, 0x23, 0x00, 0x5B, 0xB8, 0x00, 0x24, 0x2F, 0xB8, 0x00,
		0x21, 0x2F, 0xB8, 0x00, 0x24, 0x10, 0xB8, 0x00, 0x14, 0xD0, 0xB8, 0x00,
		0x14, 0x2F, 0xB8, 0x00, 0x00, 0xD0, 0xB8, 0x00, 0x21, 0x10, 0xB8, 0x00,
		0x02, 0xDC, 0xB8, 0x00, 0x21, 0x10, 0xB8, 0x00, 0x07, 0xD0, 0xB8, 0x00,
		0x14, 0x10, 0xB8, 0x00, 0x1A, 0xDC, 0xB8, 0x00, 0x0F, 0xD0, 0xB8, 0x00,
		0x02, 0x10, 0xB8, 0x00, 0x11, 0xD0, 0xB8, 0x00, 0x02, 0x10, 0xB8, 0x00,
		0x25, 0xDC, 0x00, 0xBB, 0x00, 0x11, 0x00, 0x01, 0x00, 0x12, 0x00, 0x04,
		0x2B, 0xBB, 0x00, 0x01, 0x00, 0x01, 0x00, 0x22, 0x00, 0x04, 0x2B, 0x30,
		0x31, 0x13, 0x21, 0x15, 0x23, 0x15, 0x23, 0x15, 0x23, 0x15, 0x23, 0x15,
		0x23, 0x15, 0x23, 0x15, 0x23, 0x15, 0x21, 0x15, 0x21, 0x35, 0x33, 0x35,
		0x33, 0x35, 0x33, 0x35, 0x33, 0x35, 0x33, 0x35, 0x33, 0x35, 0x33, 0x35,
		0x21, 0x32, 0x01, 0xF4, 0x32, 0x32, 0x32, 0x32, 0x32, 0x32, 0x32, 0x01,
		0x5E, 0xFE, 0x0C, 0x32, 0x32, 0x32, 0x32, 0x32, 0x32, 0x32, 0xFE, 0xA2,
		0x02, 0x58, 0x96, 0x32, 0x32, 0x32, 0x32, 0x32, 0x32, 0x32, 0x64, 0x96,
		0x32, 0x32, 0x32, 0x32, 0x32, 0x32, 0x32, 0x00, 0x00, 0x01, 0x00, 0x32,
		0x00, 0x00, 0x00, 0xFA, 0x02, 0x58, 0x00, 0x07, 0x00, 0x1F, 0xBA, 0x00,
		0x03, 0x00, 0x00, 0x00, 0x03, 0x2B, 0x00, 0xBB, 0x00, 0x05, 0x00, 0x01,
		0x00, 0x06, 0x00, 0x04, 0x2B, 0xBB, 0x00, 0x01, 0x00, 0x01, 0x00, 0x02,
		0x00, 0x04, 0x2B, 0x30, 0x31, 0x13, 0x33, 0x15, 0x23, 0x11, 0x33, 0x15,
		0x23, 0x32, 0xC8, 0x64, 0x64, 0xC8, 0x02, 0x58, 0x64, 0xFE, 0x70, 0x64,
		0x00, 0x01, 0x00, 0x32, 0x00, 0x32, 0x02, 0x26, 0x02, 0x26, 0x00, 0x23,
		0x00, 0x0B, 0x00, 0xB8, 0x00, 0x00, 0x2F, 0xB8, 0x00, 0x12, 0x2F, 0x30,
		0x31, 0x13, 0x33, 0x15, 0x33, 0x15, 0x33, 0x15, 0x33, 0x15, 0x33, 0x15,
		0x33, 0x15, 0x33, 0x15, 0x33, 0x15, 0x33, 0x15, 0x23, 0x35, 0x23, 0x35,
		0x23, 0x35, 0x23, 0x35, 0x23, 0x35, 0x23, 0x35, 0x23, 0x35, 0x23, 0x35,
		0x23, 0x32, 0x64, 0x32, 0x32, 0x32, 0x32, 0x32, 0x32, 0x32, 0x32, 0x64,
		0x32, 0x32, 0x32, 0x32, 0x32, 0x32, 0x32, 0x32, 0x02, 0x26, 0x32, 0x32,
		0x32, 0x32, 0x32, 0x32, 0x32, 0x32, 0x64, 0x32, 0x32, 0x32, 0x32, 0x32,
		0x32, 0x32, 0x32, 0x00, 0x00, 0x01, 0x00, 0x32, 0x00, 0x00, 0x00, 0xFA,
		0x02, 0x58, 0x00, 0x07, 0x00, 0x27, 0xBA, 0x00, 0x02, 0x00, 0x05, 0x00,
		0x03, 0x2B, 0xB8, 0x00, 0x02, 0x10, 0xB8, 0x00, 0x09, 0xDC, 0x00, 0xBB,
		0x00, 0x05, 0x00, 0x01, 0x00, 0x02, 0x00, 0x04, 0x2B, 0xBB, 0x00, 0x00,
		0x00, 0x01, 0x00, 0x07, 0x00, 0x04, 0x2B, 0x30, 0x31, 0x13, 0x33, 0x11,
		0x23, 0x35, 0x33, 0x11, 0x23, 0x32, 0xC8, 0xC8, 0x64, 0x64, 0x02, 0x58,
		0xFD, 0xA8, 0x64, 0x01, 0x90, 0x00, 0x00, 0x00, 0x00, 0x01, 0x00, 0x32,
		0x01, 0x5E, 0x01, 0xC2, 0x02, 0x58, 0x00, 0x1B, 0x00, 0xA9, 0xB8, 0x00,
		0x1C, 0x2F, 0xB8, 0x00, 0x00, 0xD0, 0xB8, 0x00, 0x00, 0x2F, 0xB8, 0x00,
		0x01, 0xDC, 0xB8, 0x00, 0x00, 0x10, 0xB8, 0x00, 0x05, 0xDC, 0x41, 0x03,
		0x00, 0x10, 0x00, 0x05, 0x00, 0x01, 0x5D, 0xB8, 0x00, 0x08, 0xDC, 0xB8,
		0x00, 0x05, 0x10, 0xB8, 0x00, 0x0C, 0xDC, 0x41, 0x03, 0x00, 0x10, 0x00,
		0x0C, 0x00, 0x01, 0x5D, 0xB8, 0x00, 0x0D, 0xDC, 0xB8, 0x00, 0x0C, 0x10,
		0xB8, 0x00, 0x0F, 0xD0, 0xB8, 0x00, 0x08, 0x10, 0xB8, 0x00, 0x13, 0xD0,
		0xB8, 0x00, 0x05, 0x10, 0xB8, 0x00, 0x15, 0xD0, 0xB8, 0x00, 0x01, 0x10,
		0xB8, 0x00, 0x19, 0xD0, 0xB8, 0x00, 0x0D, 0x10, 0xB8, 0x00, 0x1D, 0xDC,
		0x00, 0xBB, 0x00, 0x0D, 0x00, 0x01, 0x00, 0x0E, 0x00, 0x04, 0x2B, 0xBB,
		0x00, 0x06, 0x00, 0x01, 0x00, 0x15, 0x00, 0x04, 0x2B, 0xB8, 0x00, 0x0D,
		0x10, 0xB8, 0x00, 0x00, 0xD0, 0xB8, 0x00, 0x15, 0x10, 0xB8, 0x00, 0x02,
		0xD0, 0xB8, 0x00, 0x15, 0x10, 0xB8, 0x00, 0x0A, 0xD0, 0xB8, 0x00, 0x0D,
		0x10, 0xB8, 0x00, 0x12, 0xD0, 0xB8, 0x00, 0x0D, 0x10, 0xB8, 0x00, 0x16,
		0xD0, 0xB8, 0x00, 0x0E, 0x10, 0xB8, 0x00, 0x1A, 0xD0, 0x30, 0x31, 0x13,
		0x33, 0x35, 0x33, 0x35, 0x33, 0x35, 0x33, 0x15, 0x33, 0x15, 0x33, 0x15,
		0x33, 0x15, 0x23, 0x35, 0x23, 0x35, 0x23, 0x35, 0x23, 0x15, 0x23, 0x15,
		0x23, 0x15, 0x23, 0x32, 0x32, 0x32, 0x32, 0x64, 0x32, 0x32, 0x32, 0x32,
		0x32, 0x32, 0x64, 0x32, 0x32, 0x32, 0x01, 0xC2, 0x32, 0x32, 0x32, 0x32,
		0x32, 0x32, 0x64, 0x32, 0x32, 0x32, 0x32, 0x32, 0x32, 0x00, 0x00, 0x00,
		0x00, 0x01, 0x00, 0x32, 0x00, 0x00, 0x02, 0x26, 0x00, 0x64, 0x00, 0x03,
		0x00, 0x0D, 0x00, 0xBB, 0x00, 0x01, 0x00, 0x01, 0x00, 0x02, 0x00, 0x04,
		0x2B, 0x30, 0x31, 0x37, 0x21, 0x15, 0x21, 0x32, 0x01, 0xF4, 0xFE, 0x0C,
		0x64, 0x64, 0x00, 0x00, 0x00, 0x01, 0x00, 0x32, 0x01, 0x90, 0x00, 0xFA,
		0x02, 0x58, 0x00, 0x0B, 0x00, 0x25, 0xBA, 0x00, 0x01, 0x00, 0x00, 0x00,
		0x03, 0x2B, 0xB8, 0x00, 0x01, 0x10, 0xB8, 0x00, 0x07, 0xD0, 0x00, 0xBB,
		0x00, 0x00, 0x00, 0x01, 0x00, 0x0B, 0x00, 0x04, 0x2B, 0xB8, 0x00, 0x0B,
		0x10, 0xB8, 0x00, 0x04, 0xD0, 0x30, 0x31, 0x13, 0x33, 0x15, 0x33, 0x15,
		0x33, 0x15, 0x23, 0x35, 0x23, 0x35, 0x23, 0x32, 0x64, 0x32, 0x32, 0x64,
		0x32, 0x32, 0x02, 0x58, 0x32, 0x32, 0x64, 0x32, 0x32, 0x00, 0x00, 0x00,
		0x00, 0x02, 0x00, 0x32, 0x00, 0x00, 0x01, 0xC2, 0x01, 0xF4, 0x00, 0x0D,
		0x00, 0x11, 0x00, 0x4D, 0xB8, 0x00, 0x12, 0x2F, 0xB8, 0x00, 0x0C, 0x2F,
		0xB8, 0x00, 0x03, 0xDC, 0xB8, 0x00, 0x12, 0x10, 0xB8, 0x00, 0x07, 0xD0,
		0xB8, 0x00, 0x07, 0x2F, 0xB8, 0x00, 0x0E, 0xDC, 0xB8, 0x00, 0x0C, 0x10,
		0xB8, 0x00, 0x0F, 0xD0, 0xB8, 0x00, 0x03, 0x10, 0xB8, 0x00, 0x13, 0xDC,
		0x00, 0xBB, 0x00, 0x0F, 0x00, 0x01, 0x00, 0x04, 0x00, 0x04, 0x2B, 0xBB,
		0x00, 0x01, 0x00, 0x01, 0x00, 0x0C, 0x00, 0x04, 0x2B, 0xBB, 0x00, 0x0B,
		0x00, 0x01, 0x00, 0x10, 0x00, 0x04, 0x2B, 0x30, 0x31, 0x13, 0x21, 0x15,
		0x33, 0x11, 0x21, 0x35, 0x23, 0x35, 0x33, 0x35, 0x33, 0x35, 0x23, 0x13,
		0x33, 0x35, 0x23, 0x64, 0x01, 0x2C, 0x32, 0xFE, 0xA2, 0x32, 0x32, 0xFA,
		0xFA, 0x32, 0xC8, 0xC8, 0x01, 0xF4, 0x32, 0xFE, 0x3E, 0x32, 0xC8, 0x32,
		0x64, 0xFE, 0xD4, 0x64, 0x00, 0x02, 0x00, 0x32, 0x00, 0x00, 0x01, 0xC2,
		0x02, 0x58, 0x00, 0x09, 0x00, 0x0D, 0x00, 0x47, 0xB8, 0x00, 0x0E, 0x2F,
		0xB8, 0x00, 0x0B, 0x2F, 0xB8, 0x00, 0x0E, 0x10, 0xB8, 0x00, 0x00, 0xD0,
		0xB8, 0x00, 0x00, 0x2F, 0xB8, 0x00, 0x01, 0xDC, 0xB8, 0x00, 0x0B, 0x10,
		0xB8, 0x00, 0x06, 0xDC, 0xB8, 0x00, 0x01, 0x10, 0xB8, 0x00, 0x0A, 0xD0,
		0xB8, 0x00, 0x06, 0x10, 0xB8, 0x00, 0x0F, 0xDC, 0x00, 0xBB, 0x00, 0x0B,
		0x00, 0x01, 0x00, 0x08, 0x00, 0x04, 0x2B, 0xBB, 0x00, 0x03, 0x00, 0x01,
		0x00, 0x0C, 0x00, 0x04, 0x2B, 0x30, 0x31, 0x13, 0x33, 0x15, 0x33, 0x15,
		0x33, 0x11, 0x23, 0x15, 0x21, 0x37, 0x33, 0x11, 0x23, 0x32, 0x64, 0xFA,
		0x32, 0x32, 0xFE, 0xA2, 0x64, 0xC8, 0xC8, 0x02, 0x58, 0x64, 0x32, 0xFE,
		0x70, 0x32, 0x64, 0x01, 0x2C, 0x00, 0x00, 0x00, 0x00, 0x01, 0x00, 0x32,
		0x00, 0x00, 0x01, 0xC2, 0x01, 0xF4, 0x00, 0x0B, 0x00, 0x1F, 0xBA, 0x00,
		0x05, 0x00, 0x00, 0x00, 0x03, 0x2B, 0x00, 0xBB, 0x00, 0x07, 0x00, 0x01,
		0x00, 0x08, 0x00, 0x04, 0x2B, 0xBB, 0x00, 0x03, 0x00, 0x01, 0x00, 0x04,
		0x00, 0x04, 0x2B, 0x30, 0x31, 0x13, 0x33, 0x35, 0x21, 0x15, 0x21, 0x11,
		0x21, 0x15, 0x21, 0x35, 0x23, 0x32, 0x32, 0x01, 0x5E, 0xFE, 0xD4, 0x01,
		0x2C, 0xFE, 0xA2, 0x32, 0x01, 0xC2, 0x32, 0x64, 0xFE, 0xD4, 0x64, 0x32,
		0x00, 0x02, 0x00, 0x32, 0x00, 0x00, 0x01, 0xC2, 0x02, 0x58, 0x00, 0x09,
		0x00, 0x0D, 0x00, 0x4B, 0xB8, 0x00, 0x0E, 0x2F, 0xB8, 0x00, 0x04, 0x2F,
		0xB8, 0x00, 0x0E, 0x10, 0xB8, 0x00, 0x00, 0xD0, 0xB8, 0x00, 0x00, 0x2F,
		0xB8, 0x00, 0x04, 0x10, 0xB8, 0x00, 0x05, 0xDC, 0xB8, 0x00, 0x04, 0x10,
		0xB8, 0x00, 0x0B, 0xD0, 0xB8, 0x00, 0x00, 0x10, 0xB8, 0x00, 0x0D, 0xDC,
		0xB8, 0x00, 0x05, 0x10, 0xB8, 0x00, 0x0F, 0xDC, 0x00, 0xBB, 0x00, 0x0B,
		0x00, 0x01, 0x00, 0x06, 0x00, 0x04, 0x2B, 0xBB, 0x00, 0x03, 0x00, 0x01,
		0x00, 0x0C, 0x00, 0x04, 0x2B, 0x30, 0x31, 0x13, 0x33, 0x35, 0x33, 0x35,
		0x33, 0x11, 0x21, 0x35, 0x23, 0x37, 0x33, 0x11, 0x23, 0x32, 0x32, 0xFA,
		0x64, 0xFE, 0xA2, 0x32, 0x64, 0xC8, 0xC8, 0x01, 0xC2, 0x32, 0x64, 0xFD,
		0xA8, 0x32, 0x32, 0x01, 0x2C, 0x00, 0x00, 0x00, 0x00, 0x02, 0x00, 0x32,
		0x00, 0x00, 0x01, 0xC2, 0x01, 0xF4, 0x00, 0x0D, 0x00, 0x11, 0x00, 0x51,
		0xB8, 0x00, 0x12, 0x2F, 0xB8, 0x00, 0x0F, 0x2F, 0xB8, 0x00, 0x12, 0x10,
		0xB8, 0x00, 0x00, 0xD0, 0xB8, 0x00, 0x00, 0x2F, 0xB8, 0x00, 0x0F, 0x10,
		0xB8, 0x00, 0x06, 0xDC, 0xB8, 0x00, 0x00, 0x10, 0xB8, 0x00, 0x11, 0xDC,
		0xB8, 0x00, 0x07, 0xD0, 0xB8, 0x00, 0x06, 0x10, 0xB8, 0x00, 0x13, 0xDC,
		0x00, 0xBB, 0x00, 0x09, 0x00, 0x01, 0x00, 0x0A, 0x00, 0x04, 0x2B, 0xBB,
		0x00, 0x03, 0x00, 0x01, 0x00, 0x10, 0x00, 0x04, 0x2B, 0xBB, 0x00, 0x0F,
		0x00, 0x01, 0x00, 0x06, 0x00, 0x04, 0x2B, 0x30, 0x31, 0x13, 0x33, 0x35,
		0x21, 0x15, 0x33, 0x15, 0x21, 0x15, 0x33, 0x15, 0x21, 0x35, 0x23, 0x37,
		0x33, 0x35, 0x23, 0x32, 0x32, 0x01, 0x2C, 0x32, 0xFE, 0xD4, 0xFA, 0xFE,
		0xD4, 0x32, 0x64, 0xC8, 0xC8, 0x01, 0xC2, 0x32, 0x32, 0xFA, 0x64, 0x64,
		0x32, 0xFA, 0x64, 0x00, 0x00, 0x01, 0x00, 0x32, 0x00, 0x00, 0x01, 0x5E,
		0x02, 0x58, 0x00, 0x13, 0x00, 0x5F, 0xBA, 0x00, 0x0C, 0x00, 0x01, 0x00,
		0x03, 0x2B, 0xBA, 0x00, 0x07, 0x00, 0x06, 0x00, 0x03, 0x2B, 0xB8, 0x00,
		0x06, 0x10, 0xB8, 0x00, 0x09, 0xD0, 0xB8, 0x00, 0x06, 0x10, 0xB8, 0x00,
		0x0D, 0xD0, 0xB8, 0x00, 0x0C, 0x10, 0xB8, 0x00, 0x0F, 0xD0, 0xB8, 0x00,
		0x01, 0x10, 0xB8, 0x00, 0x11, 0xD0, 0xB8, 0x00, 0x07, 0x10, 0xB8, 0x00,
		0x15, 0xDC, 0x00, 0xBB, 0x00, 0x05, 0x00, 0x01, 0x00, 0x0A, 0x00, 0x04,
		0x2B, 0xBB, 0x00, 0x0D, 0x00, 0x01, 0x00, 0x0E, 0x00, 0x04, 0x2B, 0xB8,
		0x00, 0x0D, 0x10, 0xB8, 0x00, 0x00, 0xD0, 0xB8, 0x00, 0x0E, 0x10, 0xB8,
		0x00, 0x12, 0xD0, 0x30, 0x31, 0x13, 0x33, 0x35, 0x33, 0x35, 0x33, 0x15,
		0x33, 0x15, 0x23, 0x35, 0x23, 0x15, 0x33, 0x15, 0x23, 0x15, 0x23, 0x35,
		0x23, 0x32, 0x32, 0x32, 0x96, 0x32, 0x32, 0x64, 0x64, 0x64, 0x64, 0x32,
		0x01, 0x5E, 0xC8, 0x32, 0x32, 0x64, 0x32, 0x96, 0x64, 0xFA, 0xFA, 0x00,
		0x00, 0x02, 0x00, 0x32, 0xFF, 0x38, 0x01, 0xC2, 0x01, 0xF4, 0x00, 0x11,
		0x00, 0x15, 0x00, 0x61, 0xB8, 0x00, 0x16, 0x2F, 0xB8, 0x00, 0x0D, 0x2F,
		0xB8, 0x00, 0x16, 0x10, 0xB8, 0x00, 0x00, 0xD0, 0xB8, 0x00, 0x00, 0x2F,
		0xB8, 0x00, 0x0D, 0x10, 0xB8, 0x00, 0x04, 0xDC, 0xB8, 0x00, 0x00, 0x10,
		0xB8, 0x00, 0x09, 0xD0, 0xB8, 0x00, 0x00, 0x10, 0xB8, 0x00, 0x15, 0xDC,
		0xB8, 0x00, 0x0B, 0xD0, 0xB8, 0x00, 0x0D, 0x10, 0xB8, 0x00, 0x13, 0xD0,
		0xB8, 0x00, 0x04, 0x10, 0xB8, 0x00, 0x17, 0xDC, 0x00, 0xBB, 0x00, 0x0D,
		0x00, 0x01, 0x00, 0x06, 0x00, 0x04, 0x2B, 0xBB, 0x00, 0x03, 0x00, 0x01,
		0x00, 0x14, 0x00, 0x04, 0x2B, 0xBB, 0x00, 0x13, 0x00, 0x01, 0x00, 0x0E,
		0x00, 0x04, 0x2B, 0x30, 0x31, 0x13, 0x33, 0x35, 0x21, 0x11, 0x23, 0x15,
		0x21, 0x35, 0x23, 0x35, 0x33, 0x15, 0x33, 0x35, 0x23, 0x35, 0x23, 0x37,
		0x33, 0x11, 0x23, 0x32, 0x32, 0x01, 0x5E, 0x32, 0xFE, 0xD4, 0x32, 0x64,
		0xC8, 0xFA, 0x32, 0x64, 0xC8, 0xC8, 0x01, 0xC2, 0x32, 0xFD, 0x76, 0x32,
		0x32, 0x64, 0x32, 0x64, 0x32, 0x32, 0x01, 0x2C, 0x00, 0x01, 0x00, 0x32,
		0x00, 0x00, 0x01, 0xC2, 0x02, 0x58, 0x00, 0x0B, 0x00, 0x3D, 0xB8, 0x00,
		0x0C, 0x2F, 0xB8, 0x00, 0x07, 0x2F, 0xB8, 0x00, 0x0C, 0x10, 0xB8, 0x00,
		0x00, 0xD0, 0xB8, 0x00, 0x00, 0x2F, 0xB8, 0x00, 0x01, 0xDC, 0xB8, 0x00,
		0x07, 0x10, 0xB8, 0x00, 0x06, 0xDC, 0xB8, 0x00, 0x01, 0x10, 0xB8, 0x00,
		0x09, 0xD0, 0xB8, 0x00, 0x06, 0x10, 0xB8, 0x00, 0x0D, 0xDC, 0x00, 0xBB,
		0x00, 0x03, 0x00, 0x01, 0x00, 0x08, 0x00, 0x04, 0x2B, 0x30, 0x31, 0x13,
		0x33, 0x15, 0x33, 0x15, 0x33, 0x11, 0x23, 0x11, 0x23, 0x11, 0x23, 0x32,
		0x64, 0xFA, 0x32, 0x64, 0xC8, 0x64, 0x02, 0x58, 0x64, 0x32, 0xFE, 0x3E,
		0x01, 0x90, 0xFE, 0x70, 0x00, 0x02, 0x00, 0x32, 0x00, 0x00, 0x00, 0x96,
		0x02, 0xBC, 0x00, 0x03, 0x00, 0x07, 0x00, 0x25, 0xBA, 0x00, 0x01, 0x00,
		0x00, 0x00, 0x03, 0x2B, 0xB8, 0x00, 0x00, 0x10, 0xB8, 0x00, 0x04, 0xD0,
		0xB8, 0x00, 0x01, 0x10, 0xB8, 0x00, 0x05, 0xD0, 0x00, 0xBB, 0x00, 0x05,
		0x00, 0x01, 0x00, 0x06, 0x00, 0x04, 0x2B, 0x30, 0x31, 0x13, 0x33, 0x11,
		0x23, 0x11, 0x33, 0x15, 0x23, 0x32, 0x64, 0x64, 0x64, 0x64, 0x01, 0xF4,
		0xFE, 0x0C, 0x02, 0xBC, 0x64, 0x00, 0x00, 0x00, 0x00, 0x02, 0x00, 0x32,
		0xFF, 0x38, 0x00, 0xFA, 0x02, 0xBC, 0x00, 0x07, 0x00, 0x0B, 0x00, 0x37,
		0xBA, 0x00, 0x04, 0x00, 0x01, 0x00, 0x03, 0x2B, 0xB8, 0x00, 0x01, 0x10,
		0xB8, 0x00, 0x08, 0xD0, 0xB8, 0x00, 0x04, 0x10, 0xB8, 0x00, 0x09, 0xD0,
		0xB8, 0x00, 0x04, 0x10, 0xB8, 0x00, 0x0D, 0xDC, 0x00, 0xBB, 0x00, 0x01,
		0x00, 0x01, 0x00, 0x06, 0x00, 0x04, 0x2B, 0xBB, 0x00, 0x09, 0x00, 0x01,
		0x00, 0x0A, 0x00, 0x04, 0x2B, 0x30, 0x31, 0x17, 0x33, 0x11, 0x33, 0x11,
		0x23, 0x15, 0x23, 0x13, 0x33, 0x15, 0x23, 0x32, 0x64, 0x64, 0x32, 0x96,
		0x64, 0x64, 0x64, 0x64, 0x02, 0x58, 0xFD, 0x76, 0x32, 0x03, 0x84, 0x64,
		0x00, 0x01, 0x00, 0x32, 0x00, 0x00, 0x01, 0xC2, 0x02, 0x58, 0x00, 0x23,
		0x00, 0x99, 0xB8, 0x00, 0x24, 0x2F, 0xB8, 0x00, 0x0A, 0x2F, 0xB8, 0x00,
		0x24, 0x10, 0xB8, 0x00, 0x00, 0xD0, 0xB8, 0x00, 0x00, 0x2F, 0xB8, 0x00,
		0x01, 0xDC, 0xB8, 0x00, 0x0A, 0x10, 0xB8, 0x00, 0x0B, 0xDC, 0xB8, 0x00,
		0x0A, 0x10, 0xB8, 0x00, 0x0F, 0xD0, 0xB8, 0x00, 0x0A, 0x10, 0xB8, 0x00,
		0x13, 0xD0, 0xB8, 0x00, 0x0B, 0x10, 0xB8, 0x00, 0x17, 0xD0, 0xB8, 0x00,
		0x0A, 0x10, 0xB8, 0x00, 0x19, 0xD0, 0xB8, 0x00, 0x01, 0x10, 0xB8, 0x00,
		0x21, 0xD0, 0xB8, 0x00, 0x0B, 0x10, 0xB8, 0x00, 0x25, 0xDC, 0x00, 0xBB,
		0x00, 0x17, 0x00, 0x01, 0x00, 0x18, 0x00, 0x04, 0x2B, 0xBB, 0x00, 0x0A,
		0x00, 0x01, 0x00, 0x07, 0x00, 0x04, 0x2B, 0xBB, 0x00, 0x02, 0x00, 0x01,
		0x00, 0x21, 0x00, 0x04, 0x2B, 0xB8, 0x00, 0x07, 0x10, 0xB8, 0x00, 0x0C,
		0xD0, 0xB8, 0x00, 0x02, 0x10, 0xB8, 0x00, 0x10, 0xD0, 0xB8, 0x00, 0x21,
		0x10, 0xB8, 0x00, 0x12, 0xD0, 0xB8, 0x00, 0x17, 0x10, 0xB8, 0x00, 0x1C,
		0xD0, 0xB8, 0x00, 0x18, 0x10, 0xB8, 0x00, 0x22, 0xD0, 0x30, 0x31, 0x13,
		0x33, 0x11, 0x33, 0x35, 0x33, 0x35, 0x33, 0x35, 0x33, 0x35, 0x33, 0x15,
		0x23, 0x15, 0x23, 0x15, 0x23, 0x15, 0x33, 0x15, 0x33, 0x15, 0x33, 0x15,
		0x23, 0x35, 0x23, 0x35, 0x23, 0x35, 0x23, 0x35, 0x23, 0x15, 0x23, 0x32,
		0x64, 0x32, 0x32, 0x32, 0x32, 0x64, 0x32, 0x32, 0x32, 0x32, 0x32, 0x32,
		0x64, 0x32, 0x32, 0x32, 0x32, 0x64, 0x02, 0x58, 0xFE, 0xD4, 0x32, 0x32,
		0x32, 0x32, 0x64, 0x32, 0x32, 0x64, 0x32, 0x32, 0x64, 0x32, 0x32, 0x32,
		0x32, 0xC8, 0x00, 0x00, 0x00, 0x01, 0x00, 0x32, 0x00, 0x00, 0x00, 0x96,
		0x02, 0x58, 0x00, 0x03, 0x00, 0x0A, 0xBA, 0x00, 0x01, 0x00, 0x00, 0x00,
		0x03, 0x2B, 0x30, 0x31, 0x13, 0x33, 0x11, 0x23, 0x32, 0x64, 0x64, 0x02,
		0x58, 0xFD, 0xA8, 0x00, 0x00, 0x01, 0x00, 0x32, 0x00, 0x00, 0x02, 0x26,
		0x01, 0xF4, 0x00, 0x11, 0x00, 0x93, 0xB8, 0x00, 0x12, 0x2F, 0xB8, 0x00,
		0x00, 0xD0, 0xB8, 0x00, 0x00, 0x2F, 0xB8, 0x00, 0x01, 0xDC, 0x41, 0x03,
		0x00, 0xDF, 0x00, 0x01, 0x00, 0x01, 0x5D, 0x41, 0x03, 0x00, 0x40, 0x00,
		0x01, 0x00, 0x01, 0x5D, 0x41, 0x03, 0x00, 0x90, 0x00, 0x01, 0x00, 0x01,
		0x5D, 0xB8, 0x00, 0x04, 0xDC, 0xB8, 0x00, 0x01, 0x10, 0xB8, 0x00, 0x09,
		0xDC, 0x41, 0x03, 0x00, 0xDF, 0x00, 0x09, 0x00, 0x01, 0x5D, 0x41, 0x03,
		0x00, 0x90, 0x00, 0x09, 0x00, 0x01, 0x5D, 0x41, 0x03, 0x00, 0x40, 0x00,
		0x09, 0x00, 0x01, 0x5D, 0xB8, 0x00, 0x08, 0xDC, 0xB8, 0x00, 0x04, 0x10,
		0xB8, 0x00, 0x0C, 0xD0, 0xB8, 0x00, 0x01, 0x10, 0xB8, 0x00, 0x0D, 0xD0,
		0xB8, 0x00, 0x00, 0x10, 0xB8, 0x00, 0x0F, 0xDC, 0xB8, 0x00, 0x08, 0x10,
		0xB8, 0x00, 0x13, 0xDC, 0x00, 0xBB, 0x00, 0x05, 0x00, 0x01, 0x00, 0x0A,
		0x00, 0x04, 0x2B, 0xB8, 0x00, 0x05, 0x10, 0xB8, 0x00, 0x00, 0xD0, 0xB8,
		0x00, 0x0A, 0x10, 0xB8, 0x00, 0x0E, 0xD0, 0x30, 0x31, 0x13, 0x33, 0x15,
		0x33, 0x35, 0x33, 0x15, 0x33, 0x11, 0x23, 0x11, 0x23, 0x11, 0x23, 0x11,
		0x23, 0x11, 0x23, 0x32, 0xC8, 0x64, 0x96, 0x32, 0x64, 0x64, 0x64, 0x64,
		0x64, 0x01, 0xF4, 0x32, 0x32, 0x32, 0xFE, 0x3E, 0x01, 0x90, 0xFE, 0x70,
		0x01, 0x90, 0xFE, 0x70, 0x00, 0x01, 0x00, 0x32, 0x00, 0x00, 0x01, 0xC2,
		0x01, 0xF4, 0x00, 0x0F, 0x00, 0x45, 0xB8, 0x00, 0x10, 0x2F, 0xB8, 0x00,
		0x09, 0x2F, 0xB8, 0x00, 0x10, 0x10, 0xB8, 0x00, 0x00, 0xD0, 0xB8, 0x00,
		0x00, 0x2F, 0xB8, 0x00, 0x01, 0xDC, 0xB8, 0x00, 0x09, 0x10, 0xB8, 0x00,
		0x08, 0xDC, 0xB8, 0x00, 0x01, 0x10, 0xB8, 0x00, 0x0D, 0xD0, 0xB8, 0x00,
		0x08, 0x10, 0xB8, 0x00, 0x11, 0xDC, 0x00, 0xBB, 0x00, 0x05, 0x00, 0x01,
		0x00, 0x0A, 0x00, 0x04, 0x2B, 0xB8, 0x00, 0x05, 0x10, 0xB8, 0x00, 0x00,
		0xD0, 0x30, 0x31, 0x13, 0x33, 0x15, 0x33, 0x35, 0x33, 0x15, 0x33, 0x11,
		0x23, 0x11, 0x23, 0x15, 0x23, 0x11, 0x23, 0x32, 0x64, 0x32, 0xC8, 0x32,
		0x64, 0x96, 0x32, 0x64, 0x01, 0xF4, 0x32, 0x32, 0x32, 0xFE, 0x3E, 0x01,
		0x90, 0x32, 0xFE, 0xA2, 0x00, 0x02, 0x00, 0x32, 0x00, 0x00, 0x01, 0xC2,
		0x01, 0xF4, 0x00, 0x0B, 0x00, 0x0F, 0x00, 0x43, 0xB8, 0x00, 0x10, 0x2F,
		0xB8, 0x00, 0x0D, 0x2F, 0xB8, 0x00, 0x10, 0x10, 0xB8, 0x00, 0x00, 0xD0,
		0xB8, 0x00, 0x00, 0x2F, 0xB8, 0x00, 0x0D, 0x10, 0xB8, 0x00, 0x06, 0xDC,
		0xB8, 0x00, 0x00, 0x10, 0xB8, 0x00, 0x0F, 0xDC, 0xB8, 0x00, 0x06, 0x10,
		0xB8, 0x00, 0x11, 0xDC, 0x00, 0xBB, 0x00, 0x0D, 0x00, 0x01, 0x00, 0x08,
		0x00, 0x04, 0x2B, 0xBB, 0x00, 0x03, 0x00, 0x01, 0x00, 0x0E, 0x00, 0x04,
		0x2B, 0x30, 0x31, 0x13, 0x33, 0x35, 0x21, 0x15, 0x33, 0x11, 0x23, 0x15,
		0x21, 0x35, 0x23, 0x37, 0x33, 0x11, 0x23, 0x32, 0x32, 0x01, 0x2C, 0x32,
		0x32, 0xFE, 0xD4, 0x32, 0x64, 0xC8, 0xC8, 0x01, 0xC2, 0x32, 0x32, 0xFE,
		0x70, 0x32, 0x32, 0x32, 0x01, 0x2C, 0x00, 0x00, 0x00, 0x02, 0x00, 0x32,
		0xFF, 0x38, 0x01, 0xC2, 0x01, 0xF4, 0x00, 0x09, 0x00, 0x0D, 0x00, 0x47,
		0xB8, 0x00, 0x0E, 0x2F, 0xB8, 0x00, 0x0B, 0x2F, 0xB8, 0x00, 0x0E, 0x10,
		0xB8, 0x00, 0x00, 0xD0, 0xB8, 0x00, 0x00, 0x2F, 0xB8, 0x00, 0x0B, 0x10,
		0xB8, 0x00, 0x04, 0xDC, 0xB8, 0x00, 0x00, 0x10, 0xB8, 0x00, 0x0D, 0xDC,
		0xB8, 0x00, 0x07, 0xD0, 0xB8, 0x00, 0x04, 0x10, 0xB8, 0x00, 0x0F, 0xDC,
		0x00, 0xBB, 0x00, 0x01, 0x00, 0x01, 0x00, 0x0C, 0x00, 0x04, 0x2B, 0xBB,
		0x00, 0x0B, 0x00, 0x01, 0x00, 0x06, 0x00, 0x04, 0x2B, 0x30, 0x31, 0x13,
		0x21, 0x15, 0x33, 0x11, 0x23, 0x15, 0x23, 0x15, 0x23, 0x13, 0x33, 0x11,
		0x23, 0x32, 0x01, 0x5E, 0x32, 0x32, 0xFA, 0x64, 0x64, 0xC8, 0xC8, 0x01,
		0xF4, 0x32, 0xFE, 0x70, 0x32, 0xC8, 0x01, 0x2C, 0x01, 0x2C, 0x00, 0x00,
		0x00, 0x02, 0x00, 0x32, 0xFF, 0x38, 0x01, 0xC2, 0x01, 0xF4, 0x00, 0x09,
		0x00, 0x0D, 0x00, 0x4B, 0xB8, 0x00, 0x0E, 0x2F, 0xB8, 0x00, 0x05, 0x2F,
		0xB8, 0x00, 0x0E, 0x10, 0xB8, 0x00, 0x00, 0xD0, 0xB8, 0x00, 0x00, 0x2F,
		0xB8, 0x00, 0x05, 0x10, 0xB8, 0x00, 0x04, 0xDC, 0xB8, 0x00, 0x05, 0x10,
		0xB8, 0x00, 0x0B, 0xD0, 0xB8, 0x00, 0x00, 0x10, 0xB8, 0x00, 0x0D, 0xDC,
		0xB8, 0x00, 0x04, 0x10, 0xB8, 0x00, 0x0F, 0xDC, 0x00, 0xBB, 0x00, 0x03,
		0x00, 0x01, 0x00, 0x0C, 0x00, 0x04, 0x2B, 0xBB, 0x00, 0x0B, 0x00, 0x01,
		0x00, 0x06, 0x00, 0x04, 0x2B, 0x30, 0x31, 0x13, 0x33, 0x35, 0x21, 0x11,
		0x23, 0x35, 0x23, 0x35, 0x23, 0x37, 0x33, 0x11, 0x23, 0x32, 0x32, 0x01,
		0x5E, 0x64, 0xFA, 0x32, 0x64, 0xC8, 0xC8, 0x01, 0xC2, 0x32, 0xFD, 0x44,
		0xC8, 0x32, 0x32, 0x01, 0x2C, 0x00, 0x00, 0x00, 0x00, 0x01, 0x00, 0x32,
		0x00, 0x00, 0x01, 0xC2, 0x01, 0xF4, 0x00, 0x0F, 0x00, 0x45, 0xB8, 0x00,
		0x10, 0x2F, 0xB8, 0x00, 0x09, 0x2F, 0xB8, 0x00, 0x10, 0x10, 0xB8, 0x00,
		0x00, 0xD0, 0xB8, 0x00, 0x00, 0x2F, 0xB8, 0x00, 0x01, 0xDC, 0xB8, 0x00,
		0x09, 0x10, 0xB8, 0x00, 0x08, 0xDC, 0xB8, 0x00, 0x01, 0x10, 0xB8, 0x00,
		0x0D, 0xD0, 0xB8, 0x00, 0x08, 0x10, 0xB8, 0x00, 0x11, 0xDC, 0x00, 0xBB,
		0x00, 0x05, 0x00, 0x01, 0x00, 0x0A, 0x00, 0x04, 0x2B, 0xB8, 0x00, 0x05,
		0x10, 0xB8, 0x00, 0x00, 0xD0, 0x30, 0x31, 0x13, 0x33, 0x15, 0x33, 0x35,
		0x33, 0x15, 0x33, 0x15, 0x23, 0x35, 0x23, 0x15, 0x23, 0x11, 0x23, 0x32,
		0x64, 0x32, 0xC8, 0x32, 0x64, 0x96, 0x32, 0x64, 0x01, 0xF4, 0x32, 0x32,
		0x32, 0x64, 0x32, 0x32, 0xFE, 0xA2, 0x00, 0x00, 0x00, 0x01, 0x00, 0x32,
		0x00, 0x00, 0x01, 0xC2, 0x01, 0xF4, 0x00, 0x13, 0x00, 0x59, 0xB8, 0x00,
		0x14, 0x2F, 0xB8, 0x00, 0x0F, 0x2F, 0xB8, 0x00, 0x14, 0x10, 0xB8, 0x00,
		0x00, 0xD0, 0xB8, 0x00, 0x00, 0x2F, 0xB8, 0x00, 0x0F, 0x10, 0xB8, 0x00,
		0x0A, 0xDC, 0xB8, 0x00, 0x03, 0xD0, 0xB8, 0x00, 0x00, 0x10, 0xB8, 0x00,
		0x05, 0xDC, 0xB8, 0x00, 0x00, 0x10, 0xB8, 0x00, 0x0D, 0xD0, 0xB8, 0x00,
		0x0A, 0x10, 0xB8, 0x00, 0x15, 0xDC, 0x00, 0xBB, 0x00, 0x0F, 0x00, 0x01,
		0x00, 0x0C, 0x00, 0x04, 0x2B, 0xBB, 0x00, 0x03, 0x00, 0x01, 0x00, 0x04,
		0x00, 0x04, 0x2B, 0xBB, 0x00, 0x07, 0x00, 0x01, 0x00, 0x10, 0x00, 0x04,
		0x2B, 0x30, 0x31, 0x13, 0x33, 0x35, 0x21, 0x15, 0x21, 0x15, 0x33, 0x15,
		0x33, 0x15, 0x23, 0x15, 0x21, 0x35, 0x21, 0x35, 0x23, 0x35, 0x23, 0x32,
		0x32, 0x01, 0x5E, 0xFE, 0xD4, 0xFA, 0x32, 0x32, 0xFE, 0xA2, 0x01, 0x2C,
		0xFA, 0x32, 0x01, 0xC2, 0x32, 0x64, 0x64, 0x32, 0xC8, 0x32, 0x64, 0x64,
		0x32, 0x00, 0x00, 0x00, 0x00, 0x01, 0x00, 0x32, 0x00, 0x00, 0x01, 0x5E,
		0x02, 0x58, 0x00, 0x13, 0x00, 0x5F, 0xBA, 0x00, 0x04, 0x00, 0x01, 0x00,
		0x03, 0x2B, 0xBA, 0x00, 0x0B, 0x00, 0x0A, 0x00, 0x03, 0x2B, 0xB8, 0x00,
		0x0A, 0x10, 0xB8, 0x00, 0x05, 0xD0, 0xB8, 0x00, 0x04, 0x10, 0xB8, 0x00,
		0x07, 0xD0, 0xB8, 0x00, 0x0A, 0x10, 0xB8, 0x00, 0x0D, 0xD0, 0xB8, 0x00,
		0x01, 0x10, 0xB8, 0x00, 0x11, 0xD0, 0xB8, 0x00, 0x0B, 0x10, 0xB8, 0x00,
		0x15, 0xDC, 0x00, 0xBB, 0x00, 0x09, 0x00, 0x01, 0x00, 0x0E, 0x00, 0x04,
		0x2B, 0xBB, 0x00, 0x05, 0x00, 0x01, 0x00, 0x06, 0x00, 0x04, 0x2B, 0xB8,
		0x00, 0x05, 0x10, 0xB8, 0x00, 0x00, 0xD0, 0xB8, 0x00, 0x06, 0x10, 0xB8,
		0x00, 0x12, 0xD0, 0x30, 0x31, 0x13, 0x33, 0x35, 0x33, 0x15, 0x33, 0x15,
		0x23, 0x15, 0x33, 0x35, 0x33, 0x15, 0x23, 0x15, 0x23, 0x35, 0x23, 0x11,
		0x23, 0x32, 0x32, 0x64, 0x64, 0x64, 0x64, 0x32, 0x32, 0x96, 0x32, 0x32,
		0x01, 0xC2, 0x96, 0x96, 0x64, 0xFA, 0x32, 0x64, 0x32, 0x32, 0x01, 0x2C,
		0x00, 0x01, 0x00, 0x32, 0x00, 0x00, 0x01, 0xC2, 0x01, 0xF4, 0x00, 0x0F,
		0x00, 0x41, 0xB8, 0x00, 0x10, 0x2F, 0xB8, 0x00, 0x09, 0x2F, 0xB8, 0x00,
		0x10, 0x10, 0xB8, 0x00, 0x00, 0xD0, 0xB8, 0x00, 0x00, 0x2F, 0xB8, 0x00,
		0x01, 0xDC, 0xB8, 0x00, 0x09, 0x10, 0xB8, 0x00, 0x05, 0xD0, 0xB8, 0x00,
		0x09, 0x10, 0xB8, 0x00, 0x08, 0xDC, 0xB8, 0x00, 0x11, 0xDC, 0x00, 0xBB,
		0x00, 0x03, 0x00, 0x01, 0x00, 0x0C, 0x00, 0x04, 0x2B, 0xB8, 0x00, 0x0C,
		0x10, 0xB8, 0x00, 0x08, 0xD0, 0x30, 0x31, 0x13, 0x33, 0x11, 0x33, 0x35,
		0x33, 0x11, 0x33, 0x11, 0x23, 0x35, 0x23, 0x15, 0x23, 0x35, 0x23, 0x32,
		0x64, 0x96, 0x32, 0x64, 0x64, 0x32, 0xC8, 0x32, 0x01, 0xF4, 0xFE, 0x70,
		0x32, 0x01, 0x5E, 0xFE, 0x0C, 0x32, 0x32, 0x32, 0x00, 0x01, 0x00, 0x32,
		0x00, 0x00, 0x02, 0x26, 0x01, 0xF4, 0x00, 0x1F, 0x00, 0xAD, 0xB8, 0x00,
		0x20, 0x2F, 0xB8, 0x00, 0x00, 0xD0, 0xB8, 0x00, 0x00, 0x2F, 0xB8, 0x00,
		0x01, 0xDC, 0xB8, 0x00, 0x00, 0x10, 0xB8, 0x00, 0x05, 0xDC, 0x41, 0x03,
		0x00, 0xDF, 0x00, 0x05, 0x00, 0x01, 0x5D, 0x41, 0x03, 0x00, 0x40, 0x00,
		0x05, 0x00, 0x01, 0x5D, 0x41, 0x03, 0x00, 0x90, 0x00, 0x05, 0x00, 0x01,
		0x5D, 0xB8, 0x00, 0x08, 0xDC, 0xB8, 0x00, 0x05, 0x10, 0xB8, 0x00, 0x0C,
		0xDC, 0x41, 0x03, 0x00, 0xDF, 0x00, 0x0C, 0x00, 0x01, 0x5D, 0x41, 0x03,
		0x00, 0x90, 0x00, 0x0C, 0x00, 0x01, 0x5D, 0x41, 0x03, 0x00, 0x40, 0x00,
		0x0C, 0x00, 0x01, 0x5D, 0xB8, 0x00, 0x0D, 0xDC, 0xB8, 0x00, 0x0C, 0x10,
		0xB8, 0x00, 0x11, 0xD0, 0xB8, 0x00, 0x05, 0x10, 0xB8, 0x00, 0x17, 0xD0,
		0xB8, 0x00, 0x01, 0x10, 0xB8, 0x00, 0x1B, 0xD0, 0xB8, 0x00, 0x0D, 0x10,
		0xB8, 0x00, 0x21, 0xDC, 0x00, 0xBB, 0x00, 0x15, 0x00, 0x01, 0x00, 0x16,
		0x00, 0x04, 0x2B, 0xBB, 0x00, 0x00, 0x00, 0x01, 0x00, 0x1F, 0x00, 0x04,
		0x2B, 0xB8, 0x00, 0x00, 0x10, 0xB8, 0x00, 0x0C, 0xD0, 0xB8, 0x00, 0x1F,
		0x10, 0xB8, 0x00, 0x0E, 0xD0, 0xB8, 0x00, 0x15, 0x10, 0xB8, 0x00, 0x18,
		0xD0, 0x30, 0x31, 0x13, 0x33, 0x15, 0x33, 0x15, 0x33, 0x15, 0x33, 0x35,
		0x33, 0x35, 0x33, 0x35, 0x33, 0x15, 0x23, 0x15, 0x23, 0x15, 0x23, 0x15,
		0x23, 0x15, 0x23, 0x35, 0x23, 0x35, 0x23, 0x35, 0x23, 0x35, 0x23, 0x32,
		0x64, 0x32, 0x32, 0x64, 0x32, 0x32, 0x64, 0x32, 0x32, 0x32, 0x32, 0x64,
		0x32, 0x32, 0x32, 0x32, 0x01, 0xF4, 0x32, 0x64, 0x64, 0x64, 0x64, 0x32,
		0x64, 0x64, 0x64, 0x64, 0x64, 0x64, 0x64, 0x64, 0x64, 0x00, 0x00, 0x00,
		0x00, 0x01, 0x00, 0x32, 0x00, 0x00, 0x02, 0x26, 0x01, 0xF4, 0x00, 0x17,
		0x00, 0xB3, 0xB8, 0x00, 0x18, 0x2F, 0xB8, 0x00, 0x00, 0xD0, 0xB8, 0x00,
		0x00, 0x2F, 0xB8, 0x00, 0x01, 0xDC, 0xB8, 0x00, 0x00, 0x10, 0xB8, 0x00,
		0x03, 0xDC, 0x41, 0x03, 0x00, 0xDF, 0x00, 0x03, 0x00, 0x01, 0x5D, 0x41,
		0x03, 0x00, 0x40, 0x00, 0x03, 0x00, 0x01, 0x5D, 0x41, 0x03, 0x00, 0x90,
		0x00, 0x03, 0x00, 0x01, 0x5D, 0xB8, 0x00, 0x06, 0xDC, 0xB8, 0x00, 0x03,
		0x10, 0xB8, 0x00, 0x07, 0xDC, 0x41, 0x03, 0x00, 0xDF, 0x00, 0x07, 0x00,
		0x01, 0x5D, 0x41, 0x03, 0x00, 0x90, 0x00, 0x07, 0x00, 0x01, 0x5D, 0x41,
		0x03, 0x00, 0x40, 0x00, 0x07, 0x00, 0x01, 0x5D, 0xB8, 0x00, 0x0A, 0xDC,
		0xB8, 0x00, 0x07, 0x10, 0xB8, 0x00, 0x0D, 0xD0, 0xB8, 0x00, 0x06, 0x10,
		0xB8, 0x00, 0x10, 0xD0, 0xB8, 0x00, 0x03, 0x10, 0xB8, 0x00, 0x11, 0xD0,
		0xB8, 0x00, 0x01, 0x10, 0xB8, 0x00, 0x13, 0xD0, 0xB8, 0x00, 0x0A, 0x10,
		0xB8, 0x00, 0x19, 0xDC, 0x00, 0xBB, 0x00, 0x07, 0x00, 0x01, 0x00, 0x0E,
		0x00, 0x04, 0x2B, 0xB8, 0x00, 0x07, 0x10, 0xB8, 0x00, 0x02, 0xD0, 0xB8,
		0x00, 0x07, 0x10, 0xB8, 0x00, 0x0A, 0xD0, 0xB8, 0x00, 0x0E, 0x10, 0xB8,
		0x00, 0x12, 0xD0, 0xB8, 0x00, 0x07, 0x10, 0xB8, 0x00, 0x16, 0xD0, 0x30,
		0x31, 0x13, 0x33, 0x11, 0x33, 0x35, 0x33, 0x15, 0x33, 0x11, 0x33, 0x11,
		0x23, 0x15, 0x23, 0x15, 0x23, 0x35, 0x23, 0x15, 0x23, 0x35, 0x23, 0x35,
		0x23, 0x32, 0x64, 0x64, 0x64, 0x64, 0x64, 0x32, 0x32, 0x64, 0x64, 0x64,
		0x32, 0x32, 0x01, 0xF4, 0xFE, 0x70, 0xC8, 0xC8, 0x01, 0x90, 0xFE, 0x70,
		0x32, 0x32, 0x32, 0x32, 0x32, 0x32, 0x00, 0x00, 0x00, 0x01, 0x00, 0x32,
		0x00, 0x00, 0x01, 0xC2, 0x01, 0xF4, 0x00, 0x2B, 0x01, 0x31, 0xB8, 0x00,
		0x2C, 0x2F, 0xB8, 0x00, 0x00, 0xD0, 0xB8, 0x00, 0x00, 0x2F, 0xB8, 0x00,
		0x01, 0xDC, 0xB8, 0x00, 0x00, 0x10, 0xB8, 0x00, 0x04, 0xDC, 0x41, 0x03,
		0x00, 0xEF, 0x00, 0x04, 0x00, 0x01, 0x5D, 0x41, 0x03, 0x00, 0x0F, 0x00,
		0x04, 0x00, 0x01, 0x5D, 0x41, 0x05, 0x00, 0x10, 0x00, 0x04, 0x00, 0x20,
		0x00, 0x04, 0x00, 0x02, 0x5D, 0x41, 0x03, 0x00, 0x80, 0x00, 0x04, 0x00,
		0x01, 0x5D, 0xB8, 0x00, 0x05, 0xDC, 0xB8, 0x00, 0x04, 0x10, 0xB8, 0x00,
		0x08, 0xDC, 0x41, 0x03, 0x00, 0xEF, 0x00, 0x08, 0x00, 0x01, 0x5D, 0x41,
		0x03, 0x00, 0x0F, 0x00, 0x08, 0x00, 0x01, 0x5D, 0x41, 0x03, 0x00, 0x80,
		0x00, 0x08, 0x00, 0x01, 0x5D, 0x41, 0x05, 0x00, 0x10, 0x00, 0x08, 0x00,
		0x20, 0x00, 0x08, 0x00, 0x02, 0x5D, 0xB8, 0x00, 0x09, 0xDC, 0xB8, 0x00,
		0x08, 0x10, 0xB8, 0x00, 0x0D, 0xD0, 0xB8, 0x00, 0x08, 0x10, 0xB8, 0x00,
		0x11, 0xD0, 0xB8, 0x00, 0x08, 0x10, 0xB8, 0x00, 0x17, 0xD0, 0xB8, 0x00,
		0x05, 0x10, 0xB8, 0x00, 0x19, 0xD0, 0xB8, 0x00, 0x04, 0x10, 0xB8, 0x00,
		0x1B, 0xD0, 0xB8, 0x00, 0x01, 0x10, 0xB8, 0x00, 0x1D, 0xD0, 0xB8, 0x00,
		0x00, 0x10, 0xB8, 0x00, 0x1F, 0xD0, 0xB8, 0x00, 0x01, 0x10, 0xB8, 0x00,
		0x23, 0xD0, 0xB8, 0x00, 0x04, 0x10, 0xB8, 0x00, 0x25, 0xD0, 0xB8, 0x00,
		0x01, 0x10, 0xB8, 0x00, 0x27, 0xD0, 0xB8, 0x00, 0x09, 0x10, 0xB8, 0x00,
		0x2D, 0xDC, 0x00, 0xBB, 0x00, 0x15, 0x00, 0x01, 0x00, 0x16, 0x00, 0x04,
		0x2B, 0xBB, 0x00, 0x00, 0x00, 0x01, 0x00, 0x2B, 0x00, 0x04, 0x2B, 0xBB,
		0x00, 0x0E, 0x00, 0x01, 0x00, 0x11, 0x00, 0x04, 0x2B, 0xB8, 0x00, 0x2B,
		0x10, 0xB8, 0x00, 0x04, 0xD0, 0xB8, 0x00, 0x00, 0x10, 0xB8, 0x00, 0x08,
		0xD0, 0xB8, 0x00, 0x2B, 0x10, 0xB8, 0x00, 0x0A, 0xD0, 0xB8, 0x00, 0x15,
		0x10, 0xB8, 0x00, 0x1A, 0xD0, 0xB8, 0x00, 0x16, 0x10, 0xB8, 0x00, 0x1E,
		0xD0, 0xB8, 0x00, 0x15, 0x10, 0xB8, 0x00, 0x20, 0xD0, 0xB8, 0x00, 0x11,
		0x10, 0xB8, 0x00, 0x24, 0xD0, 0xB8, 0x00, 0x0E, 0x10, 0xB8, 0x00, 0x26,
		0xD0, 0x30, 0x31, 0x13, 0x33, 0x15, 0x33, 0x15, 0x33, 0x35, 0x33, 0x35,
		0x33, 0x15, 0x23, 0x15, 0x23, 0x15, 0x23, 0x15, 0x33, 0x15, 0x33, 0x15,
		0x33, 0x15, 0x23, 0x35, 0x23, 0x35, 0x23, 0x15, 0x23, 0x15, 0x23, 0x35,
		0x33, 0x35, 0x33, 0x35, 0x33, 0x35, 0x23, 0x35, 0x23, 0x35, 0x23, 0x32,
		0x64, 0x32, 0x64, 0x32, 0x64, 0x32, 0x32, 0x32, 0x32, 0x32, 0x32, 0x64,
		0x32, 0x64, 0x32, 0x64, 0x32, 0x32, 0x32, 0x32, 0x32, 0x32, 0x01, 0xF4,
		0x32, 0x32, 0x32, 0x32, 0x64, 0x32, 0x32, 0x64, 0x32, 0x32, 0x64, 0x32,
		0x32, 0x32, 0x32, 0x64, 0x32, 0x32, 0x64, 0x32, 0x32, 0x00, 0x00, 0x00,
		0x00, 0x01, 0x00, 0x32, 0xFF, 0x38, 0x01, 0xC2, 0x01, 0xF4, 0x00, 0x0F,
		0x00, 0x43, 0xB8, 0x00, 0x10, 0x2F, 0xB8, 0x00, 0x0B, 0x2F, 0xB8, 0x00,
		0x10, 0x10, 0xB8, 0x00, 0x00, 0xD0, 0xB8, 0x00, 0x00, 0x2F, 0xB8, 0x00,
		0x01, 0xDC, 0xB8, 0x00, 0x0B, 0x10, 0xB8, 0x00, 0x03, 0xD0, 0xB8, 0x00,
		0x0B, 0x10, 0xB8, 0x00, 0x06, 0xDC, 0xB8, 0x00, 0x11, 0xDC, 0x00, 0xBB,
		0x00, 0x0B, 0x00, 0x01, 0x00, 0x08, 0x00, 0x04, 0x2B, 0xBB, 0x00, 0x03,
		0x00, 0x01, 0x00, 0x0C, 0x00, 0x04, 0x2B, 0x30, 0x31, 0x13, 0x33, 0x11,
		0x33, 0x11, 0x33, 0x11, 0x23, 0x15, 0x21, 0x35, 0x33, 0x35, 0x23, 0x35,
		0x23, 0x32, 0x64, 0xC8, 0x64, 0x32, 0xFE, 0xD4, 0xFA, 0xFA, 0x32, 0x01,
		0xF4, 0xFE, 0x70, 0x01, 0x90, 0xFD, 0x76, 0x32, 0x64, 0x64, 0x32, 0x00,
		0x00, 0x01, 0x00, 0x32, 0x00, 0x00, 0x01, 0xC2, 0x01, 0xF4, 0x00, 0x1D,
		0x00, 0x5B, 0xB8, 0x00, 0x1E, 0x2F, 0xB8, 0x00, 0x05, 0x2F, 0xB8, 0x00,
		0x1E, 0x10, 0xB8, 0x00, 0x12, 0xD0, 0xB8, 0x00, 0x12, 0x2F, 0xB8, 0x00,
		0x00, 0xD0, 0xB8, 0x00, 0x05, 0x10, 0xB8, 0x00, 0x02, 0xDC, 0xB8, 0x00,
		0x12, 0x10, 0xB8, 0x00, 0x16, 0xDC, 0xB8, 0x00, 0x0D, 0xD0, 0xB8, 0x00,
		0x02, 0x10, 0xB8, 0x00, 0x0F, 0xD0, 0xB8, 0x00, 0x02, 0x10, 0xB8, 0x00,
		0x1F, 0xDC, 0x00, 0xBB, 0x00, 0x0F, 0x00, 0x01, 0x00, 0x10, 0x00, 0x04,
		0x2B, 0xBB, 0x00, 0x01, 0x00, 0x01, 0x00, 0x02, 0x00, 0x04, 0x2B, 0xB8,
		0x00, 0x02, 0x10, 0xB8, 0x00, 0x1C, 0xD0, 0x30, 0x31, 0x13, 0x21, 0x15,
		0x23, 0x15, 0x23, 0x15, 0x23, 0x15, 0x23, 0x15, 0x23, 0x15, 0x23, 0x15,
		0x21, 0x15, 0x21, 0x35, 0x33, 0x35, 0x33, 0x35, 0x33, 0x35, 0x33, 0x35,
		0x33, 0x35, 0x23, 0x32, 0x01, 0x90, 0x32, 0x32, 0x32, 0x32, 0x32, 0x32,
		0x01, 0x2C, 0xFE, 0x70, 0x32, 0x32, 0x32, 0x32, 0x32, 0xFA, 0x01, 0xF4,
		0x64, 0x32, 0x32, 0x32, 0x32, 0x32, 0x32, 0x64, 0x96, 0x32, 0x32, 0x32,
		0x32, 0x32, 0x00, 0x00, 0x00, 0x01, 0x00, 0x32, 0x00, 0x00, 0x00, 0xFA,
		0x02, 0x58, 0x00, 0x17, 0x00, 0x95, 0xBA, 0x00, 0x0B, 0x00, 0x00, 0x00,
		0x03, 0x2B, 0xBA, 0x00, 0x01, 0x00, 0x00, 0x00, 0x0B, 0x11, 0x12, 0x39,
		0xB8, 0x00, 0x01, 0x2F, 0xB8, 0x00, 0x0B, 0x10, 0xB8, 0x00, 0x03, 0xD0,
		0xB8, 0x00, 0x01, 0x10, 0xB8, 0x00, 0x0A, 0xDC, 0xB8, 0x00, 0x05, 0xD0,
		0xB8, 0x00, 0x0A, 0x10, 0xB8, 0x00, 0x07, 0xDC, 0xB8, 0x00, 0x0B, 0x10,
		0xB8, 0x00, 0x08, 0xDC, 0xB8, 0x00, 0x06, 0x10, 0xB8, 0x00, 0x09, 0xD0,
		0xB8, 0x00, 0x0A, 0x10, 0xB8, 0x00, 0x0D, 0xD0, 0xB8, 0x00, 0x06, 0x10,
		0xB8, 0x00, 0x0E, 0xD0, 0xB8, 0x00, 0x08, 0x10, 0xB8, 0x00, 0x0F, 0xD0,
		0xB8, 0x00, 0x07, 0x10, 0xB8, 0x00, 0x10, 0xD0, 0xB8, 0x00, 0x0A, 0x10,
		0xB8, 0x00, 0x11, 0xD0, 0xB8, 0x00, 0x06, 0x10, 0xB8, 0x00, 0x12, 0xD0,
		0xB8, 0x00, 0x0B, 0x10, 0xB8, 0x00, 0x13, 0xD0, 0xB8, 0x00, 0x03, 0x10,
		0xB8, 0x00, 0x14, 0xD0, 0xB8, 0x00, 0x01, 0x10, 0xB8, 0x00, 0x15, 0xD0,
		0x00, 0xB8, 0x00, 0x06, 0x2F, 0xB8, 0x00, 0x10, 0x2F, 0x30, 0x31, 0x13,
		0x33, 0x35, 0x33, 0x35, 0x33, 0x35, 0x33, 0x15, 0x23, 0x15, 0x23, 0x15,
		0x33, 0x15, 0x33, 0x15, 0x23, 0x35, 0x23, 0x35, 0x23, 0x35, 0x23, 0x32,
		0x32, 0x32, 0x32, 0x32, 0x32, 0x32, 0x32, 0x32, 0x32, 0x32, 0x32, 0x32,
		0x01, 0x5E, 0x96, 0x32, 0x32, 0x64, 0x96, 0x64, 0x96, 0x64, 0x32, 0x32,
		0x96, 0x00, 0x00, 0x00, 0x00, 0x01, 0x00, 0x32, 0x00, 0x00, 0x00, 0x96,
		0x02, 0x58, 0x00, 0x03, 0x00, 0x0A, 0xBA, 0x00, 0x01, 0x00, 0x00, 0x00,
		0x03, 0x2B, 0x30, 0x31, 0x13, 0x33, 0x11, 0x23, 0x32, 0x64, 0x64, 0x02,
		0x58, 0xFD, 0xA8, 0x00, 0x00, 0x01, 0x00, 0x32, 0x00, 0x00, 0x00, 0xFA,
		0x02, 0x58, 0x00, 0x17, 0x00, 0x6F, 0xBA, 0x00, 0x01, 0x00, 0x00, 0x00,
		0x03, 0x2B, 0xBA, 0x00, 0x07, 0x00, 0x14, 0x00, 0x03, 0x2B, 0xB8, 0x00,
		0x14, 0x10, 0xB8, 0x00, 0x03, 0xD0, 0xB8, 0x00, 0x01, 0x10, 0xB8, 0x00,
		0x05, 0xDC, 0xB8, 0x00, 0x09, 0xD0, 0xB8, 0x00, 0x14, 0x10, 0xB8, 0x00,
		0x0B, 0xD0, 0xB8, 0x00, 0x01, 0x10, 0xB8, 0x00, 0x0D, 0xD0, 0xB8, 0x00,
		0x16, 0x10, 0xB8, 0x00, 0x0E, 0xD0, 0xB8, 0x00, 0x00, 0x10, 0xB8, 0x00,
		0x0F, 0xD0, 0xB8, 0x00, 0x01, 0x10, 0xB8, 0x00, 0x11, 0xD0, 0xB8, 0x00,
		0x16, 0x10, 0xB8, 0x00, 0x12, 0xD0, 0xB8, 0x00, 0x01, 0x10, 0xB8, 0x00,
		0x15, 0xD0, 0xB8, 0x00, 0x07, 0x10, 0xB8, 0x00, 0x19, 0xDC, 0x00, 0xB8,
		0x00, 0x00, 0x2F, 0xB8, 0x00, 0x0E, 0x2F, 0x30, 0x31, 0x13, 0x33, 0x15,
		0x33, 0x15, 0x33, 0x15, 0x33, 0x15, 0x23, 0x15, 0x23, 0x15, 0x23, 0x15,
		0x23, 0x35, 0x33, 0x35, 0x33, 0x35, 0x23, 0x35, 0x23, 0x32, 0x32, 0x32,
		0x32, 0x32, 0x32, 0x32, 0x32, 0x32, 0x32, 0x32, 0x32, 0x32, 0x02, 0x58,
		0x32, 0x32, 0x96, 0x64, 0x96, 0x32, 0x32, 0x64, 0x96, 0x64, 0x96, 0x00,
		0x00, 0x01, 0x00, 0x33, 0x00, 0xC8, 0x01, 0xF5, 0x01, 0x90, 0x00, 0x1B,
		0x00, 0x9F, 0xBA, 0x00, 0x06, 0x00, 0x03, 0x00, 0x03, 0x2B, 0xBA, 0x00,
		0x0A, 0x00, 0x07, 0x00, 0x03, 0x2B, 0xBA, 0x00, 0x0D, 0x00, 0x0C, 0x00,
		0x03, 0x2B, 0xBA, 0x00, 0x01, 0x00, 0x00, 0x00, 0x03, 0x2B, 0xB8, 0x00,
		0x0C, 0x10, 0xB8, 0x00, 0x0F, 0xD0, 0xB8, 0x00, 0x0A, 0x10, 0xB8, 0x00,
		0x11, 0xD0, 0xB8, 0x00, 0x07, 0x10, 0xB8, 0x00, 0x13, 0xD0, 0xB8, 0x00,
		0x06, 0x10, 0xB8, 0x00, 0x15, 0xD0, 0xB8, 0x00, 0x03, 0x10, 0xB8, 0x00,
		0x17, 0xD0, 0xB8, 0x00, 0x01, 0x10, 0xB8, 0x00, 0x19, 0xD0, 0xB8, 0x00,
		0x0D, 0x10, 0xB8, 0x00, 0x1D, 0xDC, 0x00, 0xBB, 0x00, 0x11, 0x00, 0x01,
		0x00, 0x12, 0x00, 0x04, 0x2B, 0xBB, 0x00, 0x04, 0x00, 0x01, 0x00, 0x03,
		0x00, 0x04, 0x2B, 0xB8, 0x00, 0x03, 0x10, 0xB8, 0x00, 0x06, 0xD0, 0xB8,
		0x00, 0x03, 0x10, 0xB8, 0x00, 0x0A, 0xD0, 0xB8, 0x00, 0x04, 0x10, 0xB8,
		0x00, 0x0C, 0xD0, 0xB8, 0x00, 0x11, 0x10, 0xB8, 0x00, 0x14, 0xD0, 0xB8,
		0x00, 0x11, 0x10, 0xB8, 0x00, 0x18, 0xD0, 0xB8, 0x00, 0x12, 0x10, 0xB8,
		0x00, 0x1A, 0xD0, 0x30, 0x31, 0x13, 0x33, 0x35, 0x33, 0x35, 0x33, 0x15,
		0x33, 0x15, 0x33, 0x35, 0x33, 0x35, 0x33, 0x15, 0x23, 0x15, 0x23, 0x15,
		0x23, 0x35, 0x23, 0x35, 0x23, 0x15, 0x23, 0x15, 0x23, 0x33, 0x32, 0x32,
		0x64, 0x32, 0x64, 0x32, 0x32, 0x32, 0x32, 0x64, 0x32, 0x64, 0x32, 0x32,
		0x01, 0x2C, 0x32, 0x32, 0x32, 0x32, 0x32, 0x32, 0x64, 0x32, 0x32, 0x32,
		0x32, 0x32, 0x32, 0x00, 0x00, 0x01, 0x00, 0x32, 0x00, 0x00, 0x02, 0x26,
		0x02, 0x26, 0x00, 0x1F, 0x00, 0x73, 0xBA, 0x00, 0x0A, 0x00, 0x01, 0x00,
		0x03, 0x2B, 0xB8, 0x00, 0x0A, 0x10, 0xB8, 0x00, 0x0D, 0xD0, 0xB8, 0x00,
		0x0A, 0x10, 0xB8, 0x00, 0x11, 0xD0, 0xB8, 0x00, 0x01, 0x10, 0xB8, 0x00,
		0x19, 0xD0, 0xB8, 0x00, 0x01, 0x10, 0xB8, 0x00, 0x1D, 0xD0, 0x00, 0xBB,
		0x00, 0x13, 0x00, 0x01, 0x00, 0x16, 0x00, 0x04, 0x2B, 0xBB, 0x00, 0x05,
		0x00, 0x01, 0x00, 0x08, 0x00, 0x04, 0x2B, 0xBB, 0x00, 0x0F, 0x00, 0x01,
		0x00, 0x10, 0x00, 0x04, 0x2B, 0xBB, 0x00, 0x0B, 0x00, 0x01, 0x00, 0x0C,
		0x00, 0x04, 0x2B, 0xB8, 0x00, 0x0B, 0x10, 0xB8, 0x00, 0x00, 0xD0, 0xB8,
		0x00, 0x10, 0x10, 0xB8, 0x00, 0x1A, 0xD0, 0xB8, 0x00, 0x0F, 0x10, 0xB8,
		0x00, 0x1C, 0xD0, 0xB8, 0x00, 0x0C, 0x10, 0xB8, 0x00, 0x1E, 0xD0, 0x30,
		0x31, 0x13, 0x33, 0x35, 0x33, 0x35, 0x21, 0x15, 0x33, 0x15, 0x21, 0x15,
		0x21, 0x15, 0x21, 0x15, 0x21, 0x15, 0x21, 0x15, 0x21, 0x15, 0x23, 0x15,
		0x21, 0x35, 0x23, 0x35, 0x23, 0x35, 0x33, 0x35, 0x23, 0x32, 0x32, 0x32,
		0x01, 0x5E, 0x32, 0xFE, 0xA2, 0x01, 0x2C, 0xFE, 0xD4, 0x01, 0x2C, 0xFE,
		0xD4, 0x01, 0x5E, 0x32, 0xFE, 0xA2, 0x32, 0x32, 0x32, 0x32, 0x01, 0x90,
		0x64, 0x32, 0x32, 0x32, 0x32, 0x64, 0x32, 0x64, 0x32, 0x32, 0x32, 0x32,
		0x64, 0x64, 0x32, 0x00, 0x00, 0x01, 0x00, 0x32, 0xFF, 0xCE, 0x00, 0xC8,
		0x00, 0x96, 0x00, 0x09, 0x00, 0x25, 0xBA, 0x00, 0x01, 0x00, 0x00, 0x00,
		0x03, 0x2B, 0xB8, 0x00, 0x01, 0x10, 0xB8, 0x00, 0x05, 0xD0, 0x00, 0xBB,
		0x00, 0x00, 0x00, 0x01, 0x00, 0x09, 0x00, 0x04, 0x2B, 0xB8, 0x00, 0x09,
		0x10, 0xB8, 0x00, 0x02, 0xD0, 0x30, 0x31, 0x37, 0x33, 0x15, 0x33, 0x15,
		0x23, 0x35, 0x23, 0x35, 0x23, 0x32, 0x64, 0x32, 0x32, 0x32, 0x32, 0x96,
		0x64, 0x64, 0x32, 0x32, 0x00, 0x01, 0x00, 0x32, 0xFF, 0x9C, 0x01, 0x90,
		0x02, 0x58, 0x00, 0x17, 0x00, 0x69, 0xBA, 0x00, 0x0C, 0x00, 0x01, 0x00,
		0x03, 0x2B, 0xBA, 0x00, 0x07, 0x00, 0x06, 0x00, 0x03, 0x2B, 0xB8, 0x00,
		0x06, 0x10, 0xB8, 0x00, 0x09, 0xD0, 0xB8, 0x00, 0x06, 0x10, 0xB8, 0x00,
		0x0D, 0xD0, 0xB8, 0x00, 0x0C, 0x10, 0xB8, 0x00, 0x0F, 0xD0, 0xB8, 0x00,
		0x01, 0x10, 0xB8, 0x00, 0x15, 0xD0, 0xB8, 0x00, 0x07, 0x10, 0xB8, 0x00,
		0x19, 0xDC, 0x00, 0xBB, 0x00, 0x15, 0x00, 0x01, 0x00, 0x12, 0x00, 0x04,
		0x2B, 0xBB, 0x00, 0x05, 0x00, 0x01, 0x00, 0x0A, 0x00, 0x04, 0x2B, 0xBB,
		0x00, 0x0D, 0x00, 0x01, 0x00, 0x0E, 0x00, 0x04, 0x2B, 0xB8, 0x00, 0x0D,
		0x10, 0xB8, 0x00, 0x00, 0xD0, 0xB8, 0x00, 0x0E, 0x10, 0xB8, 0x00, 0x16,
		0xD0, 0x30, 0x31, 0x13, 0x33, 0x35, 0x33, 0x35, 0x33, 0x15, 0x33, 0x15,
		0x23, 0x35, 0x23, 0x15, 0x33, 0x15, 0x23, 0x11, 0x23, 0x15, 0x23, 0x35,
		0x33, 0x35, 0x23, 0x64, 0x32, 0x32, 0x96, 0x32, 0x32, 0x64, 0x64, 0x64,
		0x32, 0x96, 0x64, 0x32, 0x01, 0x5E, 0xC8, 0x32, 0x32, 0x64, 0x32, 0x96,
		0x64, 0xFE, 0xD4, 0x32, 0x64, 0xFA, 0x00, 0x00, 0x00, 0x02, 0x00, 0x32,
		0x00, 0x00, 0x01, 0x5E, 0x00, 0xC8, 0x00, 0x03, 0x00, 0x07, 0x00, 0x41,
		0xB8, 0x00, 0x08, 0x2F, 0xB8, 0x00, 0x04, 0x2F, 0xB8, 0x00, 0x08, 0x10,
		0xB8, 0x00, 0x00, 0xD0, 0xB8, 0x00, 0x00, 0x2F, 0xB8, 0x00, 0x01, 0xDC,
		0xB8, 0x00, 0x04, 0x10, 0xB8, 0x00, 0x05, 0xDC, 0xB8, 0x00, 0x09, 0xDC,
		0x00, 0xBB, 0x00, 0x01, 0x00, 0x01, 0x00, 0x02, 0x00, 0x04, 0x2B, 0xB8,
		0x00, 0x01, 0x10, 0xB8, 0x00, 0x04, 0xD0, 0xB8, 0x00, 0x02, 0x10, 0xB8,
		0x00, 0x06, 0xD0, 0x30, 0x31, 0x37, 0x33, 0x15, 0x23, 0x37, 0x33, 0x15,
		0x23, 0x32, 0x64, 0x64, 0xC8, 0x64, 0x64, 0xC8, 0xC8, 0xC8, 0xC8, 0x00,
		0x00, 0x03, 0x00, 0x32, 0x00, 0x00, 0x01, 0xC2, 0x00, 0x64, 0x00, 0x03,
		0x00, 0x07, 0x00, 0x0B, 0x00, 0xAD, 0xB8, 0x00, 0x0C, 0x2F, 0xB8, 0x00,
		0x00, 0xD0, 0xB8, 0x00, 0x00, 0x2F, 0xB8, 0x00, 0x01, 0xDC, 0xB8, 0x00,
		0x00, 0x10, 0xB8, 0x00, 0x08, 0xDC, 0x41, 0x03, 0x00, 0x0F, 0x00, 0x08,
		0x00, 0x01, 0x5D, 0x41, 0x03, 0x00, 0xEF, 0x00, 0x08, 0x00, 0x01, 0x5D,
		0x41, 0x03, 0x00, 0x80, 0x00, 0x08, 0x00, 0x01, 0x5D, 0x41, 0x05, 0x00,
		0x10, 0x00, 0x08, 0x00, 0x20, 0x00, 0x08, 0x00, 0x02, 0x5D, 0xB8, 0x00,
		0x04, 0xDC, 0x41, 0x03, 0x00, 0x0F, 0x00, 0x04, 0x00, 0x01, 0x5D, 0x41,
		0x03, 0x00, 0xEF, 0x00, 0x04, 0x00, 0x01, 0x5D, 0x41, 0x03, 0x00, 0x80,
		0x00, 0x04, 0x00, 0x01, 0x5D, 0x41, 0x05, 0x00, 0x10, 0x00, 0x04, 0x00,
		0x20, 0x00, 0x04, 0x00, 0x02, 0x5D, 0xB8, 0x00, 0x05, 0xDC, 0xB8, 0x00,
		0x08, 0x10, 0xB8, 0x00, 0x09, 0xDC, 0xB8, 0x00, 0x05, 0x10, 0xB8, 0x00,
		0x0D, 0xDC, 0x00, 0xBB, 0x00, 0x01, 0x00, 0x01, 0x00, 0x02, 0x00, 0x04,
		0x2B, 0xB8, 0x00, 0x01, 0x10, 0xB8, 0x00, 0x04, 0xD0, 0xB8, 0x00, 0x02,
		0x10, 0xB8, 0x00, 0x06, 0xD0, 0xB8, 0x00, 0x01, 0x10, 0xB8, 0x00, 0x08,
		0xD0, 0xB8, 0x00, 0x02, 0x10, 0xB8, 0x00, 0x0A, 0xD0, 0x30, 0x31, 0x37,
		0x33, 0x15, 0x23, 0x25, 0x33, 0x15, 0x23, 0x27, 0x33, 0x15, 0x23, 0x32,
		0x64, 0x64, 0x01, 0x2C, 0x64, 0x64, 0x96, 0x64, 0x64, 0x64, 0x64, 0x64,
		0x64, 0x64, 0x64, 0x00, 0x00, 0x01, 0x00, 0x32, 0x00, 0x00, 0x01, 0x5E,
		0x02, 0x58, 0x00, 0x0B, 0x00, 0x35, 0xBA, 0x00, 0x04, 0x00, 0x01, 0x00,
		0x03, 0x2B, 0xB8, 0x00, 0x04, 0x10, 0xB8, 0x00, 0x07, 0xD0, 0xB8, 0x00,
		0x01, 0x10, 0xB8, 0x00, 0x09, 0xD0, 0x00, 0xBB, 0x00, 0x05, 0x00, 0x01,
		0x00, 0x06, 0x00, 0x04, 0x2B, 0xB8, 0x00, 0x05, 0x10, 0xB8, 0x00, 0x00,
		0xD0, 0xB8, 0x00, 0x06, 0x10, 0xB8, 0x00, 0x0A, 0xD0, 0x30, 0x31, 0x13,
		0x33, 0x35, 0x33, 0x15, 0x33, 0x15, 0x23, 0x11, 0x23, 0x11, 0x23, 0x32,
		0x64, 0x64, 0x64, 0x64, 0x64, 0x64, 0x01, 0xF4, 0x64, 0x64, 0x64, 0xFE,
		0x70, 0x01, 0x90, 0x00, 0x00, 0x01, 0x00, 0x32, 0x00, 0x00, 0x01, 0x5E,
		0x02, 0x58, 0x00, 0x13, 0x00, 0x5F, 0xBA, 0x00, 0x04, 0x00, 0x01, 0x00,
		0x03, 0x2B, 0xB8, 0x00, 0x04, 0x10, 0xB8, 0x00, 0x07, 0xD0, 0xB8, 0x00,
		0x04, 0x10, 0xB8, 0x00, 0x0B, 0xD0, 0xB8, 0x00, 0x01, 0x10, 0xB8, 0x00,
		0x0D, 0xD0, 0xB8, 0x00, 0x01, 0x10, 0xB8, 0x00, 0x11, 0xD0, 0x00, 0xBB,
		0x00, 0x09, 0x00, 0x01, 0x00, 0x0A, 0x00, 0x04, 0x2B, 0xBB, 0x00, 0x05,
		0x00, 0x01, 0x00, 0x06, 0x00, 0x04, 0x2B, 0xB8, 0x00, 0x05, 0x10, 0xB8,
		0x00, 0x00, 0xD0, 0xB8, 0x00, 0x0A, 0x10, 0xB8, 0x00, 0x0E, 0xD0, 0xB8,
		0x00, 0x09, 0x10, 0xB8, 0x00, 0x10, 0xD0, 0xB8, 0x00, 0x06, 0x10, 0xB8,
		0x00, 0x12, 0xD0, 0x30, 0x31, 0x13, 0x33, 0x35, 0x33, 0x15, 0x33, 0x15,
		0x23, 0x15, 0x33, 0x15, 0x23, 0x15, 0x23, 0x35, 0x23, 0x35, 0x33, 0x35,
		0x23, 0x32, 0x64, 0x64, 0x64, 0x64, 0x64, 0x64, 0x64, 0x64, 0x64, 0x64,
		0x01, 0xF4, 0x64, 0x64, 0x64, 0xC8, 0x64, 0x64, 0x64, 0x64, 0xC8, 0x00,
		0x00, 0x01, 0x00, 0x32, 0x01, 0x2B, 0x01, 0x90, 0x02, 0x57, 0x00, 0x1B,
		0x00, 0xD7, 0xB8, 0x00, 0x1C, 0x2F, 0xB8, 0x00, 0x00, 0xD0, 0xB8, 0x00,
		0x00, 0x2F, 0xB8, 0x00, 0x01, 0xDC, 0xB8, 0x00, 0x00, 0x10, 0xB8, 0x00,
		0x05, 0xDC, 0x41, 0x03, 0x00, 0xEF, 0x00, 0x05, 0x00, 0x01, 0x5D, 0x41,
		0x03, 0x00, 0x0F, 0x00, 0x05, 0x00, 0x01, 0x5D, 0x41, 0x05, 0x00, 0x10,
		0x00, 0x05, 0x00, 0x20, 0x00, 0x05, 0x00, 0x02, 0x5D, 0x41, 0x03, 0x00,
		0x80, 0x00, 0x05, 0x00, 0x01, 0x5D, 0xB8, 0x00, 0x08, 0xDC, 0xB8, 0x00,
		0x05, 0x10, 0xB8, 0x00, 0x0C, 0xDC, 0x41, 0x03, 0x00, 0xEF, 0x00, 0x0C,
		0x00, 0x01, 0x5D, 0x41, 0x03, 0x00, 0x0F, 0x00, 0x0C, 0x00, 0x01, 0x5D,
		0x41, 0x03, 0x00, 0x80, 0x00, 0x0C, 0x00, 0x01, 0x5D, 0x41, 0x05, 0x00,
		0x10, 0x00, 0x0C, 0x00, 0x20, 0x00, 0x0C, 0x00, 0x02, 0x5D, 0xB8, 0x00,
		0x0D, 0xDC, 0xB8, 0x00, 0x0C, 0x10, 0xB8, 0x00, 0x0F, 0xD0, 0xB8, 0x00,
		0x08, 0x10, 0xB8, 0x00, 0x13, 0xD0, 0xB8, 0x00, 0x05, 0x10, 0xB8, 0x00,
		0x15, 0xD0, 0xB8, 0x00, 0x01, 0x10, 0xB8, 0x00, 0x19, 0xD0, 0xB8, 0x00,
		0x0D, 0x10, 0xB8, 0x00, 0x1D, 0xDC, 0x00, 0xBB, 0x00, 0x10, 0x00, 0x01,
		0x00, 0x0F, 0x00, 0x04, 0x2B, 0xBB, 0x00, 0x06, 0x00, 0x01, 0x00, 0x15,
		0x00, 0x04, 0x2B, 0xB8, 0x00, 0x15, 0x10, 0xB8, 0x00, 0x00, 0xD0, 0xB8,
		0x00, 0x15, 0x10, 0xB8, 0x00, 0x0C, 0xD0, 0xB8, 0x00, 0x10, 0x10, 0xB8,
		0x00, 0x18, 0xD0, 0xB8, 0x00, 0x0F, 0x10, 0xB8, 0x00, 0x1A, 0xD0, 0x30,
		0x31, 0x13, 0x33, 0x35, 0x33, 0x35, 0x33, 0x35, 0x33, 0x15, 0x33, 0x15,
		0x33, 0x15, 0x33, 0x15, 0x23, 0x35, 0x23, 0x35, 0x23, 0x35, 0x23, 0x15,
		0x23, 0x15, 0x23, 0x15, 0x23, 0x32, 0x32, 0x32, 0x32, 0x32, 0x32, 0x32,
		0x32, 0x32, 0x32, 0x32, 0x32, 0x32, 0x32, 0x32, 0x01, 0xC1, 0x32, 0x32,
		0x32, 0x32, 0x32, 0x32, 0x96, 0x32, 0x32, 0x32, 0x32, 0x32, 0x32, 0x00,
		0x00, 0x06, 0x00, 0x32, 0xFF, 0xCE, 0x02, 0x8A, 0x02, 0x58, 0x00, 0x27,
		0x00, 0x2B, 0x00, 0x2F, 0x00, 0x33, 0x00, 0x37, 0x00, 0x3B, 0x00, 0xFB,
		0xBA, 0x00, 0x01, 0x00, 0x00, 0x00, 0x03, 0x2B, 0xBA, 0x00, 0x05, 0x00,
		0x04, 0x00, 0x03, 0x2B, 0xBA, 0x00, 0x0B, 0x00, 0x0A, 0x00, 0x03, 0x2B,
		0xBA, 0x00, 0x0F, 0x00, 0x0E, 0x00, 0x03, 0x2B, 0xBA, 0x00, 0x12, 0x00,
		0x13, 0x00, 0x03, 0x2B, 0xBA, 0x00, 0x2D, 0x00, 0x34, 0x00, 0x03, 0x2B,
		0xB8, 0x00, 0x0F, 0x10, 0xB8, 0x00, 0x15, 0xD0, 0xB8, 0x00, 0x0E, 0x10,
		0xB8, 0x00, 0x17, 0xD0, 0xB8, 0x00, 0x0B, 0x10, 0xB8, 0x00, 0x19, 0xD0,
		0xB8, 0x00, 0x0A, 0x10, 0xB8, 0x00, 0x1B, 0xD0, 0xB8, 0x00, 0x0F, 0x10,
		0xB8, 0x00, 0x1D, 0xD0, 0xB8, 0x00, 0x0A, 0x10, 0xB8, 0x00, 0x1F, 0xD0,
		0xB8, 0x00, 0x05, 0x10, 0xB8, 0x00, 0x23, 0xD0, 0xB8, 0x00, 0x04, 0x10,
		0xB8, 0x00, 0x25, 0xD0, 0xB8, 0x00, 0x00, 0x10, 0xB8, 0x00, 0x28, 0xD0,
		0xB8, 0x00, 0x05, 0x10, 0xB8, 0x00, 0x29, 0xD0, 0xB8, 0x00, 0x13, 0x10,
		0xB8, 0x00, 0x2C, 0xD0, 0xB8, 0x00, 0x0E, 0x10, 0xB8, 0x00, 0x30, 0xD0,
		0xB8, 0x00, 0x0B, 0x10, 0xB8, 0x00, 0x31, 0xD0, 0xB8, 0x00, 0x12, 0x10,
		0xB8, 0x00, 0x35, 0xD0, 0xB8, 0x00, 0x04, 0x10, 0xB8, 0x00, 0x38, 0xD0,
		0xB8, 0x00, 0x01, 0x10, 0xB8, 0x00, 0x39, 0xD0, 0xB8, 0x00, 0x2D, 0x10,
		0xB8, 0x00, 0x3D, 0xDC, 0x00, 0xBA, 0x00, 0x1C, 0x00, 0x1F, 0x00, 0x03,
		0x2B, 0xBA, 0x00, 0x29, 0x00, 0x2A, 0x00, 0x03, 0x2B, 0xB8, 0x00, 0x1C,
		0x10, 0xB8, 0x00, 0x02, 0xD0, 0xB8, 0x00, 0x2A, 0x10, 0xB8, 0x00, 0x08,
		0xD0, 0xB8, 0x00, 0x2A, 0x10, 0xB8, 0x00, 0x16, 0xD0, 0xB8, 0x00, 0x1C,
		0x10, 0xB8, 0x00, 0x21, 0xD0, 0xB8, 0x00, 0x1C, 0x10, 0xB8, 0x00, 0x2C,
		0xD0, 0xB8, 0x00, 0x1F, 0x10, 0xB8, 0x00, 0x2E, 0xD0, 0x30, 0x31, 0x37,
		0x33, 0x35, 0x33, 0x35, 0x33, 0x35, 0x33, 0x35, 0x33, 0x35, 0x33, 0x35,
		0x33, 0x35, 0x33, 0x35, 0x33, 0x15, 0x23, 0x15, 0x23, 0x15, 0x23, 0x15,
		0x23, 0x15, 0x23, 0x15, 0x33, 0x15, 0x23, 0x35, 0x23, 0x15, 0x23, 0x15,
		0x23, 0x15, 0x23, 0x11, 0x33, 0x15, 0x23, 0x05, 0x33, 0x15, 0x23, 0x27,
		0x23, 0x15, 0x33, 0x37, 0x23, 0x15, 0x33, 0x01, 0x23, 0x15, 0x33, 0x32,
		0x32, 0x32, 0x32, 0x32, 0x32, 0x32, 0x32, 0x32, 0x64, 0x32, 0x32, 0x32,
		0x32, 0x32, 0x96, 0x96, 0x32, 0x32, 0x32, 0x64, 0x96, 0x96, 0x01, 0xC2,
		0x96, 0x96, 0x64, 0x32, 0x32, 0xC8, 0x32, 0x32, 0xFE, 0x3E, 0x32, 0x32,
		0x96, 0x32, 0x32, 0x32, 0x32, 0x32, 0x32, 0x32, 0x32, 0x64, 0x32, 0x32,
		0x32, 0x32, 0x32, 0xFA, 0xFA, 0x32, 0x32, 0x32, 0x02, 0x26, 0xFA, 0x96,
		0xFA, 0xC8, 0x96, 0x96, 0x96, 0x02, 0x26, 0x96, 0x00, 0x02, 0x00, 0x32,
		0x00, 0x00, 0x02, 0x26, 0x02, 0xBC, 0x00, 0x11, 0x00, 0x19, 0x00, 0x63,
		0xB8, 0x00, 0x1A, 0x2F, 0xB8, 0x00, 0x0F, 0x2F, 0xB8, 0x00, 0x1A, 0x10,
		0xB8, 0x00, 0x00, 0xD0, 0xB8, 0x00, 0x00, 0x2F, 0xB8, 0x00, 0x0F, 0x10,
		0xB8, 0x00, 0x0A, 0xDC, 0xB8, 0x00, 0x03, 0xD0, 0xB8, 0x00, 0x00, 0x10,
		0xB8, 0x00, 0x05, 0xDC, 0xB8, 0x00, 0x00, 0x10, 0xB8, 0x00, 0x0D, 0xD0,
		0xB8, 0x00, 0x0A, 0x10, 0xB8, 0x00, 0x1B, 0xDC, 0x00, 0xBB, 0x00, 0x0F,
		0x00, 0x01, 0x00, 0x0C, 0x00, 0x04, 0x2B, 0xBB, 0x00, 0x13, 0x00, 0x01,
		0x00, 0x16, 0x00, 0x04, 0x2B, 0xBB, 0x00, 0x03, 0x00, 0x01, 0x00, 0x04,
		0x00, 0x04, 0x2B, 0xBB, 0x00, 0x07, 0x00, 0x01, 0x00, 0x10, 0x00, 0x04,
		0x2B, 0x30, 0x31, 0x13, 0x33, 0x35, 0x21, 0x15, 0x21, 0x15, 0x21, 0x15,
		0x33, 0x15, 0x23, 0x15, 0x21, 0x35, 0x21, 0x35, 0x21, 0x13, 0x33, 0x15,
		0x23, 0x15, 0x23, 0x35, 0x23, 0x32, 0x32, 0x01, 0xC2, 0xFE, 0x70, 0x01,
		0x5E, 0x32, 0x32, 0xFE, 0x3E, 0x01, 0x90, 0xFE, 0x70, 0x96, 0xC8, 0x32,
		0x64, 0x32, 0x01, 0xF4, 0x32, 0x64, 0x64, 0x32, 0xFA, 0x32, 0x64, 0x96,
		0x01, 0xC2, 0x32, 0x32, 0x32, 0x00, 0x00, 0x00, 0x00, 0x01, 0x00, 0x32,
		0x00, 0x64, 0x01, 0x2C, 0x01, 0xF4, 0x00, 0x1B, 0x00, 0x95, 0xBA, 0x00,
		0x0D, 0x00, 0x00, 0x00, 0x03, 0x2B, 0xBA, 0x00, 0x01, 0x00, 0x00, 0x00,
		0x0D, 0x11, 0x12, 0x39, 0xB8, 0x00, 0x01, 0x2F, 0xB8, 0x00, 0x0D, 0x10,
		0xB8, 0x00, 0x03, 0xD0, 0xB8, 0x00, 0x01, 0x10, 0xB8, 0x00, 0x0C, 0xDC,
		0xB8, 0x00, 0x05, 0xD0, 0xB8, 0x00, 0x0C, 0x10, 0xB8, 0x00, 0x08, 0xDC,
		0xB8, 0x00, 0x0D, 0x10, 0xB8, 0x00, 0x0A, 0xDC, 0xB8, 0x00, 0x05, 0x10,
		0xB8, 0x00, 0x0B, 0xD0, 0xB8, 0x00, 0x0C, 0x10, 0xB8, 0x00, 0x0F, 0xD0,
		0xB8, 0x00, 0x05, 0x10, 0xB8, 0x00, 0x10, 0xD0, 0xB8, 0x00, 0x0A, 0x10,
		0xB8, 0x00, 0x11, 0xD0, 0xB8, 0x00, 0x08, 0x10, 0xB8, 0x00, 0x13, 0xD0,
		0xB8, 0x00, 0x0C, 0x10, 0xB8, 0x00, 0x15, 0xD0, 0xB8, 0x00, 0x05, 0x10,
		0xB8, 0x00, 0x16, 0xD0, 0xB8, 0x00, 0x0D, 0x10, 0xB8, 0x00, 0x17, 0xD0,
		0xB8, 0x00, 0x03, 0x10, 0xB8, 0x00, 0x18, 0xD0, 0xB8, 0x00, 0x01, 0x10,
		0xB8, 0x00, 0x19, 0xD0, 0x00, 0xB8, 0x00, 0x06, 0x2F, 0xB8, 0x00, 0x14,
		0x2F, 0x30, 0x31, 0x13, 0x33, 0x35, 0x33, 0x35, 0x33, 0x35, 0x33, 0x15,
		0x23, 0x15, 0x23, 0x15, 0x23, 0x15, 0x33, 0x15, 0x33, 0x15, 0x33, 0x15,
		0x23, 0x35, 0x23, 0x35, 0x23, 0x35, 0x23, 0x32, 0x32, 0x32, 0x32, 0x64,
		0x32, 0x32, 0x32, 0x32, 0x32, 0x32, 0x64, 0x32, 0x32, 0x32, 0x01, 0x5E,
		0x32, 0x32, 0x32, 0x32, 0x32, 0x32, 0x64, 0x32, 0x32, 0x32, 0x32, 0x32,
		0x32, 0x00, 0x00, 0x00, 0x00, 0x02, 0x00, 0x32, 0x00, 0x00, 0x03, 0x20,
		0x02, 0x58, 0x00, 0x0F, 0x00, 0x13, 0x00, 0x59, 0xB8, 0x00, 0x14, 0x2F,
		0xB8, 0x00, 0x11, 0x2F, 0xB8, 0x00, 0x14, 0x10, 0xB8, 0x00, 0x00, 0xD0,
		0xB8, 0x00, 0x00, 0x2F, 0xB8, 0x00, 0x11, 0x10, 0xB8, 0x00, 0x0A, 0xDC,
		0xB8, 0x00, 0x05, 0xD0, 0xB8, 0x00, 0x00, 0x10, 0xB8, 0x00, 0x13, 0xDC,
		0x00, 0xBB, 0x00, 0x0B, 0x00, 0x01, 0x00, 0x0C, 0x00, 0x04, 0x2B, 0xBB,
		0x00, 0x03, 0x00, 0x01, 0x00, 0x04, 0x00, 0x04, 0x2B, 0xBB, 0x00, 0x07,
		0x00, 0x01, 0x00, 0x08, 0x00, 0x04, 0x2B, 0xB8, 0x00, 0x0B, 0x10, 0xB8,
		0x00, 0x10, 0xD0, 0xB8, 0x00, 0x04, 0x10, 0xB8, 0x00, 0x12, 0xD0, 0x30,
		0x31, 0x13, 0x33, 0x35, 0x21, 0x15, 0x21, 0x15, 0x33, 0x15, 0x23, 0x15,
		0x21, 0x15, 0x21, 0x35, 0x23, 0x37, 0x33, 0x11, 0x23, 0x32, 0x32, 0x02,
		0xBC, 0xFE, 0xD4, 0xFA, 0xFA, 0x01, 0x2C, 0xFD, 0x44, 0x32, 0x64, 0xFA,
		0xFA, 0x02, 0x26, 0x32, 0x64, 0x96, 0x64, 0x96, 0x64, 0x32, 0x32, 0x01,
		0x90, 0x00, 0x00, 0x00, 0x00, 0x01, 0x00, 0x32, 0x01, 0xF4, 0x00, 0xC8,
		0x02, 0xBC, 0x00, 0x09, 0x00, 0x2D, 0xBA, 0x00, 0x05, 0x00, 0x08, 0x00,
		0x03, 0x2B, 0xB8, 0x00, 0x08, 0x10, 0xB8, 0x00, 0x01, 0xD0, 0xB8, 0x00,
		0x05, 0x10, 0xB8, 0x00, 0x0B, 0xDC, 0x00, 0xBB, 0x00, 0x05, 0x00, 0x01,
		0x00, 0x06, 0x00, 0x04, 0x2B, 0xB8, 0x00, 0x05, 0x10, 0xB8, 0x00, 0x08,
		0xD0, 0x30, 0x31, 0x13, 0x33, 0x15, 0x33, 0x15, 0x33, 0x15, 0x23, 0x35,
		0x23, 0x32, 0x32, 0x32, 0x32, 0x64, 0x32, 0x02, 0xBC, 0x32, 0x32, 0x64,
		0x64, 0x00, 0x00, 0x00, 0x00, 0x01, 0x00, 0x32, 0x01, 0x90, 0x00, 0xC8,
		0x02, 0x58, 0x00, 0x09, 0x00, 0x25, 0xBA, 0x00, 0x01, 0x00, 0x00, 0x00,
		0x03, 0x2B, 0xB8, 0x00, 0x01, 0x10, 0xB8, 0x00, 0x05, 0xD0, 0x00, 0xBB,
		0x00, 0x00, 0x00, 0x01, 0x00, 0x09, 0x00, 0x04, 0x2B, 0xB8, 0x00, 0x09,
		0x10, 0xB8, 0x00, 0x02, 0xD0, 0x30, 0x31, 0x13, 0x33, 0x15, 0x33, 0x15,
		0x23, 0x35, 0x23, 0x35, 0x23, 0x32, 0x64, 0x32, 0x32, 0x32, 0x32, 0x02,
		0x58, 0x64, 0x64, 0x32, 0x32, 0x00, 0x00, 0x00, 0x00, 0x02, 0x00, 0x32,
		0x01, 0xF4, 0x01, 0x90, 0x02, 0xBC, 0x00, 0x09, 0x00, 0x13, 0x00, 0x7B,
		0xB8, 0x00, 0x14, 0x2F, 0xB8, 0x00, 0x12, 0x2F, 0xB8, 0x00, 0x14, 0x10,
		0xB8, 0x00, 0x08, 0xD0, 0xB8, 0x00, 0x08, 0x2F, 0xB8, 0x00, 0x01, 0xD0,
		0xB8, 0x00, 0x08, 0x10, 0xB8, 0x00, 0x05, 0xDC, 0xB8, 0x00, 0x12, 0x10,
		0xB8, 0x00, 0x0B, 0xD0, 0xB8, 0x00, 0x12, 0x10, 0xB8, 0x00, 0x0F, 0xDC,
		0xB8, 0x00, 0x15, 0xDC, 0x00, 0xBB, 0x00, 0x05, 0x00, 0x01, 0x00, 0x06,
		0x00, 0x04, 0x2B, 0xBB, 0x00, 0x01, 0x00, 0x01, 0x00, 0x02, 0x00, 0x04,
		0x2B, 0xB8, 0x00, 0x05, 0x10, 0xB8, 0x00, 0x08, 0xD0, 0xB8, 0x00, 0x01,
		0x10, 0xB8, 0x00, 0x0A, 0xD0, 0xB8, 0x00, 0x02, 0x10, 0xB8, 0x00, 0x0C,
		0xD0, 0xB8, 0x00, 0x05, 0x10, 0xB8, 0x00, 0x0E, 0xD0, 0xB8, 0x00, 0x06,
		0x10, 0xB8, 0x00, 0x10, 0xD0, 0xB8, 0x00, 0x05, 0x10, 0xB8, 0x00, 0x12,
		0xD0, 0x30, 0x31, 0x13, 0x33, 0x15, 0x33, 0x15, 0x33, 0x15, 0x23, 0x35,
		0x23, 0x37, 0x33, 0x15, 0x33, 0x15, 0x33, 0x15, 0x23, 0x35, 0x23, 0x32,
		0x32, 0x32, 0x32, 0x64, 0x32, 0xC8, 0x32, 0x32, 0x32, 0x64, 0x32, 0x02,
		0xBC, 0x32, 0x32, 0x64, 0x64, 0x64, 0x32, 0x32, 0x64, 0x64, 0x00, 0x00,
		0x00, 0x02, 0x00, 0x32, 0x01, 0x90, 0x01, 0x90, 0x02, 0x58, 0x00, 0x09,
		0x00, 0x13, 0x00, 0x77, 0xB8, 0x00, 0x14, 0x2F, 0xB8, 0x00, 0x0A, 0x2F,
		0xB8, 0x00, 0x14, 0x10, 0xB8, 0x00, 0x00, 0xD0, 0xB8, 0x00, 0x00, 0x2F,
		0xB8, 0x00, 0x01, 0xDC, 0xB8, 0x00, 0x05, 0xD0, 0xB8, 0x00, 0x0A, 0x10,
		0xB8, 0x00, 0x0B, 0xDC, 0xB8, 0x00, 0x0F, 0xD0, 0xB8, 0x00, 0x0B, 0x10,
		0xB8, 0x00, 0x15, 0xDC, 0x00, 0xBB, 0x00, 0x06, 0x00, 0x01, 0x00, 0x05,
		0x00, 0x04, 0x2B, 0xBB, 0x00, 0x01, 0x00, 0x01, 0x00, 0x02, 0x00, 0x04,
		0x2B, 0xB8, 0x00, 0x02, 0x10, 0xB8, 0x00, 0x08, 0xD0, 0xB8, 0x00, 0x01,
		0x10, 0xB8, 0x00, 0x0A, 0xD0, 0xB8, 0x00, 0x02, 0x10, 0xB8, 0x00, 0x0C,
		0xD0, 0xB8, 0x00, 0x05, 0x10, 0xB8, 0x00, 0x0E, 0xD0, 0xB8, 0x00, 0x06,
		0x10, 0xB8, 0x00, 0x10, 0xD0, 0xB8, 0x00, 0x02, 0x10, 0xB8, 0x00, 0x12,
		0xD0, 0x30, 0x31, 0x13, 0x33, 0x15, 0x33, 0x15, 0x23, 0x35, 0x23, 0x35,
		0x23, 0x37, 0x33, 0x15, 0x33, 0x15, 0x23, 0x35, 0x23, 0x35, 0x23, 0x32,
		0x64, 0x32, 0x32, 0x32, 0x32, 0xC8, 0x64, 0x32, 0x32, 0x32, 0x32, 0x02,
		0x58, 0x64, 0x64, 0x32, 0x32, 0x64, 0x64, 0x64, 0x32, 0x32, 0x00, 0x00,
		0x00, 0x01, 0x00, 0x32, 0x00, 0xFA, 0x00, 0xFA, 0x01, 0xC2, 0x00, 0x0B,
		0x00, 0x1D, 0xBA, 0x00, 0x05, 0x00, 0x00, 0x00, 0x03, 0x2B, 0xB8, 0x00,
		0x05, 0x10, 0xB8, 0x00, 0x0D, 0xDC, 0x00, 0xBB, 0x00, 0x03, 0x00, 0x01,
		0x00, 0x08, 0x00, 0x04, 0x2B, 0x30, 0x31, 0x13, 0x33, 0x35, 0x33, 0x15,
		0x33, 0x15, 0x23, 0x15, 0x23, 0x35, 0x23, 0x32, 0x32, 0x64, 0x32, 0x32,
		0x64, 0x32, 0x01, 0x90, 0x32, 0x32, 0x64, 0x32, 0x32, 0x00, 0x00, 0x00,
		0x00, 0x01, 0x00, 0x32, 0x00, 0xF9, 0x01, 0x90, 0x01, 0x5D, 0x00, 0x03,
		0x00, 0x0D, 0x00, 0xBB, 0x00, 0x01, 0x00, 0x01, 0x00, 0x02, 0x00, 0x04,
		0x2B, 0x30, 0x31, 0x13, 0x21, 0x15, 0x21, 0x32, 0x01, 0x5E, 0xFE, 0xA2,
		0x01, 0x5D, 0x64, 0x00, 0x00, 0x01, 0x00, 0x32, 0x00, 0xFA, 0x02, 0x26,
		0x01, 0x5E, 0x00, 0x03, 0x00, 0x0D, 0x00, 0xBB, 0x00, 0x01, 0x00, 0x01,
		0x00, 0x02, 0x00, 0x04, 0x2B, 0x30, 0x31, 0x13, 0x21, 0x15, 0x21, 0x32,
		0x01, 0xF4, 0xFE, 0x0C, 0x01, 0x5E, 0x64, 0x00, 0x00, 0x01, 0x00, 0x32,
		0x01, 0x8F, 0x01, 0xF4, 0x02, 0x57, 0x00, 0x1B, 0x00, 0x79, 0x00, 0xBB,
		0x00, 0x09, 0x00, 0x01, 0x00, 0x12, 0x00, 0x04, 0x2B, 0xBB, 0x00, 0x0B,
		0x00, 0x01, 0x00, 0x10, 0x00, 0x04, 0x2B, 0xBB, 0x00, 0x04, 0x00, 0x01,
		0x00, 0x17, 0x00, 0x04, 0x2B, 0xB8, 0x00, 0x09, 0x10, 0xB8, 0x00, 0x00,
		0xD0, 0xB8, 0x00, 0x17, 0x10, 0xB8, 0x00, 0x01, 0xD0, 0xB8, 0x00, 0x0B,
		0x10, 0xB8, 0x00, 0x02, 0xD0, 0xB8, 0x00, 0x0B, 0x10, 0xB8, 0x00, 0x06,
		0xD0, 0xB8, 0x00, 0x04, 0x10, 0xB8, 0x00, 0x0C, 0xD0, 0xB8, 0x00, 0x09,
		0x10, 0xB8, 0x00, 0x0E, 0xD0, 0xB8, 0x00, 0x17, 0x10, 0xB8, 0x00, 0x0F,
		0xD0, 0xB8, 0x00, 0x10, 0x10, 0xB8, 0x00, 0x14, 0xD0, 0xB8, 0x00, 0x09,
		0x10, 0xB8, 0x00, 0x16, 0xD0, 0xB8, 0x00, 0x10, 0x10, 0xB8, 0x00, 0x18,
		0xD0, 0xB8, 0x00, 0x12, 0x10, 0xB8, 0x00, 0x1A, 0xD0, 0x30, 0x31, 0x13,
		0x33, 0x35, 0x33, 0x35, 0x33, 0x15, 0x33, 0x15, 0x33, 0x35, 0x33, 0x35,
		0x33, 0x15, 0x23, 0x15, 0x23, 0x15, 0x23, 0x35, 0x23, 0x35, 0x23, 0x15,
		0x23, 0x15, 0x23, 0x32, 0x32, 0x32, 0x64, 0x32, 0x64, 0x32, 0x32, 0x32,
		0x32, 0x64, 0x32, 0x64, 0x32, 0x32, 0x01, 0xF3, 0x32, 0x32, 0x32, 0x32,
		0x32, 0x32, 0x64, 0x32, 0x32, 0x32, 0x32, 0x32, 0x32, 0x00, 0x00, 0x00,
		0x00, 0x02, 0x00, 0x32, 0xFF, 0xFF, 0x02, 0x58, 0x01, 0x5D, 0x00, 0x13,
		0x00, 0x1B, 0x00, 0x8F, 0xBA, 0x00, 0x18, 0x00, 0x19, 0x00, 0x03, 0x2B,
		0xBA, 0x00, 0x01, 0x00, 0x00, 0x00, 0x03, 0x2B, 0xBA, 0x00, 0x06, 0x00,
		0x03, 0x00, 0x03, 0x2B, 0xBA, 0x00, 0x09, 0x00, 0x08, 0x00, 0x03, 0x2B,
		0xB8, 0x00, 0x08, 0x10, 0xB8, 0x00, 0x0B, 0xD0, 0xB8, 0x00, 0x06, 0x10,
		0xB8, 0x00, 0x0D, 0xD0, 0xB8, 0x00, 0x03, 0x10, 0xB8, 0x00, 0x0F, 0xD0,
		0xB8, 0x00, 0x01, 0x10, 0xB8, 0x00, 0x11, 0xD0, 0xB8, 0x00, 0x09, 0x10,
		0xB8, 0x00, 0x1D, 0xDC, 0x00, 0xBB, 0x00, 0x15, 0x00, 0x01, 0x00, 0x16,
		0x00, 0x04, 0x2B, 0xBB, 0x00, 0x03, 0x00, 0x01, 0x00, 0x04, 0x00, 0x04,
		0x2B, 0xB8, 0x00, 0x15, 0x10, 0xB8, 0x00, 0x00, 0xD0, 0xB8, 0x00, 0x03,
		0x10, 0xB8, 0x00, 0x06, 0xD0, 0xB8, 0x00, 0x15, 0x10, 0xB8, 0x00, 0x08,
		0xD0, 0xB8, 0x00, 0x04, 0x10, 0xB8, 0x00, 0x0C, 0xD0, 0xB8, 0x00, 0x04,
		0x10, 0xB8, 0x00, 0x10, 0xD0, 0xB8, 0x00, 0x16, 0x10, 0xB8, 0x00, 0x1A,
		0xD0, 0x30, 0x31, 0x01, 0x33, 0x15, 0x33, 0x15, 0x33, 0x35, 0x33, 0x35,
		0x33, 0x11, 0x23, 0x35, 0x23, 0x15, 0x23, 0x35, 0x23, 0x15, 0x23, 0x01,
		0x33, 0x15, 0x23, 0x11, 0x23, 0x11, 0x23, 0x01, 0x5E, 0x32, 0x32, 0x32,
		0x32, 0x32, 0x32, 0x32, 0x32, 0x32, 0x32, 0xFE, 0xD4, 0xFA, 0x64, 0x32,
		0x64, 0x01, 0x5D, 0x64, 0x32, 0x32, 0x64, 0xFE, 0xA2, 0xC8, 0x64, 0x64,
		0xC8, 0x01, 0x5E, 0x32, 0xFE, 0xD4, 0x01, 0x2C, 0x00, 0x02, 0x00, 0x32,
		0x00, 0x00, 0x01, 0xC2, 0x02, 0xBC, 0x00, 0x13, 0x00, 0x1B, 0x00, 0x73,
		0xB8, 0x00, 0x1C, 0x2F, 0xB8, 0x00, 0x0F, 0x2F, 0xB8, 0x00, 0x1C, 0x10,
		0xB8, 0x00, 0x00, 0xD0, 0xB8, 0x00, 0x00, 0x2F, 0xB8, 0x00, 0x0F, 0x10,
		0xB8, 0x00, 0x0A, 0xDC, 0xB8, 0x00, 0x03, 0xD0, 0xB8, 0x00, 0x00, 0x10,
		0xB8, 0x00, 0x05, 0xDC, 0xB8, 0x00, 0x00, 0x10, 0xB8, 0x00, 0x0D, 0xD0,
		0xB8, 0x00, 0x05, 0x10, 0xB8, 0x00, 0x14, 0xD0, 0xB8, 0x00, 0x0F, 0x10,
		0xB8, 0x00, 0x15, 0xD0, 0xB8, 0x00, 0x0A, 0x10, 0xB8, 0x00, 0x1D, 0xDC,
		0x00, 0xBB, 0x00, 0x0F, 0x00, 0x01, 0x00, 0x0C, 0x00, 0x04, 0x2B, 0xBB,
		0x00, 0x15, 0x00, 0x01, 0x00, 0x18, 0x00, 0x04, 0x2B, 0xBB, 0x00, 0x07,
		0x00, 0x01, 0x00, 0x10, 0x00, 0x04, 0x2B, 0xBB, 0x00, 0x03, 0x00, 0x01,
		0x00, 0x04, 0x00, 0x04, 0x2B, 0x30, 0x31, 0x13, 0x33, 0x35, 0x21, 0x15,
		0x21, 0x15, 0x33, 0x15, 0x33, 0x15, 0x23, 0x15, 0x21, 0x35, 0x21, 0x35,
		0x23, 0x35, 0x23, 0x13, 0x33, 0x15, 0x23, 0x15, 0x23, 0x35, 0x23, 0x32,
		0x32, 0x01, 0x5E, 0xFE, 0xD4, 0xFA, 0x32, 0x32, 0xFE, 0xA2, 0x01, 0x2C,
		0xFA, 0x32, 0x64, 0xC8, 0x32, 0x64, 0x32, 0x01, 0xC2, 0x32, 0x64, 0x64,
		0x32, 0xC8, 0x32, 0x64, 0x64, 0x32, 0x01, 0xC2, 0x32, 0x32, 0x32, 0x00,
		0x00, 0x01, 0x00, 0x32, 0x00, 0x64, 0x01, 0x2C, 0x01, 0xF4, 0x00, 0x1B,
		0x00, 0x91, 0xBA, 0x00, 0x01, 0x00, 0x00, 0x00, 0x03, 0x2B, 0xBA, 0x00,
		0x11, 0x00, 0x00, 0x00, 0x01, 0x11, 0x12, 0x39, 0xB8, 0x00, 0x11, 0x2F,
		0xB8, 0x00, 0x0C, 0xDC, 0xB8, 0x00, 0x03, 0xD0, 0xB8, 0x00, 0x16, 0x10,
		0xB8, 0x00, 0x04, 0xD0, 0xB8, 0x00, 0x01, 0x10, 0xB8, 0x00, 0x05, 0xDC,
		0xB8, 0x00, 0x0C, 0x10, 0xB8, 0x00, 0x07, 0xDC, 0xB8, 0x00, 0x05, 0x10,
		0xB8, 0x00, 0x09, 0xD0, 0xB8, 0x00, 0x16, 0x10, 0xB8, 0x00, 0x0B, 0xD0,
		0xB8, 0x00, 0x01, 0x10, 0xB8, 0x00, 0x0D, 0xD0, 0xB8, 0x00, 0x18, 0x10,
		0xB8, 0x00, 0x0E, 0xD0, 0xB8, 0x00, 0x00, 0x10, 0xB8, 0x00, 0x0F, 0xD0,
		0xB8, 0x00, 0x01, 0x10, 0xB8, 0x00, 0x13, 0xD0, 0xB8, 0x00, 0x18, 0x10,
		0xB8, 0x00, 0x14, 0xD0, 0xB8, 0x00, 0x0C, 0x10, 0xB8, 0x00, 0x15, 0xD0,
		0xB8, 0x00, 0x01, 0x10, 0xB8, 0x00, 0x17, 0xD0, 0xB8, 0x00, 0x11, 0x10,
		0xB8, 0x00, 0x19, 0xD0, 0x00, 0xB8, 0x00, 0x00, 0x2F, 0xB8, 0x00, 0x0E,
		0x2F, 0x30, 0x31, 0x13, 0x33, 0x15, 0x33, 0x15, 0x33, 0x15, 0x33, 0x15,
		0x23, 0x15, 0x23, 0x15, 0x23, 0x15, 0x23, 0x35, 0x33, 0x35, 0x33, 0x35,
		0x33, 0x35, 0x23, 0x35, 0x23, 0x35, 0x23, 0x32, 0x64, 0x32, 0x32, 0x32,
		0x32, 0x32, 0x32, 0x64, 0x32, 0x32, 0x32, 0x32, 0x32, 0x32, 0x01, 0xF4,
		0x32, 0x32, 0x32, 0x64, 0x32, 0x32, 0x32, 0x32, 0x32, 0x32, 0x64, 0x32,
		0x32, 0x00, 0x00, 0x00, 0x00, 0x03, 0x00, 0x32, 0x00, 0x00, 0x02, 0x8A,
		0x01, 0xF4, 0x00, 0x0F, 0x00, 0x13, 0x00, 0x17, 0x00, 0xCB, 0xB8, 0x00,
		0x18, 0x2F, 0xB8, 0x00, 0x00, 0xD0, 0xB8, 0x00, 0x00, 0x2F, 0xB8, 0x00,
		0x11, 0xDC, 0x41, 0x03, 0x00, 0x50, 0x00, 0x11, 0x00, 0x01, 0x5D, 0x41,
		0x03, 0x00, 0x0F, 0x00, 0x11, 0x00, 0x01, 0x5D, 0x41, 0x03, 0x00, 0x90,
		0x00, 0x11, 0x00, 0x01, 0x5D, 0x41, 0x05, 0x00, 0x10, 0x00, 0x11, 0x00,
		0x20, 0x00, 0x11, 0x00, 0x02, 0x5D, 0x41, 0x03, 0x00, 0xD0, 0x00, 0x11,
		0x00, 0x01, 0x5D, 0xB8, 0x00, 0x15, 0xDC, 0x41, 0x03, 0x00, 0x50, 0x00,
		0x15, 0x00, 0x01, 0x5D, 0x41, 0x03, 0x00, 0x0F, 0x00, 0x15, 0x00, 0x01,
		0x5D, 0x41, 0x05, 0x00, 0x10, 0x00, 0x15, 0x00, 0x20, 0x00, 0x15, 0x00,
		0x02, 0x5D, 0x41, 0x03, 0x00, 0xD0, 0x00, 0x15, 0x00, 0x01, 0x5D, 0x41,
		0x03, 0x00, 0x90, 0x00, 0x15, 0x00, 0x01, 0x5D, 0xB8, 0x00, 0x06, 0xDC,
		0xB8, 0x00, 0x11, 0x10, 0xB8, 0x00, 0x0A, 0xDC, 0xB8, 0x00, 0x00, 0x10,
		0xB8, 0x00, 0x13, 0xDC, 0xB8, 0x00, 0x0A, 0x10, 0xB8, 0x00, 0x17, 0xD0,
		0xB8, 0x00, 0x06, 0x10, 0xB8, 0x00, 0x19, 0xDC, 0x00, 0xBB, 0x00, 0x0B,
		0x00, 0x01, 0x00, 0x0C, 0x00, 0x04, 0x2B, 0xBB, 0x00, 0x02, 0x00, 0x01,
		0x00, 0x13, 0x00, 0x04, 0x2B, 0xBB, 0x00, 0x15, 0x00, 0x01, 0x00, 0x08,
		0x00, 0x04, 0x2B, 0xB8, 0x00, 0x0B, 0x10, 0xB8, 0x00, 0x10, 0xD0, 0xB8,
		0x00, 0x13, 0x10, 0xB8, 0x00, 0x16, 0xD0, 0x30, 0x31, 0x13, 0x33, 0x35,
		0x21, 0x15, 0x33, 0x15, 0x23, 0x15, 0x23, 0x15, 0x33, 0x15, 0x21, 0x35,
		0x23, 0x37, 0x33, 0x11, 0x23, 0x17, 0x33, 0x35, 0x23, 0x32, 0x32, 0x01,
		0xF4, 0x32, 0x32, 0xC8, 0xC8, 0xFE, 0x0C, 0x32, 0x64, 0x96, 0x96, 0xFA,
		0x96, 0x96, 0x01, 0xC2, 0x32, 0x32, 0xC8, 0x32, 0x64, 0x64, 0x32, 0x32,
		0x01, 0x2C, 0x64, 0x64, 0x00, 0x03, 0x00, 0x32, 0x00, 0x00, 0x02, 0x26,
		0x02, 0xBC, 0x00, 0x1F, 0x00, 0x23, 0x00, 0x27, 0x00, 0xF7, 0xB8, 0x00,
		0x28, 0x2F, 0xB8, 0x00, 0x00, 0xD0, 0xB8, 0x00, 0x00, 0x2F, 0xB8, 0x00,
		0x01, 0xDC, 0xB8, 0x00, 0x00, 0x10, 0xB8, 0x00, 0x05, 0xDC, 0x41, 0x03,
		0x00, 0xDF, 0x00, 0x05, 0x00, 0x01, 0x5D, 0x41, 0x03, 0x00, 0x90, 0x00,
		0x05, 0x00, 0x01, 0x5D, 0x41, 0x03, 0x00, 0x40, 0x00, 0x05, 0x00, 0x01,
		0x5D, 0xB8, 0x00, 0x08, 0xDC, 0xB8, 0x00, 0x05, 0x10, 0xB8, 0x00, 0x0B,
		0xDC, 0x41, 0x03, 0x00, 0xDF, 0x00, 0x0B, 0x00, 0x01, 0x5D, 0x41, 0x03,
		0x00, 0x90, 0x00, 0x0B, 0x00, 0x01, 0x5D, 0x41, 0x03, 0x00, 0x40, 0x00,
		0x0B, 0x00, 0x01, 0x5D, 0xB8, 0x00, 0x0E, 0xDC, 0xB8, 0x00, 0x0B, 0x10,
		0xB8, 0x00, 0x11, 0xD0, 0xB8, 0x00, 0x08, 0x10, 0xB8, 0x00, 0x15, 0xD0,
		0xB8, 0x00, 0x05, 0x10, 0xB8, 0x00, 0x17, 0xD0, 0xB8, 0x00, 0x01, 0x10,
		0xB8, 0x00, 0x1B, 0xD0, 0xB8, 0x00, 0x05, 0x10, 0xB8, 0x00, 0x21, 0xD0,
		0xB8, 0x00, 0x08, 0x10, 0xB8, 0x00, 0x24, 0xD0, 0xB8, 0x00, 0x0B, 0x10,
		0xB8, 0x00, 0x25, 0xD0, 0xB8, 0x00, 0x0E, 0x10, 0xB8, 0x00, 0x29, 0xDC,
		0x00, 0xBB, 0x00, 0x21, 0x00, 0x01, 0x00, 0x22, 0x00, 0x04, 0x2B, 0xBB,
		0x00, 0x06, 0x00, 0x01, 0x00, 0x18, 0x00, 0x04, 0x2B, 0xBB, 0x00, 0x01,
		0x00, 0x01, 0x00, 0x02, 0x00, 0x04, 0x2B, 0xB8, 0x00, 0x02, 0x10, 0xB8,
		0x00, 0x0A, 0xD0, 0xB8, 0x00, 0x01, 0x10, 0xB8, 0x00, 0x0C, 0xD0, 0xB8,
		0x00, 0x06, 0x10, 0xB8, 0x00, 0x10, 0xD0, 0xB8, 0x00, 0x18, 0x10, 0xB8,
		0x00, 0x14, 0xD0, 0xB8, 0x00, 0x06, 0x10, 0xB8, 0x00, 0x1C, 0xD0, 0xB8,
		0x00, 0x21, 0x10, 0xB8, 0x00, 0x24, 0xD0, 0xB8, 0x00, 0x22, 0x10, 0xB8,
		0x00, 0x26, 0xD0, 0x30, 0x31, 0x13, 0x33, 0x15, 0x33, 0x15, 0x33, 0x15,
		0x33, 0x35, 0x33, 0x35, 0x33, 0x35, 0x33, 0x15, 0x23, 0x15, 0x23, 0x15,
		0x23, 0x15, 0x23, 0x15, 0x23, 0x35, 0x23, 0x35, 0x23, 0x35, 0x23, 0x35,
		0x23, 0x13, 0x33, 0x15, 0x23, 0x37, 0x33, 0x15, 0x23, 0x32, 0x64, 0x32,
		0x32, 0x64, 0x32, 0x32, 0x64, 0x32, 0x32, 0x32, 0x32, 0x64, 0x32, 0x32,
		0x32, 0x32, 0x64, 0x64, 0x64, 0xC8, 0x64, 0x64, 0x02, 0x26, 0x96, 0x32,
		0x32, 0x32, 0x32, 0x96, 0xC8, 0x32, 0x32, 0x32, 0xC8, 0xC8, 0x32, 0x32,
		0x32, 0x01, 0x5E, 0x64, 0x64, 0x64, 0x00, 0x00, 0x00, 0x02, 0x00, 0x32,
		0x00, 0x00, 0x00, 0x96, 0x02, 0xBC, 0x00, 0x03, 0x00, 0x07, 0x00, 0x25,
		0xBA, 0x00, 0x01, 0x00, 0x00, 0x00, 0x03, 0x2B, 0xB8, 0x00, 0x00, 0x10,
		0xB8, 0x00, 0x04, 0xD0, 0xB8, 0x00, 0x01, 0x10, 0xB8, 0x00, 0x05, 0xD0,
		0x00, 0xBB, 0x00, 0x05, 0x00, 0x01, 0x00, 0x06, 0x00, 0x04, 0x2B, 0x30,
		0x31, 0x13, 0x33, 0x11, 0x23, 0x11, 0x33, 0x15, 0x23, 0x32, 0x64, 0x64,
		0x64, 0x64, 0x01, 0xF4, 0xFE, 0x0C, 0x02, 0xBC, 0x64, 0x00, 0x00, 0x00,
		0x00, 0x02, 0x00, 0x32, 0xFF, 0x9C, 0x01, 0xC2, 0x02, 0x58, 0x00, 0x13,
		0x00, 0x17, 0x00, 0x67, 0xBA, 0x00, 0x17, 0x00, 0x00, 0x00, 0x03, 0x2B,
		0xBA, 0x00, 0x06, 0x00, 0x03, 0x00, 0x03, 0x2B, 0xB8, 0x00, 0x06, 0x10,
		0xB8, 0x00, 0x09, 0xD0, 0xB8, 0x00, 0x06, 0x10, 0xB8, 0x00, 0x0D, 0xD0,
		0xB8, 0x00, 0x03, 0x10, 0xB8, 0x00, 0x0F, 0xD0, 0xB8, 0x00, 0x03, 0x10,
		0xB8, 0x00, 0x15, 0xD0, 0x00, 0xBB, 0x00, 0x0B, 0x00, 0x01, 0x00, 0x0C,
		0x00, 0x04, 0x2B, 0xBB, 0x00, 0x07, 0x00, 0x01, 0x00, 0x08, 0x00, 0x04,
		0x2B, 0xB8, 0x00, 0x07, 0x10, 0xB8, 0x00, 0x02, 0xD0, 0xB8, 0x00, 0x0C,
		0x10, 0xB8, 0x00, 0x10, 0xD0, 0xB8, 0x00, 0x0B, 0x10, 0xB8, 0x00, 0x14,
		0xD0, 0xB8, 0x00, 0x08, 0x10, 0xB8, 0x00, 0x16, 0xD0, 0x30, 0x31, 0x13,
		0x33, 0x35, 0x33, 0x35, 0x33, 0x15, 0x33, 0x15, 0x23, 0x11, 0x33, 0x15,
		0x23, 0x15, 0x23, 0x35, 0x23, 0x35, 0x23, 0x37, 0x33, 0x11, 0x23, 0x32,
		0x32, 0x96, 0x32, 0x96, 0x96, 0x96, 0x96, 0x32, 0x96, 0x32, 0x64, 0x64,
		0x64, 0x01, 0xC2, 0x32, 0x64, 0x64, 0x64, 0xFE, 0xD4, 0x64, 0x64, 0x64,
		0x32, 0x32, 0x01, 0x2C, 0x00, 0x01, 0x00, 0x32, 0x00, 0x00, 0x01, 0x5E,
		0x02, 0x58, 0x00, 0x17, 0x00, 0x79, 0xBA, 0x00, 0x0C, 0x00, 0x01, 0x00,
		0x03, 0x2B, 0xBA, 0x00, 0x07, 0x00, 0x06, 0x00, 0x03, 0x2B, 0xB8, 0x00,
		0x06, 0x10, 0xB8, 0x00, 0x09, 0xD0, 0xB8, 0x00, 0x06, 0x10, 0xB8, 0x00,
		0x0D, 0xD0, 0xB8, 0x00, 0x0C, 0x10, 0xB8, 0x00, 0x0F, 0xD0, 0xB8, 0x00,
		0x07, 0x10, 0xB8, 0x00, 0x11, 0xD0, 0xB8, 0x00, 0x01, 0x10, 0xB8, 0x00,
		0x15, 0xD0, 0xB8, 0x00, 0x07, 0x10, 0xB8, 0x00, 0x19, 0xDC, 0x00, 0xBB,
		0x00, 0x11, 0x00, 0x01, 0x00, 0x12, 0x00, 0x04, 0x2B, 0xBB, 0x00, 0x05,
		0x00, 0x01, 0x00, 0x0A, 0x00, 0x04, 0x2B, 0xBB, 0x00, 0x0D, 0x00, 0x01,
		0x00, 0x0E, 0x00, 0x04, 0x2B, 0xB8, 0x00, 0x0D, 0x10, 0xB8, 0x00, 0x00,
		0xD0, 0xB8, 0x00, 0x11, 0x10, 0xB8, 0x00, 0x14, 0xD0, 0xB8, 0x00, 0x0E,
		0x10, 0xB8, 0x00, 0x16, 0xD0, 0x30, 0x31, 0x13, 0x33, 0x35, 0x33, 0x35,
		0x33, 0x15, 0x33, 0x15, 0x23, 0x35, 0x23, 0x15, 0x33, 0x15, 0x23, 0x15,
		0x33, 0x15, 0x21, 0x35, 0x33, 0x35, 0x23, 0x32, 0x32, 0x32, 0x96, 0x32,
		0x32, 0x64, 0x64, 0x64, 0x96, 0xFE, 0xD4, 0x32, 0x32, 0x01, 0x5E, 0xC8,
		0x32, 0x32, 0x64, 0x32, 0x96, 0x64, 0x96, 0x64, 0x64, 0x96, 0x00, 0x00,
		0x00, 0x06, 0x00, 0x32, 0x00, 0x32, 0x02, 0x26, 0x02, 0x26, 0x00, 0x23,
		0x00, 0x27, 0x00, 0x2B, 0x00, 0x2F, 0x00, 0x33, 0x00, 0x37, 0x01, 0x1F,
		0xB8, 0x00, 0x38, 0x2F, 0xB8, 0x00, 0x00, 0xD0, 0xB8, 0x00, 0x00, 0x2F,
		0xB8, 0x00, 0x01, 0xDC, 0xB8, 0x00, 0x00, 0x10, 0xB8, 0x00, 0x24, 0xDC,
		0x41, 0x03, 0x00, 0xDF, 0x00, 0x24, 0x00, 0x01, 0x5D, 0x41, 0x03, 0x00,
		0x90, 0x00, 0x24, 0x00, 0x01, 0x5D, 0x41, 0x03, 0x00, 0x40, 0x00, 0x24,
		0x00, 0x01, 0x5D, 0xB8, 0x00, 0x08, 0xDC, 0x41, 0x03, 0x00, 0xDF, 0x00,
		0x08, 0x00, 0x01, 0x5D, 0x41, 0x03, 0x00, 0x40, 0x00, 0x08, 0x00, 0x01,
		0x5D, 0x41, 0x03, 0x00, 0x90, 0x00, 0x08, 0x00, 0x01, 0x5D, 0xB8, 0x00,
		0x09, 0xDC, 0xB8, 0x00, 0x08, 0x10, 0xB8, 0x00, 0x0D, 0xD0, 0xB8, 0x00,
		0x08, 0x10, 0xB8, 0x00, 0x13, 0xD0, 0xB8, 0x00, 0x01, 0x10, 0xB8, 0x00,
		0x19, 0xD0, 0xB8, 0x00, 0x00, 0x10, 0xB8, 0x00, 0x1B, 0xD0, 0xB8, 0x00,
		0x01, 0x10, 0xB8, 0x00, 0x1F, 0xD0, 0xB8, 0x00, 0x24, 0x10, 0xB8, 0x00,
		0x25, 0xDC, 0xB8, 0x00, 0x01, 0x10, 0xB8, 0x00, 0x28, 0xD0, 0xB8, 0x00,
		0x01, 0x10, 0xB8, 0x00, 0x2C, 0xD0, 0xB8, 0x00, 0x08, 0x10, 0xB8, 0x00,
		0x31, 0xD0, 0xB8, 0x00, 0x08, 0x10, 0xB8, 0x00, 0x35, 0xD0, 0xB8, 0x00,
		0x09, 0x10, 0xB8, 0x00, 0x39, 0xDC, 0x00, 0xBB, 0x00, 0x11, 0x00, 0x01,
		0x00, 0x12, 0x00, 0x04, 0x2B, 0xBB, 0x00, 0x00, 0x00, 0x01, 0x00, 0x23,
		0x00, 0x04, 0x2B, 0xBB, 0x00, 0x26, 0x00, 0x01, 0x00, 0x25, 0x00, 0x04,
		0x2B, 0xB8, 0x00, 0x23, 0x10, 0xB8, 0x00, 0x04, 0xD0, 0xB8, 0x00, 0x00,
		0x10, 0xB8, 0x00, 0x08, 0xD0, 0xB8, 0x00, 0x23, 0x10, 0xB8, 0x00, 0x0A,
		0xD0, 0xB8, 0x00, 0x11, 0x10, 0xB8, 0x00, 0x16, 0xD0, 0xB8, 0x00, 0x12,
		0x10, 0xB8, 0x00, 0x1A, 0xD0, 0xB8, 0x00, 0x11, 0x10, 0xB8, 0x00, 0x1C,
		0xD0, 0xB8, 0x00, 0x11, 0x10, 0xB8, 0x00, 0x28, 0xD0, 0xB8, 0x00, 0x23,
		0x10, 0xB8, 0x00, 0x2E, 0xD0, 0xB8, 0x00, 0x11, 0x10, 0xB8, 0x00, 0x30,
		0xD0, 0xB8, 0x00, 0x23, 0x10, 0xB8, 0x00, 0x36, 0xD0, 0x30, 0x31, 0x13,
		0x33, 0x15, 0x33, 0x15, 0x33, 0x35, 0x33, 0x35, 0x33, 0x15, 0x23, 0x15,
		0x23, 0x15, 0x33, 0x15, 0x33, 0x15, 0x23, 0x35, 0x23, 0x35, 0x23, 0x15,
		0x23, 0x15, 0x23, 0x35, 0x33, 0x35, 0x33, 0x35, 0x23, 0x35, 0x23, 0x17,
		0x33, 0x35, 0x23, 0x07, 0x33, 0x35, 0x23, 0x35, 0x33, 0x35, 0x23, 0x13,
		0x33, 0x35, 0x23, 0x35, 0x33, 0x35, 0x23, 0x32, 0x64, 0x32, 0xC8, 0x32,
		0x64, 0x32, 0x32, 0x32, 0x32, 0x64, 0x32, 0xC8, 0x32, 0x64, 0x32, 0x32,
		0x32, 0x32, 0xC8, 0x64, 0x64, 0x64, 0x32, 0x32, 0x32, 0x32, 0xFA, 0x32,
		0x32, 0x32, 0x32, 0x02, 0x26, 0x32, 0x32, 0x32, 0x32, 0x64, 0x32, 0xC8,
		0x32, 0x64, 0x32, 0x32, 0x32, 0x32, 0x64, 0x32, 0xC8, 0x32, 0xC8, 0x64,
		0xC8, 0x32, 0xC8, 0x32, 0xFE, 0xD4, 0x32, 0xC8, 0x32, 0x00, 0x00, 0x00,
		0x00, 0x01, 0x00, 0x32, 0x00, 0x00, 0x02, 0x26, 0x02, 0x58, 0x00, 0x2F,
		0x01, 0x5D, 0xB8, 0x00, 0x30, 0x2F, 0xB8, 0x00, 0x00, 0xD0, 0xB8, 0x00,
		0x00, 0x2F, 0xB8, 0x00, 0x01, 0xDC, 0xB8, 0x00, 0x00, 0x10, 0xB8, 0x00,
		0x05, 0xDC, 0x41, 0x03, 0x00, 0xDF, 0x00, 0x05, 0x00, 0x01, 0x5D, 0x41,
		0x03, 0x00, 0x90, 0x00, 0x05, 0x00, 0x01, 0x5D, 0x41, 0x03, 0x00, 0x40,
		0x00, 0x05, 0x00, 0x01, 0x5D, 0xB8, 0x00, 0x08, 0xDC, 0xB8, 0x00, 0x05,
		0x10, 0xB8, 0x00, 0x0B, 0xDC, 0x41, 0x03, 0x00, 0xDF, 0x00, 0x0B, 0x00,
		0x01, 0x5D, 0x41, 0x03, 0x00, 0x90, 0x00, 0x0B, 0x00, 0x01, 0x5D, 0x41,
		0x03, 0x00, 0x40, 0x00, 0x0B, 0x00, 0x01, 0x5D, 0xB8, 0x00, 0x0E, 0xDC,
		0xB8, 0x00, 0x0B, 0x10, 0xB8, 0x00, 0x11, 0xD0, 0xB8, 0x00, 0x08, 0x10,
		0xB8, 0x00, 0x1E, 0xD0, 0xB8, 0x00, 0x05, 0x10, 0xB8, 0x00, 0x1F, 0xD0,
		0xB8, 0x00, 0x00, 0x10, 0xB8, 0x00, 0x21, 0xD0, 0xB8, 0x00, 0x05, 0x10,
		0xB8, 0x00, 0x23, 0xD0, 0xB8, 0x00, 0x00, 0x10, 0xB8, 0x00, 0x25, 0xD0,
		0xB8, 0x00, 0x05, 0x10, 0xB8, 0x00, 0x27, 0xD0, 0xB8, 0x00, 0x01, 0x10,
		0xB8, 0x00, 0x2B, 0xD0, 0xB8, 0x00, 0x0E, 0x10, 0xB8, 0x00, 0x31, 0xDC,
		0x00, 0xB8, 0x00, 0x1E, 0x2F, 0xBB, 0x00, 0x1B, 0x00, 0x01, 0x00, 0x1C,
		0x00, 0x04, 0x2B, 0xBB, 0x00, 0x01, 0x00, 0x01, 0x00, 0x04, 0x00, 0x04,
		0x2B, 0xBB, 0x00, 0x17, 0x00, 0x01, 0x00, 0x18, 0x00, 0x04, 0x2B, 0xBB,
		0x00, 0x0B, 0x00, 0x01, 0x00, 0x12, 0x00, 0x04, 0x2B, 0xBB, 0x00, 0x09,
		0x00, 0x01, 0x00, 0x14, 0x00, 0x04, 0x2B, 0xB8, 0x00, 0x0B, 0x10, 0xB8,
		0x00, 0x02, 0xD0, 0xB8, 0x00, 0x01, 0x10, 0xB9, 0x00, 0x2C, 0x00, 0x01,
		0xF4, 0xB8, 0x00, 0x06, 0xD0, 0xB8, 0x00, 0x04, 0x10, 0xB8, 0x00, 0x08,
		0xD0, 0xB8, 0x00, 0x01, 0x10, 0xB8, 0x00, 0x0C, 0xD0, 0xB8, 0x00, 0x04,
		0x10, 0xB8, 0x00, 0x0E, 0xD0, 0xB8, 0x00, 0x09, 0x10, 0xB8, 0x00, 0x0F,
		0xD0, 0xB8, 0x00, 0x2C, 0x10, 0xB8, 0x00, 0x10, 0xD0, 0xB8, 0x00, 0x1C,
		0x10, 0xB8, 0x00, 0x20, 0xD0, 0xB8, 0x00, 0x1B, 0x10, 0xB8, 0x00, 0x22,
		0xD0, 0xB8, 0x00, 0x18, 0x10, 0xB8, 0x00, 0x24, 0xD0, 0xB8, 0x00, 0x17,
		0x10, 0xB8, 0x00, 0x26, 0xD0, 0xB8, 0x00, 0x14, 0x10, 0xB8, 0x00, 0x28,
		0xD0, 0xB8, 0x00, 0x12, 0x10, 0xB8, 0x00, 0x2A, 0xD0, 0xB8, 0x00, 0x04,
		0x10, 0xB8, 0x00, 0x2E, 0xD0, 0xB8, 0x00, 0x09, 0x10, 0xB8, 0x00, 0x2F,
		0xD0, 0x30, 0x31, 0x13, 0x33, 0x15, 0x33, 0x15, 0x33, 0x15, 0x33, 0x35,
		0x33, 0x35, 0x33, 0x35, 0x33, 0x15, 0x23, 0x15, 0x23, 0x15, 0x23, 0x15,
		0x23, 0x15, 0x33, 0x15, 0x23, 0x15, 0x33, 0x15, 0x23, 0x15, 0x23, 0x35,
		0x23, 0x35, 0x33, 0x35, 0x23, 0x35, 0x33, 0x35, 0x23, 0x35, 0x23, 0x35,
		0x23, 0x35, 0x23, 0x32, 0x64, 0x32, 0x32, 0x64, 0x32, 0x32, 0x64, 0x32,
		0x32, 0x32, 0x32, 0xC8, 0xC8, 0xC8, 0xC8, 0x64, 0xC8, 0xC8, 0xC8, 0xC8,
		0x32, 0x32, 0x32, 0x32, 0x02, 0x58, 0x64, 0x32, 0x32, 0x32, 0x32, 0x64,
		0x96, 0x32, 0x32, 0x32, 0x32, 0x32, 0x64, 0x32, 0x32, 0x32, 0x32, 0x64,
		0x32, 0x32, 0x32, 0x32, 0x32, 0x00, 0x00, 0x00, 0x00, 0x02, 0x00, 0x32,
		0x00, 0x00, 0x00, 0x96, 0x02, 0x58, 0x00, 0x03, 0x00, 0x07, 0x00, 0x2B,
		0xBA, 0x00, 0x01, 0x00, 0x00, 0x00, 0x03, 0x2B, 0xB8, 0x00, 0x00, 0x10,
		0xB8, 0x00, 0x04, 0xD0, 0xB8, 0x00, 0x01, 0x10, 0xB8, 0x00, 0x05, 0xD0,
		0x00, 0xBA, 0x00, 0x05, 0x00, 0x06, 0x00, 0x03, 0x2B, 0xBA, 0x00, 0x01,
		0x00, 0x02, 0x00, 0x03, 0x2B, 0x30, 0x31, 0x13, 0x33, 0x15, 0x23, 0x15,
		0x33, 0x15, 0x23, 0x32, 0x64, 0x64, 0x64, 0x64, 0x02, 0x58, 0xFA, 0x64,
		0xFA, 0x00, 0x00, 0x00, 0x00, 0x02, 0x00, 0x32, 0x00, 0x00, 0x01, 0x5E,
		0x02, 0x58, 0x00, 0x17, 0x00, 0x1B, 0x00, 0x79, 0xB8, 0x00, 0x1C, 0x2F,
		0xB8, 0x00, 0x13, 0x2F, 0xB8, 0x00, 0x1C, 0x10, 0xB8, 0x00, 0x00, 0xD0,
		0xB8, 0x00, 0x00, 0x2F, 0xB8, 0x00, 0x13, 0x10, 0xB8, 0x00, 0x0C, 0xDC,
		0xB8, 0x00, 0x05, 0xD0, 0xB8, 0x00, 0x00, 0x10, 0xB8, 0x00, 0x07, 0xDC,
		0xB8, 0x00, 0x00, 0x10, 0xB8, 0x00, 0x11, 0xD0, 0xB8, 0x00, 0x07, 0x10,
		0xB8, 0x00, 0x18, 0xD0, 0xB8, 0x00, 0x13, 0x10, 0xB8, 0x00, 0x19, 0xD0,
		0xB8, 0x00, 0x0C, 0x10, 0xB8, 0x00, 0x1D, 0xDC, 0x00, 0xBB, 0x00, 0x12,
		0x00, 0x01, 0x00, 0x0F, 0x00, 0x04, 0x2B, 0xBB, 0x00, 0x02, 0x00, 0x01,
		0x00, 0x07, 0x00, 0x04, 0x2B, 0xBB, 0x00, 0x1A, 0x00, 0x01, 0x00, 0x19,
		0x00, 0x04, 0x2B, 0xB8, 0x00, 0x1A, 0x10, 0xB8, 0x00, 0x0A, 0xD0, 0xB8,
		0x00, 0x19, 0x10, 0xB8, 0x00, 0x16, 0xD0, 0x30, 0x31, 0x13, 0x33, 0x35,
		0x33, 0x15, 0x33, 0x15, 0x23, 0x15, 0x33, 0x15, 0x33, 0x11, 0x23, 0x15,
		0x23, 0x35, 0x23, 0x35, 0x33, 0x35, 0x23, 0x35, 0x23, 0x3B, 0x01, 0x35,
		0x23, 0x32, 0x32, 0xC8, 0x32, 0xC8, 0x96, 0x32, 0x32, 0xC8, 0x32, 0xC8,
		0x96, 0x32, 0x64, 0x64, 0x64, 0x02, 0x26, 0x32, 0x32, 0x32, 0x64, 0x32,
		0xFE, 0xD4, 0x32, 0x32, 0x32, 0x64, 0x32, 0x64, 0x00, 0x02, 0x00, 0x32,
		0x01, 0x90, 0x01, 0x5E, 0x02, 0x58, 0x00, 0x03, 0x00, 0x07, 0x00, 0x41,
		0xB8, 0x00, 0x08, 0x2F, 0xB8, 0x00, 0x04, 0x2F, 0xB8, 0x00, 0x08, 0x10,
		0xB8, 0x00, 0x00, 0xD0, 0xB8, 0x00, 0x00, 0x2F, 0xB8, 0x00, 0x01, 0xDC,
		0xB8, 0x00, 0x04, 0x10, 0xB8, 0x00, 0x05, 0xDC, 0xB8, 0x00, 0x09, 0xDC,
		0x00, 0xBB, 0x00, 0x01, 0x00, 0x01, 0x00, 0x02, 0x00, 0x04, 0x2B, 0xB8,
		0x00, 0x01, 0x10, 0xB8, 0x00, 0x04, 0xD0, 0xB8, 0x00, 0x02, 0x10, 0xB8,
		0x00, 0x06, 0xD0, 0x30, 0x31, 0x13, 0x33, 0x15, 0x23, 0x37, 0x33, 0x15,
		0x23, 0x32, 0x64, 0x64, 0xC8, 0x64, 0x64, 0x02, 0x58, 0xC8, 0xC8, 0xC8,
		0x00, 0x03, 0x00, 0x32, 0x00, 0x00, 0x02, 0x58, 0x02, 0x58, 0x00, 0x0B,
		0x00, 0x0F, 0x00, 0x1B, 0x00, 0x4B, 0xBA, 0x00, 0x0F, 0x00, 0x00, 0x00,
		0x03, 0x2B, 0xBA, 0x00, 0x15, 0x00, 0x10, 0x00, 0x03, 0x2B, 0xBA, 0x00,
		0x06, 0x00, 0x0D, 0x00, 0x03, 0x2B, 0xB8, 0x00, 0x06, 0x10, 0xB8, 0x00,
		0x1D, 0xDC, 0x00, 0xBB, 0x00, 0x0D, 0x00, 0x01, 0x00, 0x08, 0x00, 0x04,
		0x2B, 0xBB, 0x00, 0x03, 0x00, 0x01, 0x00, 0x0E, 0x00, 0x04, 0x2B, 0xBB,
		0x00, 0x17, 0x00, 0x01, 0x00, 0x18, 0x00, 0x04, 0x2B, 0xBB, 0x00, 0x13,
		0x00, 0x01, 0x00, 0x14, 0x00, 0x04, 0x2B, 0x30, 0x31, 0x13, 0x33, 0x35,
		0x21, 0x15, 0x33, 0x11, 0x23, 0x15, 0x21, 0x35, 0x23, 0x37, 0x21, 0x11,
		0x21, 0x17, 0x33, 0x35, 0x33, 0x15, 0x23, 0x15, 0x33, 0x15, 0x23, 0x35,
		0x23, 0x32, 0x32, 0x01, 0xC2, 0x32, 0x32, 0xFE, 0x3E, 0x32, 0x64, 0x01,
		0x5E, 0xFE, 0xA2, 0x32, 0x32, 0xC8, 0x96, 0x96, 0xC8, 0x32, 0x02, 0x26,
		0x32, 0x32, 0xFE, 0x0C, 0x32, 0x32, 0x32, 0x01, 0x90, 0x64, 0x32, 0x64,
		0x64, 0x64, 0x32, 0x00, 0x00, 0x03, 0x00, 0x32, 0xFF, 0xCE, 0x01, 0xC2,
		0x02, 0x58, 0x00, 0x0D, 0x00, 0x11, 0x00, 0x15, 0x00, 0x67, 0xB8, 0x00,
		0x16, 0x2F, 0xB8, 0x00, 0x0C, 0x2F, 0xB8, 0x00, 0x03, 0xDC, 0xB8, 0x00,
		0x16, 0x10, 0xB8, 0x00, 0x07, 0xD0, 0xB8, 0x00, 0x07, 0x2F, 0xB8, 0x00,
		0x0E, 0xD0, 0xB8, 0x00, 0x03, 0x10, 0xB8, 0x00, 0x0F, 0xD0, 0xB8, 0x00,
		0x07, 0x10, 0xB8, 0x00, 0x12, 0xDC, 0xB8, 0x00, 0x0C, 0x10, 0xB8, 0x00,
		0x13, 0xD0, 0xB8, 0x00, 0x03, 0x10, 0xB8, 0x00, 0x17, 0xDC, 0x00, 0xBB,
		0x00, 0x0F, 0x00, 0x01, 0x00, 0x10, 0x00, 0x04, 0x2B, 0xBB, 0x00, 0x01,
		0x00, 0x01, 0x00, 0x0C, 0x00, 0x04, 0x2B, 0xBB, 0x00, 0x13, 0x00, 0x01,
		0x00, 0x04, 0x00, 0x04, 0x2B, 0xBB, 0x00, 0x0B, 0x00, 0x01, 0x00, 0x14,
		0x00, 0x04, 0x2B, 0x30, 0x31, 0x13, 0x21, 0x15, 0x33, 0x11, 0x21, 0x35,
		0x23, 0x35, 0x33, 0x35, 0x33, 0x35, 0x23, 0x03, 0x21, 0x15, 0x21, 0x37,
		0x33, 0x35, 0x23, 0x64, 0x01, 0x2C, 0x32, 0xFE, 0xA2, 0x32, 0x32, 0xFA,
		0xFA, 0x32, 0x01, 0x90, 0xFE, 0x70, 0x64, 0xC8, 0xC8, 0x02, 0x58, 0x32,
		0xFE, 0x3E, 0x32, 0xC8, 0x32, 0x64, 0xFE, 0x3E, 0x64, 0xFA, 0x64, 0x00,
		0x00, 0x02, 0x00, 0x32, 0x00, 0x64, 0x01, 0xF4, 0x01, 0xF4, 0x00, 0x1B,
		0x00, 0x37, 0x02, 0x69, 0xBA, 0x00, 0x0D, 0x00, 0x00, 0x00, 0x03, 0x2B,
		0xBA, 0x00, 0x01, 0x00, 0x00, 0x00, 0x0D, 0x11, 0x12, 0x39, 0xB8, 0x00,
		0x01, 0x2F, 0xB8, 0x00, 0x0D, 0x10, 0xB8, 0x00, 0x03, 0xD0, 0xB8, 0x00,
		0x01, 0x10, 0xB8, 0x00, 0x0C, 0xDC, 0xB8, 0x00, 0x05, 0xD0, 0xB8, 0x00,
		0x0C, 0x10, 0xB8, 0x00, 0x08, 0xDC, 0xB8, 0x00, 0x0D, 0x10, 0xB8, 0x00,
		0x0A, 0xDC, 0xB8, 0x00, 0x05, 0x10, 0xB8, 0x00, 0x0B, 0xD0, 0xB8, 0x00,
		0x0C, 0x10, 0xB8, 0x00, 0x0F, 0xD0, 0xB8, 0x00, 0x05, 0x10, 0xB8, 0x00,
		0x10, 0xD0, 0xB8, 0x00, 0x0A, 0x10, 0xB8, 0x00, 0x11, 0xD0, 0xB8, 0x00,
		0x09, 0x10, 0xB8, 0x00, 0x12, 0xD0, 0xB8, 0x00, 0x08, 0x10, 0xB8, 0x00,
		0x13, 0xD0, 0xB8, 0x00, 0x07, 0x10, 0xB8, 0x00, 0x14, 0xD0, 0xB8, 0x00,
		0x0C, 0x10, 0xB8, 0x00, 0x15, 0xD0, 0xB8, 0x00, 0x05, 0x10, 0xB8, 0x00,
		0x16, 0xD0, 0xB8, 0x00, 0x0D, 0x10, 0xB8, 0x00, 0x17, 0xD0, 0xB8, 0x00,
		0x03, 0x10, 0xB8, 0x00, 0x18, 0xD0, 0xB8, 0x00, 0x01, 0x10, 0xB8, 0x00,
		0x19, 0xD0, 0xB8, 0x00, 0x0A, 0x10, 0xB8, 0x00, 0x1C, 0xD0, 0xB8, 0x00,
		0x08, 0x10, 0xB8, 0x00, 0x1D, 0xD0, 0xB8, 0x00, 0x07, 0x10, 0xB8, 0x00,
		0x1E, 0xD0, 0xB8, 0x00, 0x0A, 0x10, 0xB8, 0x00, 0x20, 0xDC, 0xB8, 0x00,
		0x08, 0x10, 0xB8, 0x00, 0x22, 0xDC, 0xB8, 0x00, 0x24, 0xDC, 0xB8, 0x00,
		0x20, 0x10, 0xB8, 0x00, 0x26, 0xDC, 0xB8, 0x00, 0x22, 0x10, 0xB8, 0x00,
		0x27, 0xD0, 0xB8, 0x00, 0x21, 0x10, 0xB8, 0x00, 0x28, 0xD0, 0xB8, 0x00,
		0x20, 0x10, 0xB8, 0x00, 0x29, 0xD0, 0xB8, 0x00, 0x1F, 0x10, 0xB8, 0x00,
		0x2A, 0xD0, 0xB8, 0x00, 0x22, 0x10, 0xB8, 0x00, 0x2B, 0xD0, 0xB8, 0x00,
		0x21, 0x10, 0xB8, 0x00, 0x2C, 0xD0, 0xB8, 0x00, 0x26, 0x10, 0xB8, 0x00,
		0x2D, 0xD0, 0xB8, 0x00, 0x24, 0x10, 0xB8, 0x00, 0x2F, 0xD0, 0xB8, 0x00,
		0x22, 0x10, 0xB8, 0x00, 0x31, 0xD0, 0xB8, 0x00, 0x21, 0x10, 0xB8, 0x00,
		0x32, 0xD0, 0xB8, 0x00, 0x20, 0x10, 0xB8, 0x00, 0x33, 0xD0, 0xB8, 0x00,
		0x1F, 0x10, 0xB8, 0x00, 0x34, 0xD0, 0xB8, 0x00, 0x08, 0x10, 0xB8, 0x00,
		0x35, 0xD0, 0xB8, 0x00, 0x07, 0x10, 0xB8, 0x00, 0x36, 0xD0, 0xB8, 0x00,
		0x09, 0x10, 0xB8, 0x00, 0x37, 0xD0, 0x00, 0xBB, 0x00, 0x35, 0x00, 0x01,
		0x00, 0x14, 0x00, 0x04, 0x2B, 0xBB, 0x00, 0x06, 0x00, 0x01, 0x00, 0x05,
		0x00, 0x04, 0x2B, 0xBB, 0x00, 0x37, 0x00, 0x01, 0x00, 0x12, 0x00, 0x04,
		0x2B, 0xB8, 0x00, 0x05, 0x10, 0xB9, 0x00, 0x0D, 0x00, 0x01, 0xF4, 0xB8,
		0x00, 0x00, 0xD0, 0xB8, 0x00, 0x06, 0x10, 0xB9, 0x00, 0x0B, 0x00, 0x01,
		0xF4, 0xB8, 0x00, 0x02, 0xD0, 0xB8, 0x00, 0x05, 0x10, 0xB8, 0x00, 0x08,
		0xD0, 0xB8, 0x00, 0x04, 0x10, 0xB8, 0x00, 0x09, 0xD0, 0xB8, 0x00, 0x37,
		0x10, 0xB8, 0x00, 0x0E, 0xD0, 0xB8, 0x00, 0x35, 0x10, 0xB8, 0x00, 0x10,
		0xD0, 0xB8, 0x00, 0x14, 0x10, 0xB9, 0x00, 0x13, 0x00, 0x01, 0xF4, 0xB8,
		0x00, 0x16, 0xD0, 0xB8, 0x00, 0x12, 0x10, 0xB8, 0x00, 0x17, 0xD0, 0xB8,
		0x00, 0x35, 0x10, 0xB8, 0x00, 0x18, 0xD0, 0xB8, 0x00, 0x10, 0x10, 0xB8,
		0x00, 0x19, 0xD0, 0xB8, 0x00, 0x37, 0x10, 0xB8, 0x00, 0x1A, 0xD0, 0xB8,
		0x00, 0x0E, 0x10, 0xB8, 0x00, 0x1B, 0xD0, 0xB8, 0x00, 0x0D, 0x10, 0xB8,
		0x00, 0x1C, 0xD0, 0xB8, 0x00, 0x0B, 0x10, 0xB8, 0x00, 0x1E, 0xD0, 0xB8,
		0x00, 0x05, 0x10, 0xB8, 0x00, 0x20, 0xD0, 0xB8, 0x00, 0x04, 0x10, 0xB8,
		0x00, 0x21, 0xD0, 0xB8, 0x00, 0x06, 0x10, 0xB8, 0x00, 0x22, 0xD0, 0xB8,
		0x00, 0x05, 0x10, 0xB8, 0x00, 0x24, 0xD0, 0xB8, 0x00, 0x04, 0x10, 0xB8,
		0x00, 0x25, 0xD0, 0xB8, 0x00, 0x0B, 0x10, 0xB8, 0x00, 0x26, 0xD0, 0xB8,
		0x00, 0x0D, 0x10, 0xB8, 0x00, 0x28, 0xD0, 0xB8, 0x00, 0x37, 0x10, 0xB8,
		0x00, 0x2A, 0xD0, 0xB8, 0x00, 0x0E, 0x10, 0xB8, 0x00, 0x2B, 0xD0, 0xB8,
		0x00, 0x35, 0x10, 0xB8, 0x00, 0x2C, 0xD0, 0xB8, 0x00, 0x10, 0x10, 0xB8,
		0x00, 0x2D, 0xD0, 0xB8, 0x00, 0x13, 0x10, 0xB8, 0x00, 0x2E, 0xD0, 0xB8,
		0x00, 0x12, 0x10, 0xB8, 0x00, 0x2F, 0xD0, 0xB8, 0x00, 0x14, 0x10, 0xB8,
		0x00, 0x30, 0xD0, 0xB8, 0x00, 0x13, 0x10, 0xB8, 0x00, 0x32, 0xD0, 0xB8,
		0x00, 0x12, 0x10, 0xB8, 0x00, 0x33, 0xD0, 0x30, 0x31, 0x13, 0x33, 0x35,
		0x33, 0x35, 0x33, 0x35, 0x33, 0x15, 0x23, 0x15, 0x23, 0x15, 0x23, 0x15,
		0x33, 0x15, 0x33, 0x15, 0x33, 0x15, 0x23, 0x35, 0x23, 0x35, 0x23, 0x35,
		0x23, 0x37, 0x33, 0x35, 0x33, 0x35, 0x33, 0x35, 0x33, 0x15, 0x23, 0x15,
		0x23, 0x15, 0x23, 0x15, 0x33, 0x15, 0x33, 0x15, 0x33, 0x15, 0x23, 0x35,
		0x23, 0x35, 0x23, 0x35, 0x23, 0x32, 0x32, 0x32, 0x32, 0x64, 0x32, 0x32,
		0x32, 0x32, 0x32, 0x32, 0x64, 0x32, 0x32, 0x32, 0xC8, 0x32, 0x32, 0x32,
		0x64, 0x32, 0x32, 0x32, 0x32, 0x32, 0x32, 0x64, 0x32, 0x32, 0x32, 0x01,
		0x5E, 0x32, 0x32, 0x32, 0x32, 0x32, 0x32, 0x64, 0x32, 0x32, 0x32, 0x32,
		0x32, 0x32, 0x64, 0x32, 0x32, 0x32, 0x32, 0x32, 0x32, 0x64, 0x32, 0x32,
		0x32, 0x32, 0x32, 0x32, 0x00, 0x01, 0x00, 0x32, 0x00, 0x64, 0x02, 0x26,
		0x01, 0x5E, 0x00, 0x05, 0x00, 0x1D, 0xBA, 0x00, 0x02, 0x00, 0x03, 0x00,
		0x03, 0x2B, 0xB8, 0x00, 0x02, 0x10, 0xB8, 0x00, 0x07, 0xDC, 0x00, 0xBB,
		0x00, 0x01, 0x00, 0x01, 0x00, 0x04, 0x00, 0x04, 0x2B, 0x30, 0x31, 0x13,
		0x21, 0x15, 0x23, 0x35, 0x21, 0x32, 0x01, 0xF4, 0x64, 0xFE, 0x70, 0x01,
		0x5E, 0xFA, 0x96, 0x00, 0x00, 0x01, 0x00, 0x32, 0x00, 0xFA, 0x01, 0xC2,
		0x01, 0x5E, 0x00, 0x03, 0x00, 0x0D, 0x00, 0xBB, 0x00, 0x01, 0x00, 0x01,
		0x00, 0x02, 0x00, 0x04, 0x2B, 0x30, 0x31, 0x13, 0x21, 0x15, 0x21, 0x32,
		0x01, 0x90, 0xFE, 0x70, 0x01, 0x5E, 0x64, 0x00, 0x00, 0x04, 0x00, 0x32,
		0x00, 0x00, 0x02, 0x58, 0x02, 0x58, 0x00, 0x0B, 0x00, 0x0F, 0x00, 0x1D,
		0x00, 0x21, 0x00, 0x63, 0xBA, 0x00, 0x0F, 0x00, 0x00, 0x00, 0x03, 0x2B,
		0xBA, 0x00, 0x1F, 0x00, 0x10, 0x00, 0x03, 0x2B, 0xBA, 0x00, 0x16, 0x00,
		0x19, 0x00, 0x03, 0x2B, 0xBA, 0x00, 0x06, 0x00, 0x0D, 0x00, 0x03, 0x2B,
		0xB8, 0x00, 0x16, 0x10, 0xB8, 0x00, 0x11, 0xD0, 0xB8, 0x00, 0x19, 0x10,
		0xB8, 0x00, 0x18, 0xDC, 0xB8, 0x00, 0x13, 0xD0, 0xB8, 0x00, 0x1F, 0x10,
		0xB8, 0x00, 0x1B, 0xD0, 0xB8, 0x00, 0x19, 0x10, 0xB8, 0x00, 0x1E, 0xD0,
		0xB8, 0x00, 0x06, 0x10, 0xB8, 0x00, 0x23, 0xDC, 0x00, 0xBB, 0x00, 0x0D,
		0x00, 0x01, 0x00, 0x08, 0x00, 0x04, 0x2B, 0xBB, 0x00, 0x03, 0x00, 0x01,
		0x00, 0x0E, 0x00, 0x04, 0x2B, 0x30, 0x31, 0x13, 0x33, 0x35, 0x21, 0x15,
		0x33, 0x11, 0x23, 0x15, 0x21, 0x35, 0x23, 0x37, 0x21, 0x11, 0x21, 0x17,
		0x33, 0x15, 0x33, 0x15, 0x23, 0x15, 0x33, 0x15, 0x23, 0x35, 0x23, 0x15,
		0x23, 0x37, 0x23, 0x15, 0x33, 0x32, 0x32, 0x01, 0xC2, 0x32, 0x32, 0xFE,
		0x3E, 0x32, 0x64, 0x01, 0x5E, 0xFE, 0xA2, 0x32, 0xC8, 0x32, 0x32, 0x32,
		0x64, 0x32, 0x64, 0x96, 0x32, 0x32, 0x02, 0x26, 0x32, 0x32, 0xFE, 0x0C,
		0x32, 0x32, 0x32, 0x01, 0x90, 0x32, 0x32, 0x64, 0x64, 0x32, 0x64, 0x64,
		0xFA, 0x64, 0x00, 0x00, 0x00, 0x01, 0x00, 0x32, 0x01, 0xF4, 0x02, 0x26,
		0x02, 0x58, 0x00, 0x03, 0x00, 0x0D, 0x00, 0xBB, 0x00, 0x01, 0x00, 0x01,
		0x00, 0x02, 0x00, 0x04, 0x2B, 0x30, 0x31, 0x13, 0x21, 0x15, 0x21, 0x32,
		0x01, 0xF4, 0xFE, 0x0C, 0x02, 0x58, 0x64, 0x00, 0x00, 0x02, 0x00, 0x32,
		0x01, 0x2C, 0x01, 0x5E, 0x02, 0x58, 0x00, 0x0B, 0x00, 0x0F, 0x00, 0x43,
		0xB8, 0x00, 0x10, 0x2F, 0xB8, 0x00, 0x0D, 0x2F, 0xB8, 0x00, 0x10, 0x10,
		0xB8, 0x00, 0x00, 0xD0, 0xB8, 0x00, 0x00, 0x2F, 0xB8, 0x00, 0x0D, 0x10,
		0xB8, 0x00, 0x06, 0xDC, 0xB8, 0x00, 0x00, 0x10, 0xB8, 0x00, 0x0F, 0xDC,
		0xB8, 0x00, 0x06, 0x10, 0xB8, 0x00, 0x11, 0xDC, 0x00, 0xBB, 0x00, 0x0D,
		0x00, 0x01, 0x00, 0x08, 0x00, 0x04, 0x2B, 0xBB, 0x00, 0x03, 0x00, 0x01,
		0x00, 0x0E, 0x00, 0x04, 0x2B, 0x30, 0x31, 0x13, 0x33, 0x35, 0x33, 0x15,
		0x33, 0x15, 0x23, 0x15, 0x23, 0x35, 0x23, 0x37, 0x33, 0x35, 0x23, 0x32,
		0x32, 0xC8, 0x32, 0x32, 0xC8, 0x32, 0x64, 0x64, 0x64, 0x02, 0x26, 0x32,
		0x32, 0xC8, 0x32, 0x32, 0x32, 0x64, 0x00, 0x00, 0x00, 0x02, 0x00, 0x32,
		0x00, 0x32, 0x01, 0xC2, 0x02, 0x58, 0x00, 0x0B, 0x00, 0x0F, 0x00, 0x3F,
		0xBA, 0x00, 0x04, 0x00, 0x01, 0x00, 0x03, 0x2B, 0xB8, 0x00, 0x04, 0x10,
		0xB8, 0x00, 0x07, 0xD0, 0xB8, 0x00, 0x01, 0x10, 0xB8, 0x00, 0x09, 0xD0,
		0x00, 0xBB, 0x00, 0x0D, 0x00, 0x01, 0x00, 0x0E, 0x00, 0x04, 0x2B, 0xBB,
		0x00, 0x05, 0x00, 0x01, 0x00, 0x06, 0x00, 0x04, 0x2B, 0xB8, 0x00, 0x05,
		0x10, 0xB8, 0x00, 0x00, 0xD0, 0xB8, 0x00, 0x06, 0x10, 0xB8, 0x00, 0x0A,
		0xD0, 0x30, 0x31, 0x13, 0x33, 0x35, 0x33, 0x15, 0x33, 0x15, 0x23, 0x15,
		0x23, 0x35, 0x23, 0x15, 0x21, 0x15, 0x21, 0x32, 0x96, 0x64, 0x96, 0x96,
		0x64, 0x96, 0x01, 0x90, 0xFE, 0x70, 0x01, 0xC2, 0x96, 0x96, 0x64, 0x96,
		0x96, 0xC8, 0x64, 0x00, 0x00, 0x01, 0x00, 0x32, 0x00, 0xFA, 0x01, 0x2C,
		0x02, 0x58, 0x00, 0x0B, 0x00, 0x59, 0xB8, 0x00, 0x0C, 0x2F, 0xB8, 0x00,
		0x09, 0x2F, 0xB8, 0x00, 0x0C, 0x10, 0xB8, 0x00, 0x08, 0xD0, 0xB8, 0x00,
		0x08, 0x2F, 0xB8, 0x00, 0x00, 0xD0, 0xB8, 0x00, 0x09, 0x10, 0xB8, 0x00,
		0x02, 0xDC, 0xB8, 0x00, 0x08, 0x10, 0xB8, 0x00, 0x03, 0xDC, 0xB8, 0x00,
		0x02, 0x10, 0xB8, 0x00, 0x05, 0xD0, 0xB8, 0x00, 0x02, 0x10, 0xB8, 0x00,
		0x0D, 0xDC, 0x00, 0xBB, 0x00, 0x05, 0x00, 0x01, 0x00, 0x06, 0x00, 0x04,
		0x2B, 0xBB, 0x00, 0x01, 0x00, 0x01, 0x00, 0x0A, 0x00, 0x04, 0x2B, 0xBB,
		0x00, 0x09, 0x00, 0x01, 0x00, 0x03, 0x00, 0x04, 0x2B, 0x30, 0x31, 0x13,
		0x33, 0x15, 0x23, 0x15, 0x33, 0x15, 0x23, 0x35, 0x33, 0x35, 0x23, 0x32,
		0xFA, 0x96, 0x96, 0xFA, 0x96, 0x96, 0x02, 0x58, 0xC8, 0x64, 0x32, 0xC8,
		0x64, 0x00, 0x00, 0x00, 0x00, 0x01, 0x00, 0x32, 0x00, 0xFA, 0x01, 0x2C,
		0x02, 0x58, 0x00, 0x0B, 0x00, 0x49, 0xBA, 0x00, 0x05, 0x00, 0x02, 0x00,
		0x03, 0x2B, 0xBA, 0x00, 0x00, 0x00, 0x03, 0x00, 0x03, 0x2B, 0xB8, 0x00,
		0x03, 0x10, 0xB8, 0x00, 0x07, 0xD0, 0xB8, 0x00, 0x02, 0x10, 0xB8, 0x00,
		0x09, 0xD0, 0xB8, 0x00, 0x05, 0x10, 0xB8, 0x00, 0x0D, 0xDC, 0x00, 0xBB,
		0x00, 0x09, 0x00, 0x01, 0x00, 0x06, 0x00, 0x04, 0x2B, 0xBB, 0x00, 0x05,
		0x00, 0x01, 0x00, 0x02, 0x00, 0x04, 0x2B, 0xBB, 0x00, 0x01, 0x00, 0x01,
		0x00, 0x0A, 0x00, 0x04, 0x2B, 0x30, 0x31, 0x13, 0x33, 0x35, 0x23, 0x35,
		0x33, 0x11, 0x23, 0x35, 0x33, 0x35, 0x23, 0x64, 0x64, 0x96, 0xFA, 0xFA,
		0x96, 0x64, 0x01, 0xC2, 0x64, 0x32, 0xFE, 0xA2, 0x32, 0x64, 0x00, 0x00,
		0x00, 0x01, 0x00, 0x32, 0x01, 0x90, 0x00, 0xFA, 0x02, 0x58, 0x00, 0x0B,
		0x00, 0x0B, 0x00, 0xB8, 0x00, 0x04, 0x2F, 0xB8, 0x00, 0x0A, 0x2F, 0x30,
		0x31, 0x13, 0x33, 0x35, 0x33, 0x35, 0x33, 0x15, 0x23, 0x15, 0x23, 0x15,
		0x23, 0x32, 0x32, 0x32, 0x64, 0x32, 0x32, 0x64, 0x01, 0xF4, 0x32, 0x32,
		0x64, 0x32, 0x32, 0x00, 0x00, 0x01, 0x00, 0x32, 0x00, 0x00, 0x01, 0xF4,
		0x02, 0x58, 0x00, 0x0F, 0x00, 0x39, 0xB8, 0x00, 0x10, 0x2F, 0xB8, 0x00,
		0x07, 0x2F, 0xB8, 0x00, 0x06, 0xDC, 0xB8, 0x00, 0x10, 0x10, 0xB8, 0x00,
		0x0B, 0xD0, 0xB8, 0x00, 0x0B, 0x2F, 0xB8, 0x00, 0x0A, 0xDC, 0xB8, 0x00,
		0x06, 0x10, 0xB8, 0x00, 0x11, 0xDC, 0x00, 0xBB, 0x00, 0x03, 0x00, 0x01,
		0x00, 0x04, 0x00, 0x04, 0x2B, 0xB8, 0x00, 0x04, 0x10, 0xB8, 0x00, 0x08,
		0xD0, 0x30, 0x31, 0x13, 0x33, 0x35, 0x21, 0x15, 0x23, 0x11, 0x23, 0x11,
		0x23, 0x11, 0x23, 0x11, 0x23, 0x35, 0x23, 0x32, 0x32, 0x01, 0x90, 0x32,
		0x64, 0x64, 0x64, 0x32, 0x32, 0x02, 0x26, 0x32, 0x64, 0xFE, 0x0C, 0x01,
		0xF4, 0xFE, 0x0C, 0x01, 0x5E, 0x32, 0x00, 0x00, 0x00, 0x01, 0x00, 0x32,
		0x00, 0xFA, 0x00, 0x96, 0x01, 0x5E, 0x00, 0x03, 0x00, 0x15, 0xBA, 0x00,
		0x01, 0x00, 0x00, 0x00, 0x03, 0x2B, 0x00, 0xBB, 0x00, 0x01, 0x00, 0x01,
		0x00, 0x02, 0x00, 0x04, 0x2B, 0x30, 0x31, 0x13, 0x33, 0x15, 0x23, 0x32,
		0x64, 0x64, 0x01, 0x5E, 0x64, 0x00, 0x00, 0x00, 0x00, 0x01, 0x00, 0x32,
		0xFF, 0x9C, 0x00, 0xFA, 0x00, 0xC8, 0x00, 0x0B, 0x00, 0x2F, 0xBA, 0x00,
		0x01, 0x00, 0x00, 0x00, 0x03, 0x2B, 0xB8, 0x00, 0x01, 0x10, 0xB8, 0x00,
		0x05, 0xD0, 0xB8, 0x00, 0x01, 0x10, 0xB8, 0x00, 0x09, 0xD0, 0x00, 0xBB,
		0x00, 0x09, 0x00, 0x01, 0x00, 0x06, 0x00, 0x04, 0x2B, 0xBB, 0x00, 0x01,
		0x00, 0x01, 0x00, 0x0A, 0x00, 0x04, 0x2B, 0x30, 0x31, 0x37, 0x33, 0x15,
		0x33, 0x15, 0x23, 0x15, 0x23, 0x35, 0x33, 0x35, 0x23, 0x64, 0x64, 0x32,
		0x32, 0x96, 0x96, 0x64, 0xC8, 0x64, 0x96, 0x32, 0x64, 0x32, 0x00, 0x00,
		0x00, 0x01, 0x00, 0x32, 0x01, 0x2C, 0x00, 0xFA, 0x02, 0x58, 0x00, 0x0B,
		0x00, 0x2F, 0xBA, 0x00, 0x03, 0x00, 0x02, 0x00, 0x03, 0x2B, 0xB8, 0x00,
		0x02, 0x10, 0xB8, 0x00, 0x09, 0xD0, 0x00, 0xBB, 0x00, 0x05, 0x00, 0x01,
		0x00, 0x06, 0x00, 0x04, 0x2B, 0xBB, 0x00, 0x02, 0x00, 0x01, 0x00, 0x0A,
		0x00, 0x04, 0x2B, 0xB8, 0x00, 0x05, 0x10, 0xB8, 0x00, 0x08, 0xD0, 0x30,
		0x31, 0x13, 0x33, 0x35, 0x33, 0x15, 0x33, 0x15, 0x23, 0x35, 0x33, 0x35,
		0x23, 0x32, 0x32, 0x64, 0x32, 0xC8, 0x32, 0x32, 0x02, 0x26, 0x32, 0xFA,
		0x32, 0x32, 0x96, 0x00, 0x00, 0x02, 0x00, 0x32, 0x01, 0x2C, 0x01, 0x2C,
		0x02, 0x58, 0x00, 0x0B, 0x00, 0x0F, 0x00, 0x63, 0xB8, 0x00, 0x10, 0x2F,
		0xB8, 0x00, 0x0C, 0x2F, 0xB8, 0x00, 0x10, 0x10, 0xB8, 0x00, 0x00, 0xD0,
		0xB8, 0x00, 0x00, 0x2F, 0xB8, 0x00, 0x0C, 0x10, 0xB8, 0x00, 0x05, 0xDC,
		0xB8, 0x00, 0x00, 0x10, 0xB8, 0x00, 0x0D, 0xDC, 0xB8, 0x00, 0x05, 0x10,
		0xB8, 0x00, 0x11, 0xDC, 0x00, 0xBB, 0x00, 0x07, 0x00, 0x01, 0x00, 0x08,
		0x00, 0x04, 0x2B, 0xBB, 0x00, 0x02, 0x00, 0x01, 0x00, 0x01, 0x00, 0x04,
		0x2B, 0xB8, 0x00, 0x01, 0x10, 0xB8, 0x00, 0x04, 0xD0, 0xB8, 0x00, 0x07,
		0x10, 0xB8, 0x00, 0x0A, 0xD0, 0xB8, 0x00, 0x01, 0x10, 0xB8, 0x00, 0x0C,
		0xD0, 0xB8, 0x00, 0x07, 0x10, 0xB8, 0x00, 0x0E, 0xD0, 0x30, 0x31, 0x13,
		0x33, 0x35, 0x33, 0x15, 0x33, 0x15, 0x23, 0x15, 0x23, 0x35, 0x23, 0x37,
		0x23, 0x15, 0x33, 0x32, 0x32, 0x96, 0x32, 0x32, 0x96, 0x32, 0x96, 0x32,
		0x32, 0x02, 0x26, 0x32, 0x32, 0xC8, 0x32, 0x32, 0xC8, 0xC8, 0x00, 0x00,
		0x00, 0x02, 0x00, 0x32, 0x00, 0x64, 0x01, 0xF4, 0x01, 0xF4, 0x00, 0x1B,
		0x00, 0x37, 0x02, 0x59, 0xBA, 0x00, 0x01, 0x00, 0x00, 0x00, 0x03, 0x2B,
		0xBA, 0x00, 0x11, 0x00, 0x00, 0x00, 0x01, 0x11, 0x12, 0x39, 0xB8, 0x00,
		0x11, 0x2F, 0xB8, 0x00, 0x0C, 0xDC, 0xB8, 0x00, 0x03, 0xD0, 0xB8, 0x00,
		0x01, 0x10, 0xB8, 0x00, 0x1C, 0xDC, 0xB8, 0x00, 0x05, 0xD0, 0xB8, 0x00,
		0x0C, 0x10, 0xB8, 0x00, 0x36, 0xDC, 0xB8, 0x00, 0x07, 0xD0, 0xB8, 0x00,
		0x1C, 0x10, 0xB8, 0x00, 0x09, 0xD0, 0xB8, 0x00, 0x05, 0x10, 0xB8, 0x00,
		0x0A, 0xD0, 0xB8, 0x00, 0x03, 0x10, 0xB8, 0x00, 0x0B, 0xD0, 0xB8, 0x00,
		0x01, 0x10, 0xB8, 0x00, 0x0D, 0xD0, 0xB8, 0x00, 0x00, 0x10, 0xB8, 0x00,
		0x0F, 0xD0, 0xB8, 0x00, 0x01, 0x10, 0xB8, 0x00, 0x13, 0xD0, 0xB8, 0x00,
		0x0C, 0x10, 0xB8, 0x00, 0x15, 0xD0, 0xB8, 0x00, 0x03, 0x10, 0xB8, 0x00,
		0x16, 0xD0, 0xB8, 0x00, 0x01, 0x10, 0xB8, 0x00, 0x17, 0xD0, 0xB8, 0x00,
		0x11, 0x10, 0xB8, 0x00, 0x19, 0xD0, 0xB8, 0x00, 0x1C, 0x10, 0xB8, 0x00,
		0x34, 0xDC, 0xB8, 0x00, 0x1D, 0xD0, 0xB8, 0x00, 0x36, 0x10, 0xB8, 0x00,
		0x32, 0xDC, 0xB8, 0x00, 0x1F, 0xD0, 0xB8, 0x00, 0x34, 0x10, 0xB8, 0x00,
		0x21, 0xDC, 0xB8, 0x00, 0x32, 0x10, 0xB8, 0x00, 0x23, 0xDC, 0xB8, 0x00,
		0x21, 0x10, 0xB8, 0x00, 0x25, 0xD0, 0xB8, 0x00, 0x32, 0x10, 0xB8, 0x00,
		0x27, 0xD0, 0xB8, 0x00, 0x34, 0x10, 0xB8, 0x00, 0x29, 0xD0, 0xB8, 0x00,
		0x1C, 0x10, 0xB8, 0x00, 0x2B, 0xD0, 0xB8, 0x00, 0x05, 0x10, 0xB8, 0x00,
		0x2C, 0xD0, 0xB8, 0x00, 0x36, 0x10, 0xB8, 0x00, 0x2D, 0xD0, 0xB8, 0x00,
		0x07, 0x10, 0xB8, 0x00, 0x2E, 0xD0, 0xB8, 0x00, 0x34, 0x10, 0xB8, 0x00,
		0x2F, 0xD0, 0xB8, 0x00, 0x07, 0x10, 0xB8, 0x00, 0x35, 0xD0, 0xB8, 0x00,
		0x05, 0x10, 0xB8, 0x00, 0x37, 0xD0, 0x00, 0xBB, 0x00, 0x13, 0x00, 0x01,
		0x00, 0x0E, 0x00, 0x04, 0x2B, 0xBB, 0x00, 0x01, 0x00, 0x01, 0x00, 0x02,
		0x00, 0x04, 0x2B, 0xBB, 0x00, 0x15, 0x00, 0x01, 0x00, 0x0C, 0x00, 0x04,
		0x2B, 0xBB, 0x00, 0x37, 0x00, 0x01, 0x00, 0x06, 0x00, 0x04, 0x2B, 0xB8,
		0x00, 0x01, 0x10, 0xB9, 0x00, 0x18, 0x00, 0x01, 0xF4, 0xB8, 0x00, 0x04,
		0xD0, 0xB8, 0x00, 0x13, 0x10, 0xB8, 0x00, 0x0A, 0xD0, 0xB9, 0x00, 0x05,
		0x00, 0x01, 0xF4, 0xB8, 0x00, 0x15, 0x10, 0xB8, 0x00, 0x08, 0xD0, 0xB9,
		0x00, 0x07, 0x00, 0x01, 0xF4, 0xB8, 0x00, 0x0E, 0x10, 0xB9, 0x00, 0x0D,
		0x00, 0x01, 0xF4, 0xB8, 0x00, 0x10, 0xD0, 0xB8, 0x00, 0x0C, 0x10, 0xB8,
		0x00, 0x11, 0xD0, 0xB8, 0x00, 0x06, 0x10, 0xB8, 0x00, 0x16, 0xD0, 0xB8,
		0x00, 0x07, 0x10, 0xB8, 0x00, 0x17, 0xD0, 0xB8, 0x00, 0x05, 0x10, 0xB8,
		0x00, 0x19, 0xD0, 0xB8, 0x00, 0x02, 0x10, 0xB8, 0x00, 0x1A, 0xD0, 0xB8,
		0x00, 0x37, 0x10, 0xB8, 0x00, 0x1B, 0xD0, 0xB8, 0x00, 0x01, 0x10, 0xB8,
		0x00, 0x1C, 0xD0, 0xB8, 0x00, 0x02, 0x10, 0xB8, 0x00, 0x1E, 0xD0, 0xB8,
		0x00, 0x37, 0x10, 0xB8, 0x00, 0x1F, 0xD0, 0xB8, 0x00, 0x18, 0x10, 0xB8,
		0x00, 0x20, 0xD0, 0xB8, 0x00, 0x05, 0x10, 0xB8, 0x00, 0x21, 0xD0, 0xB8,
		0x00, 0x06, 0x10, 0xB8, 0x00, 0x22, 0xD0, 0xB8, 0x00, 0x07, 0x10, 0xB8,
		0x00, 0x23, 0xD0, 0xB8, 0x00, 0x15, 0x10, 0xB8, 0x00, 0x24, 0xD0, 0xB8,
		0x00, 0x08, 0x10, 0xB8, 0x00, 0x25, 0xD0, 0xB8, 0x00, 0x13, 0x10, 0xB8,
		0x00, 0x26, 0xD0, 0xB8, 0x00, 0x0A, 0x10, 0xB8, 0x00, 0x27, 0xD0, 0xB8,
		0x00, 0x0D, 0x10, 0xB8, 0x00, 0x28, 0xD0, 0xB8, 0x00, 0x0C, 0x10, 0xB8,
		0x00, 0x29, 0xD0, 0xB8, 0x00, 0x0E, 0x10, 0xB8, 0x00, 0x2A, 0xD0, 0xB8,
		0x00, 0x0D, 0x10, 0xB8, 0x00, 0x2C, 0xD0, 0xB8, 0x00, 0x0C, 0x10, 0xB8,
		0x00, 0x2D, 0xD0, 0xB8, 0x00, 0x13, 0x10, 0xB8, 0x00, 0x2E, 0xD0, 0xB8,
		0x00, 0x0A, 0x10, 0xB8, 0x00, 0x2F, 0xD0, 0xB8, 0x00, 0x15, 0x10, 0xB8,
		0x00, 0x30, 0xD0, 0xB8, 0x00, 0x08, 0x10, 0xB8, 0x00, 0x31, 0xD0, 0xB8,
		0x00, 0x06, 0x10, 0xB8, 0x00, 0x32, 0xD0, 0xB8, 0x00, 0x07, 0x10, 0xB8,
		0x00, 0x33, 0xD0, 0xB8, 0x00, 0x18, 0x10, 0xB8, 0x00, 0x34, 0xD0, 0xB8,
		0x00, 0x05, 0x10, 0xB8, 0x00, 0x35, 0xD0, 0xB8, 0x00, 0x02, 0x10, 0xB8,
		0x00, 0x36, 0xD0, 0x30, 0x31, 0x13, 0x33, 0x15, 0x33, 0x15, 0x33, 0x15,
		0x33, 0x15, 0x23, 0x15, 0x23, 0x15, 0x23, 0x15, 0x23, 0x35, 0x33, 0x35,
		0x33, 0x35, 0x33, 0x35, 0x23, 0x35, 0x23, 0x35, 0x23, 0x37, 0x33, 0x15,
		0x33, 0x15, 0x33, 0x15, 0x33, 0x15, 0x23, 0x15, 0x23, 0x15, 0x23, 0x15,
		0x23, 0x35, 0x33, 0x35, 0x33, 0x35, 0x33, 0x35, 0x23, 0x35, 0x23, 0x35,
		0x23, 0x32, 0x64, 0x32, 0x32, 0x32, 0x32, 0x32, 0x32, 0x64, 0x32, 0x32,
		0x32, 0x32, 0x32, 0x32, 0xC8, 0x64, 0x32, 0x32, 0x32, 0x32, 0x32, 0x32,
		0x64, 0x32, 0x32, 0x32, 0x32, 0x32, 0x32, 0x01, 0xF4, 0x32, 0x32, 0x32,
		0x64, 0x32, 0x32, 0x32, 0x32, 0x32, 0x32, 0x64, 0x32, 0x32, 0x32, 0x32,
		0x32, 0x32, 0x64, 0x32, 0x32, 0x32, 0x32, 0x32, 0x32, 0x64, 0x32, 0x32,
		0x00, 0x01, 0x00, 0x32, 0xFF, 0x9C, 0x02, 0x26, 0x02, 0x58, 0x00, 0x35,
		0x00, 0xDF, 0xBA, 0x00, 0x03, 0x00, 0x00, 0x00, 0x03, 0x2B, 0xBA, 0x00,
		0x15, 0x00, 0x07, 0x00, 0x03, 0x2B, 0xBA, 0x00, 0x0F, 0x00, 0x0E, 0x00,
		0x03, 0x2B, 0xB8, 0x00, 0x03, 0x10, 0xB8, 0x00, 0x02, 0xDC, 0xB8, 0x00,
		0x15, 0x10, 0xB8, 0x00, 0x0B, 0xD0, 0xB8, 0x00, 0x0E, 0x10, 0xB8, 0x00,
		0x13, 0xD0, 0xB8, 0x00, 0x07, 0x10, 0xB8, 0x00, 0x19, 0xD0, 0xB8, 0x00,
		0x15, 0x10, 0xB8, 0x00, 0x1B, 0xD0, 0xB8, 0x00, 0x0E, 0x10, 0xB8, 0x00,
		0x1D, 0xD0, 0xB8, 0x00, 0x0F, 0x10, 0xB8, 0x00, 0x1F, 0xD0, 0xB8, 0x00,
		0x0E, 0x10, 0xB8, 0x00, 0x21, 0xD0, 0xB8, 0x00, 0x07, 0x10, 0xB8, 0x00,
		0x23, 0xD0, 0xB8, 0x00, 0x03, 0x10, 0xB8, 0x00, 0x27, 0xD0, 0xB8, 0x00,
		0x00, 0x10, 0xB8, 0x00, 0x2B, 0xD0, 0xB8, 0x00, 0x02, 0x10, 0xB8, 0x00,
		0x2D, 0xD0, 0xB8, 0x00, 0x03, 0x10, 0xB8, 0x00, 0x31, 0xD0, 0xB8, 0x00,
		0x02, 0x10, 0xB8, 0x00, 0x33, 0xD0, 0xB8, 0x00, 0x0F, 0x10, 0xB8, 0x00,
		0x37, 0xDC, 0x00, 0xB8, 0x00, 0x02, 0x2F, 0xB8, 0x00, 0x20, 0x2F, 0xBB,
		0x00, 0x1E, 0x00, 0x01, 0x00, 0x22, 0x00, 0x04, 0x2B, 0xBB, 0x00, 0x1B,
		0x00, 0x01, 0x00, 0x1C, 0x00, 0x04, 0x2B, 0xB8, 0x00, 0x1E, 0x10, 0xB8,
		0x00, 0x1A, 0xD0, 0xB8, 0x00, 0x1E, 0x10, 0xB8, 0x00, 0x24, 0xD0, 0xB8,
		0x00, 0x1B, 0x10, 0xB8, 0x00, 0x25, 0xD0, 0xB8, 0x00, 0x1C, 0x10, 0xB8,
		0x00, 0x2A, 0xD0, 0xB8, 0x00, 0x1E, 0x10, 0xB8, 0x00, 0x2E, 0xD0, 0xB8,
		0x00, 0x1B, 0x10, 0xB8, 0x00, 0x2F, 0xD0, 0x30, 0x31, 0x13, 0x33, 0x35,
		0x33, 0x11, 0x33, 0x35, 0x33, 0x35, 0x33, 0x35, 0x33, 0x35, 0x33, 0x35,
		0x33, 0x15, 0x23, 0x15, 0x23, 0x15, 0x23, 0x15, 0x23, 0x15, 0x23, 0x15,
		0x33, 0x15, 0x33, 0x35, 0x33, 0x11, 0x23, 0x35, 0x23, 0x35, 0x23, 0x15,
		0x23, 0x15, 0x23, 0x15, 0x23, 0x35, 0x33, 0x35, 0x33, 0x35, 0x33, 0x35,
		0x23, 0x35, 0x23, 0x32, 0x32, 0x64, 0x32, 0x32, 0x32, 0x32, 0x32, 0x64,
		0x32, 0x32, 0x32, 0x32, 0x32, 0x64, 0x32, 0x64, 0x64, 0x96, 0x32, 0x32,
		0x32, 0x64, 0x32, 0x32, 0x32, 0x64, 0x32, 0x02, 0x26, 0x32, 0xFE, 0xD4,
		0x32, 0x32, 0x32, 0x32, 0x32, 0x64, 0x32, 0x32, 0x32, 0x32, 0x32, 0x96,
		0x96, 0xFE, 0xD4, 0x64, 0xC8, 0x32, 0x32, 0x32, 0x64, 0x32, 0x32, 0x32,
		0xC8, 0x00, 0x00, 0x00, 0x00, 0x01, 0x00, 0x32, 0xFF, 0x9C, 0x02, 0x26,
		0x02, 0x58, 0x00, 0x37, 0x01, 0x03, 0xBA, 0x00, 0x03, 0x00, 0x00, 0x00,
		0x03, 0x2B, 0xBA, 0x00, 0x15, 0x00, 0x07, 0x00, 0x03, 0x2B, 0xBA, 0x00,
		0x0F, 0x00, 0x0E, 0x00, 0x03, 0x2B, 0xB8, 0x00, 0x03, 0x10, 0xB8, 0x00,
		0x02, 0xDC, 0xB8, 0x00, 0x15, 0x10, 0xB8, 0x00, 0x0B, 0xD0, 0xB8, 0x00,
		0x0E, 0x10, 0xB8, 0x00, 0x13, 0xD0, 0xB8, 0x00, 0x07, 0x10, 0xB8, 0x00,
		0x19, 0xD0, 0xB8, 0x00, 0x0F, 0x10, 0xB8, 0x00, 0x1B, 0xD0, 0xB8, 0x00,
		0x15, 0x10, 0xB8, 0x00, 0x1D, 0xD0, 0xB8, 0x00, 0x0F, 0x10, 0xB8, 0x00,
		0x1F, 0xD0, 0xB8, 0x00, 0x07, 0x10, 0xB8, 0x00, 0x21, 0xD0, 0xB8, 0x00,
		0x0E, 0x10, 0xB8, 0x00, 0x23, 0xD0, 0xB8, 0x00, 0x07, 0x10, 0xB8, 0x00,
		0x25, 0xD0, 0xB8, 0x00, 0x03, 0x10, 0xB8, 0x00, 0x29, 0xD0, 0xB8, 0x00,
		0x00, 0x10, 0xB8, 0x00, 0x2D, 0xD0, 0xB8, 0x00, 0x02, 0x10, 0xB8, 0x00,
		0x2F, 0xD0, 0xB8, 0x00, 0x03, 0x10, 0xB8, 0x00, 0x33, 0xD0, 0xB8, 0x00,
		0x02, 0x10, 0xB8, 0x00, 0x35, 0xD0, 0xB8, 0x00, 0x0F, 0x10, 0xB8, 0x00,
		0x39, 0xDC, 0x00, 0xB8, 0x00, 0x02, 0x2F, 0xBB, 0x00, 0x1F, 0x00, 0x01,
		0x00, 0x20, 0x00, 0x04, 0x2B, 0xBB, 0x00, 0x23, 0x00, 0x01, 0x00, 0x1D,
		0x00, 0x04, 0x2B, 0xBB, 0x00, 0x1B, 0x00, 0x01, 0x00, 0x24, 0x00, 0x04,
		0x2B, 0xB8, 0x00, 0x23, 0x10, 0xB9, 0x00, 0x1A, 0x00, 0x01, 0xF4, 0xB8,
		0x00, 0x26, 0xD0, 0xB8, 0x00, 0x1B, 0x10, 0xB8, 0x00, 0x27, 0xD0, 0xB8,
		0x00, 0x24, 0x10, 0xB8, 0x00, 0x28, 0xD0, 0xB8, 0x00, 0x23, 0x10, 0xB8,
		0x00, 0x2C, 0xD0, 0xB8, 0x00, 0x22, 0x10, 0xB8, 0x00, 0x2D, 0xD0, 0xB8,
		0x00, 0x24, 0x10, 0xB8, 0x00, 0x2E, 0xD0, 0xB8, 0x00, 0x1A, 0x10, 0xB8,
		0x00, 0x30, 0xD0, 0xB8, 0x00, 0x1B, 0x10, 0xB8, 0x00, 0x31, 0xD0, 0x30,
		0x31, 0x13, 0x33, 0x35, 0x33, 0x11, 0x33, 0x35, 0x33, 0x35, 0x33, 0x35,
		0x33, 0x35, 0x33, 0x35, 0x33, 0x15, 0x23, 0x15, 0x23, 0x15, 0x23, 0x15,
		0x23, 0x15, 0x23, 0x15, 0x33, 0x15, 0x23, 0x15, 0x33, 0x15, 0x23, 0x35,
		0x33, 0x35, 0x23, 0x35, 0x23, 0x15, 0x23, 0x15, 0x23, 0x15, 0x23, 0x35,
		0x33, 0x35, 0x33, 0x35, 0x33, 0x35, 0x23, 0x35, 0x23, 0x32, 0x32, 0x64,
		0x32, 0x32, 0x32, 0x32, 0x32, 0x64, 0x32, 0x32, 0x32, 0x32, 0x32, 0xFA,
		0x96, 0x96, 0xFA, 0x96, 0x96, 0x32, 0x32, 0x32, 0x64, 0x32, 0x32, 0x32,
		0x64, 0x32, 0x02, 0x26, 0x32, 0xFE, 0xD4, 0x32, 0x32, 0x32, 0x32, 0x32,
		0x64, 0x32, 0x32, 0x32, 0x32, 0x32, 0xC8, 0x32, 0x32, 0x96, 0x64, 0x32,
		0x32, 0x32, 0x32, 0x64, 0x32, 0x32, 0x32, 0xC8, 0x00, 0x01, 0x00, 0x32,
		0xFF, 0x9C, 0x02, 0x26, 0x02, 0x58, 0x00, 0x37, 0x01, 0x51, 0xBA, 0x00,
		0x01, 0x00, 0x00, 0x00, 0x03, 0x2B, 0xBA, 0x00, 0x12, 0x00, 0x03, 0x00,
		0x03, 0x2B, 0xBA, 0x00, 0x0B, 0x00, 0x0A, 0x00, 0x03, 0x2B, 0xB8, 0x00,
		0x12, 0x10, 0xB8, 0x00, 0x07, 0xD0, 0xB8, 0x00, 0x0A, 0x10, 0xB8, 0x00,
		0x0F, 0xD0, 0xB8, 0x00, 0x03, 0x10, 0xB8, 0x00, 0x15, 0xD0, 0xB8, 0x00,
		0x12, 0x10, 0xB8, 0x00, 0x17, 0xD0, 0xB8, 0x00, 0x0A, 0x10, 0xB8, 0x00,
		0x19, 0xD0, 0xB8, 0x00, 0x0B, 0x10, 0xB8, 0x00, 0x1B, 0xD0, 0xB8, 0x00,
		0x0A, 0x10, 0xB8, 0x00, 0x1D, 0xD0, 0xB8, 0x00, 0x03, 0x10, 0xB8, 0x00,
		0x1F, 0xD0, 0xB8, 0x00, 0x01, 0x10, 0xB8, 0x00, 0x21, 0xD0, 0xB8, 0x00,
		0x01, 0x10, 0xB8, 0x00, 0x25, 0xDC, 0xB8, 0x00, 0x00, 0x10, 0xB8, 0x00,
		0x27, 0xD0, 0xB8, 0x00, 0x25, 0x10, 0xB8, 0x00, 0x2B, 0xD0, 0xB8, 0x00,
		0x01, 0x10, 0xB8, 0x00, 0x2D, 0xD0, 0xB8, 0x00, 0x22, 0x10, 0xB8, 0x00,
		0x2E, 0xD0, 0xB8, 0x00, 0x00, 0x10, 0xB8, 0x00, 0x2F, 0xD0, 0xB8, 0x00,
		0x25, 0x10, 0xB8, 0x00, 0x31, 0xD0, 0xB8, 0x00, 0x00, 0x10, 0xB8, 0x00,
		0x33, 0xD0, 0xB8, 0x00, 0x25, 0x10, 0xB8, 0x00, 0x35, 0xD0, 0xB8, 0x00,
		0x0B, 0x10, 0xB8, 0x00, 0x39, 0xDC, 0x00, 0xB8, 0x00, 0x1C, 0x2F, 0xBB,
		0x00, 0x01, 0x00, 0x01, 0x00, 0x36, 0x00, 0x04, 0x2B, 0xBB, 0x00, 0x1A,
		0x00, 0x01, 0x00, 0x1E, 0x00, 0x04, 0x2B, 0xBB, 0x00, 0x08, 0x00, 0x01,
		0x00, 0x07, 0x00, 0x04, 0x2B, 0xBB, 0x00, 0x17, 0x00, 0x01, 0x00, 0x18,
		0x00, 0x04, 0x2B, 0xBB, 0x00, 0x31, 0x00, 0x01, 0x00, 0x02, 0x00, 0x04,
		0x2B, 0xB8, 0x00, 0x36, 0x10, 0xB8, 0x00, 0x0A, 0xD0, 0xB8, 0x00, 0x07,
		0x10, 0xB8, 0x00, 0x0C, 0xD0, 0xB8, 0x00, 0x31, 0x10, 0xB8, 0x00, 0x10,
		0xD0, 0xB8, 0x00, 0x02, 0x10, 0xB8, 0x00, 0x12, 0xD0, 0xB8, 0x00, 0x1A,
		0x10, 0xB8, 0x00, 0x16, 0xD0, 0xB8, 0x00, 0x1A, 0x10, 0xB8, 0x00, 0x20,
		0xD0, 0xB8, 0x00, 0x17, 0x10, 0xB8, 0x00, 0x21, 0xD0, 0xB8, 0x00, 0x18,
		0x10, 0xB8, 0x00, 0x26, 0xD0, 0xB8, 0x00, 0x1A, 0x10, 0xB8, 0x00, 0x2A,
		0xD0, 0xB8, 0x00, 0x17, 0x10, 0xB8, 0x00, 0x2B, 0xD0, 0xB8, 0x00, 0x02,
		0x10, 0xB8, 0x00, 0x2E, 0xD0, 0xB8, 0x00, 0x07, 0x10, 0xB8, 0x00, 0x32,
		0xD0, 0xB8, 0x00, 0x08, 0x10, 0xB8, 0x00, 0x34, 0xD0, 0x30, 0x31, 0x13,
		0x33, 0x11, 0x33, 0x35, 0x33, 0x35, 0x33, 0x35, 0x33, 0x35, 0x33, 0x15,
		0x23, 0x15, 0x23, 0x15, 0x23, 0x15, 0x23, 0x15, 0x23, 0x15, 0x33, 0x15,
		0x33, 0x35, 0x33, 0x11, 0x23, 0x35, 0x23, 0x35, 0x23, 0x15, 0x23, 0x15,
		0x23, 0x15, 0x23, 0x35, 0x33, 0x35, 0x33, 0x35, 0x33, 0x35, 0x23, 0x35,
		0x33, 0x35, 0x23, 0x35, 0x33, 0x35, 0x23, 0x32, 0xC8, 0x32, 0x32, 0x32,
		0x32, 0x64, 0x32, 0x32, 0x32, 0x32, 0x32, 0x64, 0x32, 0x64, 0x64, 0x96,
		0x32, 0x32, 0x32, 0x64, 0x32, 0x32, 0x64, 0xC8, 0x64, 0x64, 0x64, 0x64,
		0x02, 0x58, 0xFE, 0xD4, 0x64, 0x32, 0x32, 0x32, 0x64, 0x32, 0x32, 0x32,
		0x32, 0x32, 0x96, 0x96, 0xFE, 0xD4, 0x64, 0xC8, 0x32, 0x32, 0x32, 0x64,
		0x32, 0x32, 0x32, 0x32, 0x64, 0x32, 0x32, 0x00, 0x00, 0x02, 0x00, 0x32,
		0x00, 0x00, 0x01, 0xC2, 0x02, 0x58, 0x00, 0x17, 0x00, 0x1B, 0x00, 0xB7,
		0xB8, 0x00, 0x1C, 0x2F, 0xB8, 0x00, 0x00, 0xD0, 0xB8, 0x00, 0x00, 0x2F,
		0xB8, 0x00, 0x03, 0xDC, 0xB8, 0x00, 0x00, 0x10, 0xB8, 0x00, 0x06, 0xDC,
		0x41, 0x03, 0x00, 0xEF, 0x00, 0x06, 0x00, 0x01, 0x5D, 0x41, 0x03, 0x00,
		0x0F, 0x00, 0x06, 0x00, 0x01, 0x5D, 0x41, 0x05, 0x00, 0x10, 0x00, 0x06,
		0x00, 0x20, 0x00, 0x06, 0x00, 0x02, 0x5D, 0x41, 0x03, 0x00, 0x80, 0x00,
		0x06, 0x00, 0x01, 0x5D, 0xB8, 0x00, 0x07, 0xDC, 0xB8, 0x00, 0x06, 0x10,
		0xB8, 0x00, 0x0B, 0xD0, 0xB8, 0x00, 0x03, 0x10, 0xB8, 0x00, 0x0D, 0xD0,
		0xB8, 0x00, 0x06, 0x10, 0xB8, 0x00, 0x0F, 0xDC, 0x41, 0x03, 0x00, 0x0F,
		0x00, 0x0F, 0x00, 0x01, 0x5D, 0x41, 0x03, 0x00, 0xEF, 0x00, 0x0F, 0x00,
		0x01, 0x5D, 0x41, 0x03, 0x00, 0x80, 0x00, 0x0F, 0x00, 0x01, 0x5D, 0x41,
		0x05, 0x00, 0x10, 0x00, 0x0F, 0x00, 0x20, 0x00, 0x0F, 0x00, 0x02, 0x5D,
		0xB8, 0x00, 0x12, 0xDC, 0xB8, 0x00, 0x06, 0x10, 0xB8, 0x00, 0x18, 0xD0,
		0xB8, 0x00, 0x12, 0x10, 0xB8, 0x00, 0x1D, 0xDC, 0x00, 0xBB, 0x00, 0x0F,
		0x00, 0x01, 0x00, 0x14, 0x00, 0x04, 0x2B, 0xBB, 0x00, 0x19, 0x00, 0x01,
		0x00, 0x1A, 0x00, 0x04, 0x2B, 0xBA, 0x00, 0x07, 0x00, 0x10, 0x00, 0x03,
		0x2B, 0x30, 0x31, 0x13, 0x33, 0x35, 0x33, 0x35, 0x33, 0x35, 0x33, 0x15,
		0x23, 0x15, 0x23, 0x15, 0x23, 0x15, 0x33, 0x35, 0x33, 0x15, 0x23, 0x15,
		0x21, 0x35, 0x23, 0x13, 0x33, 0x15, 0x23, 0x32, 0x32, 0x32, 0x32, 0x64,
		0x32, 0x32, 0x32, 0xC8, 0x64, 0x32, 0xFE, 0xD4, 0x32, 0x96, 0x64, 0x64,
		0x01, 0x2C, 0x32, 0x32, 0x32, 0x64, 0x32, 0x32, 0x96, 0x64, 0x96, 0x32,
		0x32, 0x02, 0x26, 0x64, 0x00, 0x03, 0x00, 0x32, 0x00, 0x00, 0x02, 0x26,
		0x02, 0xBC, 0x00, 0x0B, 0x00, 0x0F, 0x00, 0x17, 0x00, 0x59, 0xB8, 0x00,
		0x18, 0x2F, 0xB8, 0x00, 0x07, 0x2F, 0xB8, 0x00, 0x18, 0x10, 0xB8, 0x00,
		0x00, 0xD0, 0xB8, 0x00, 0x00, 0x2F, 0xB8, 0x00, 0x07, 0x10, 0xB8, 0x00,
		0x06, 0xDC, 0xB8, 0x00, 0x00, 0x10, 0xB8, 0x00, 0x0F, 0xDC, 0xB8, 0x00,
		0x09, 0xD0, 0xB8, 0x00, 0x07, 0x10, 0xB8, 0x00, 0x0D, 0xD0, 0xB8, 0x00,
		0x06, 0x10, 0xB8, 0x00, 0x19, 0xDC, 0x00, 0xBB, 0x00, 0x11, 0x00, 0x01,
		0x00, 0x14, 0x00, 0x04, 0x2B, 0xBB, 0x00, 0x0D, 0x00, 0x01, 0x00, 0x08,
		0x00, 0x04, 0x2B, 0xBB, 0x00, 0x03, 0x00, 0x01, 0x00, 0x0E, 0x00, 0x04,
		0x2B, 0x30, 0x31, 0x13, 0x33, 0x35, 0x21, 0x15, 0x33, 0x11, 0x23, 0x35,
		0x21, 0x15, 0x23, 0x37, 0x21, 0x35, 0x21, 0x37, 0x33, 0x15, 0x33, 0x15,
		0x23, 0x35, 0x23, 0x32, 0x32, 0x01, 0x90, 0x32, 0x64, 0xFE, 0xD4, 0x64,
		0x64, 0x01, 0x2C, 0xFE, 0xD4, 0x32, 0x96, 0x32, 0x96, 0x32, 0x01, 0xF4,
		0x32, 0x32, 0xFE, 0x0C, 0x96, 0x96, 0xFA, 0xC8, 0xFA, 0x32, 0x32, 0x32,
		0x00, 0x03, 0x00, 0x32, 0x00, 0x00, 0x02, 0x26, 0x02, 0xBC, 0x00, 0x0B,
		0x00, 0x0F, 0x00, 0x17, 0x00, 0x59, 0xB8, 0x00, 0x18, 0x2F, 0xB8, 0x00,
		0x07, 0x2F, 0xB8, 0x00, 0x18, 0x10, 0xB8, 0x00, 0x00, 0xD0, 0xB8, 0x00,
		0x00, 0x2F, 0xB8, 0x00, 0x07, 0x10, 0xB8, 0x00, 0x06, 0xDC, 0xB8, 0x00,
		0x00, 0x10, 0xB8, 0x00, 0x0F, 0xDC, 0xB8, 0x00, 0x09, 0xD0, 0xB8, 0x00,
		0x07, 0x10, 0xB8, 0x00, 0x0D, 0xD0, 0xB8, 0x00, 0x06, 0x10, 0xB8, 0x00,
		0x19, 0xDC, 0x00, 0xBB, 0x00, 0x13, 0x00, 0x01, 0x00, 0x16, 0x00, 0x04,
		0x2B, 0xBB, 0x00, 0x0D, 0x00, 0x01, 0x00, 0x08, 0x00, 0x04, 0x2B, 0xBB,
		0x00, 0x03, 0x00, 0x01, 0x00, 0x0E, 0x00, 0x04, 0x2B, 0x30, 0x31, 0x13,
		0x33, 0x35, 0x21, 0x15, 0x33, 0x11, 0x23, 0x35, 0x21, 0x15, 0x23, 0x37,
		0x21, 0x35, 0x21, 0x37, 0x33, 0x35, 0x33, 0x15, 0x23, 0x15, 0x23, 0x32,
		0x32, 0x01, 0x90, 0x32, 0x64, 0xFE, 0xD4, 0x64, 0x64, 0x01, 0x2C, 0xFE,
		0xD4, 0x32, 0x32, 0x96, 0x32, 0x96, 0x01, 0xF4, 0x32, 0x32, 0xFE, 0x0C,
		0x96, 0x96, 0xFA, 0xC8, 0xC8, 0x32, 0x32, 0x32, 0x00, 0x03, 0x00, 0x32,
		0x00, 0x00, 0x02, 0x26, 0x02, 0xBC, 0x00, 0x0B, 0x00, 0x0F, 0x00, 0x17,
		0x00, 0x59, 0xB8, 0x00, 0x18, 0x2F, 0xB8, 0x00, 0x07, 0x2F, 0xB8, 0x00,
		0x18, 0x10, 0xB8, 0x00, 0x00, 0xD0, 0xB8, 0x00, 0x00, 0x2F, 0xB8, 0x00,
		0x07, 0x10, 0xB8, 0x00, 0x06, 0xDC, 0xB8, 0x00, 0x00, 0x10, 0xB8, 0x00,
		0x0F, 0xDC, 0xB8, 0x00, 0x09, 0xD0, 0xB8, 0x00, 0x07, 0x10, 0xB8, 0x00,
		0x0D, 0xD0, 0xB8, 0x00, 0x06, 0x10, 0xB8, 0x00, 0x19, 0xDC, 0x00, 0xBB,
		0x00, 0x13, 0x00, 0x01, 0x00, 0x16, 0x00, 0x04, 0x2B, 0xBB, 0x00, 0x0D,
		0x00, 0x01, 0x00, 0x08, 0x00, 0x04, 0x2B, 0xBB, 0x00, 0x03, 0x00, 0x01,
		0x00, 0x0E, 0x00, 0x04, 0x2B, 0x30, 0x31, 0x13, 0x33, 0x35, 0x21, 0x15,
		0x33, 0x11, 0x23, 0x35, 0x21, 0x15, 0x23, 0x37, 0x21, 0x35, 0x21, 0x37,
		0x33, 0x35, 0x33, 0x15, 0x33, 0x15, 0x23, 0x32, 0x32, 0x01, 0x90, 0x32,
		0x64, 0xFE, 0xD4, 0x64, 0x64, 0x01, 0x2C, 0xFE, 0xD4, 0x32, 0x32, 0x64,
		0x32, 0xC8, 0x01, 0xF4, 0x32, 0x32, 0xFE, 0x0C, 0x96, 0x96, 0xFA, 0xC8,
		0xC8, 0x32, 0x32, 0x32, 0x00, 0x03, 0x00, 0x32, 0x00, 0x00, 0x02, 0x26,
		0x02, 0xBC, 0x00, 0x0B, 0x00, 0x0F, 0x00, 0x1B, 0x00, 0x71, 0xB8, 0x00,
		0x1C, 0x2F, 0xB8, 0x00, 0x07, 0x2F, 0xB8, 0x00, 0x1C, 0x10, 0xB8, 0x00,
		0x00, 0xD0, 0xB8, 0x00, 0x00, 0x2F, 0xB8, 0x00, 0x07, 0x10, 0xB8, 0x00,
		0x06, 0xDC, 0xB8, 0x00, 0x00, 0x10, 0xB8, 0x00, 0x0F, 0xDC, 0xB8, 0x00,
		0x09, 0xD0, 0xB8, 0x00, 0x07, 0x10, 0xB8, 0x00, 0x0D, 0xD0, 0xB8, 0x00,
		0x0F, 0x10, 0xB8, 0x00, 0x10, 0xD0, 0xB8, 0x00, 0x06, 0x10, 0xB8, 0x00,
		0x1D, 0xDC, 0x00, 0xBB, 0x00, 0x15, 0x00, 0x01, 0x00, 0x16, 0x00, 0x04,
		0x2B, 0xBB, 0x00, 0x0D, 0x00, 0x01, 0x00, 0x08, 0x00, 0x04, 0x2B, 0xBB,
		0x00, 0x03, 0x00, 0x01, 0x00, 0x0E, 0x00, 0x04, 0x2B, 0xB8, 0x00, 0x15,
		0x10, 0xB8, 0x00, 0x10, 0xD0, 0xB8, 0x00, 0x16, 0x10, 0xB8, 0x00, 0x1A,
		0xD0, 0x30, 0x31, 0x13, 0x33, 0x35, 0x21, 0x15, 0x33, 0x11, 0x23, 0x35,
		0x21, 0x15, 0x23, 0x37, 0x21, 0x35, 0x21, 0x35, 0x33, 0x15, 0x33, 0x35,
		0x33, 0x15, 0x23, 0x35, 0x23, 0x15, 0x23, 0x32, 0x32, 0x01, 0x90, 0x32,
		0x64, 0xFE, 0xD4, 0x64, 0x64, 0x01, 0x2C, 0xFE, 0xD4, 0x96, 0x32, 0x32,
		0x96, 0x32, 0x32, 0x01, 0xF4, 0x32, 0x32, 0xFE, 0x0C, 0x96, 0x96, 0xFA,
		0xC8, 0xFA, 0x32, 0x32, 0x64, 0x32, 0x32, 0x00, 0x00, 0x04, 0x00, 0x32,
		0x00, 0x00, 0x02, 0x26, 0x02, 0xBC, 0x00, 0x0B, 0x00, 0x0F, 0x00, 0x13,
		0x00, 0x17, 0x00, 0x79, 0xB8, 0x00, 0x18, 0x2F, 0xB8, 0x00, 0x07, 0x2F,
		0xB8, 0x00, 0x18, 0x10, 0xB8, 0x00, 0x00, 0xD0, 0xB8, 0x00, 0x00, 0x2F,
		0xB8, 0x00, 0x07, 0x10, 0xB8, 0x00, 0x06, 0xDC, 0xB8, 0x00, 0x00, 0x10,
		0xB8, 0x00, 0x0F, 0xDC, 0xB8, 0x00, 0x09, 0xD0, 0xB8, 0x00, 0x07, 0x10,
		0xB8, 0x00, 0x0D, 0xD0, 0xB8, 0x00, 0x0F, 0x10, 0xB8, 0x00, 0x10, 0xD0,
		0xB8, 0x00, 0x07, 0x10, 0xB8, 0x00, 0x15, 0xD0, 0xB8, 0x00, 0x06, 0x10,
		0xB8, 0x00, 0x19, 0xDC, 0x00, 0xBB, 0x00, 0x11, 0x00, 0x01, 0x00, 0x12,
		0x00, 0x04, 0x2B, 0xBB, 0x00, 0x0D, 0x00, 0x01, 0x00, 0x08, 0x00, 0x04,
		0x2B, 0xBB, 0x00, 0x03, 0x00, 0x01, 0x00, 0x0E, 0x00, 0x04, 0x2B, 0xB8,
		0x00, 0x11, 0x10, 0xB8, 0x00, 0x14, 0xD0, 0xB8, 0x00, 0x12, 0x10, 0xB8,
		0x00, 0x16, 0xD0, 0x30, 0x31, 0x13, 0x33, 0x35, 0x21, 0x15, 0x33, 0x11,
		0x23, 0x35, 0x21, 0x15, 0x23, 0x37, 0x21, 0x35, 0x21, 0x35, 0x33, 0x15,
		0x23, 0x37, 0x33, 0x15, 0x23, 0x32, 0x32, 0x01, 0x90, 0x32, 0x64, 0xFE,
		0xD4, 0x64, 0x64, 0x01, 0x2C, 0xFE, 0xD4, 0x64, 0x64, 0xC8, 0x64, 0x64,
		0x01, 0xF4, 0x32, 0x32, 0xFE, 0x0C, 0x96, 0x96, 0xFA, 0xC8, 0xFA, 0x64,
		0x64, 0x64, 0x00, 0x00, 0x00, 0x03, 0x00, 0x32, 0x00, 0x00, 0x02, 0x26,
		0x02, 0xBC, 0x00, 0x13, 0x00, 0x17, 0x00, 0x1B, 0x00, 0xC3, 0xB8, 0x00,
		0x1C, 0x2F, 0xB8, 0x00, 0x00, 0xD0, 0xB8, 0x00, 0x00, 0x2F, 0xB8, 0x00,
		0x05, 0xDC, 0x41, 0x03, 0x00, 0xDF, 0x00, 0x05, 0x00, 0x01, 0x5D, 0x41,
		0x03, 0x00, 0x40, 0x00, 0x05, 0x00, 0x01, 0x5D, 0x41, 0x03, 0x00, 0x90,
		0x00, 0x05, 0x00, 0x01, 0x5D, 0xB8, 0x00, 0x08, 0xDC, 0xB8, 0x00, 0x05,
		0x10, 0xB8, 0x00, 0x0F, 0xDC, 0x41, 0x03, 0x00, 0xDF, 0x00, 0x0F, 0x00,
		0x01, 0x5D, 0x41, 0x03, 0x00, 0x40, 0x00, 0x0F, 0x00, 0x01, 0x5D, 0x41,
		0x03, 0x00, 0x90, 0x00, 0x0F, 0x00, 0x01, 0x5D, 0xB8, 0x00, 0x0E, 0xDC,
		0xB8, 0x00, 0x00, 0x10, 0xB8, 0x00, 0x17, 0xDC, 0xB8, 0x00, 0x12, 0xD0,
		0xB8, 0x00, 0x0F, 0x10, 0xB8, 0x00, 0x15, 0xD0, 0xB8, 0x00, 0x05, 0x10,
		0xB8, 0x00, 0x18, 0xD0, 0xB8, 0x00, 0x08, 0x10, 0xB8, 0x00, 0x19, 0xD0,
		0xB8, 0x00, 0x0E, 0x10, 0xB8, 0x00, 0x1D, 0xDC, 0x00, 0xBB, 0x00, 0x06,
		0x00, 0x01, 0x00, 0x05, 0x00, 0x04, 0x2B, 0xBB, 0x00, 0x14, 0x00, 0x01,
		0x00, 0x11, 0x00, 0x04, 0x2B, 0xBB, 0x00, 0x02, 0x00, 0x01, 0x00, 0x17,
		0x00, 0x04, 0x2B, 0xB8, 0x00, 0x05, 0x10, 0xB8, 0x00, 0x08, 0xD0, 0xB8,
		0x00, 0x02, 0x10, 0xB8, 0x00, 0x0A, 0xD0, 0xB8, 0x00, 0x02, 0x10, 0xB8,
		0x00, 0x18, 0xD0, 0xB8, 0x00, 0x05, 0x10, 0xB8, 0x00, 0x1A, 0xD0, 0x30,
		0x31, 0x13, 0x33, 0x35, 0x33, 0x35, 0x33, 0x35, 0x33, 0x15, 0x33, 0x15,
		0x33, 0x15, 0x33, 0x11, 0x23, 0x35, 0x21, 0x15, 0x23, 0x37, 0x21, 0x35,
		0x21, 0x37, 0x33, 0x35, 0x23, 0x32, 0x32, 0x64, 0x32, 0x64, 0x32, 0x64,
		0x32, 0x64, 0xFE, 0xD4, 0x64, 0x64, 0x01, 0x2C, 0xFE, 0xD4, 0x64, 0x64,
		0x64, 0x01, 0xF4, 0x32, 0x64, 0x32, 0x32, 0x64, 0x32, 0xFE, 0x0C, 0x96,
		0x96, 0xFA, 0xC8, 0x64, 0x64, 0x00, 0x00, 0x00, 0x00, 0x02, 0x00, 0x32,
		0x00, 0x00, 0x02, 0x58, 0x02, 0x58, 0x00, 0x11, 0x00, 0x15, 0x00, 0x75,
		0xB8, 0x00, 0x16, 0x2F, 0xB8, 0x00, 0x0D, 0x2F, 0xB8, 0x00, 0x16, 0x10,
		0xB8, 0x00, 0x00, 0xD0, 0xB8, 0x00, 0x00, 0x2F, 0xB8, 0x00, 0x0D, 0x10,
		0xB8, 0x00, 0x0A, 0xDC, 0xB8, 0x00, 0x05, 0xD0, 0xB8, 0x00, 0x00, 0x10,
		0xB8, 0x00, 0x13, 0xDC, 0xB8, 0x00, 0x0F, 0xD0, 0xB8, 0x00, 0x0D, 0x10,
		0xB8, 0x00, 0x12, 0xD0, 0x00, 0xBB, 0x00, 0x0B, 0x00, 0x01, 0x00, 0x0C,
		0x00, 0x04, 0x2B, 0xBB, 0x00, 0x03, 0x00, 0x01, 0x00, 0x04, 0x00, 0x04,
		0x2B, 0xBB, 0x00, 0x07, 0x00, 0x01, 0x00, 0x08, 0x00, 0x04, 0x2B, 0xB8,
		0x00, 0x08, 0x10, 0xB8, 0x00, 0x0E, 0xD0, 0xB8, 0x00, 0x0C, 0x10, 0xB8,
		0x00, 0x10, 0xD0, 0xB8, 0x00, 0x04, 0x10, 0xB8, 0x00, 0x12, 0xD0, 0xB8,
		0x00, 0x07, 0x10, 0xB8, 0x00, 0x14, 0xD0, 0x30, 0x31, 0x13, 0x33, 0x35,
		0x21, 0x15, 0x23, 0x15, 0x33, 0x15, 0x23, 0x15, 0x33, 0x15, 0x21, 0x35,
		0x23, 0x15, 0x23, 0x13, 0x23, 0x15, 0x33, 0x32, 0x32, 0x01, 0xF4, 0xC8,
		0x96, 0x96, 0xC8, 0xFE, 0xD4, 0x96, 0x64, 0xFA, 0x96, 0x96, 0x02, 0x26,
		0x32, 0x64, 0x96, 0x64, 0x96, 0x64, 0xFA, 0xFA, 0x01, 0xF4, 0x96, 0x00,
		0x00, 0x01, 0x00, 0x32, 0xFF, 0x9C, 0x02, 0x26, 0x02, 0x58, 0x00, 0x15,
		0x00, 0x39, 0xBA, 0x00, 0x05, 0x00, 0x00, 0x00, 0x03, 0x2B, 0xBA, 0x00,
		0x0A, 0x00, 0x0D, 0x00, 0x03, 0x2B, 0x00, 0xBB, 0x00, 0x0F, 0x00, 0x01,
		0x00, 0x0C, 0x00, 0x04, 0x2B, 0xBB, 0x00, 0x03, 0x00, 0x01, 0x00, 0x04,
		0x00, 0x04, 0x2B, 0xBB, 0x00, 0x07, 0x00, 0x01, 0x00, 0x08, 0x00, 0x04,
		0x2B, 0xB8, 0x00, 0x08, 0x10, 0xB8, 0x00, 0x12, 0xD0, 0x30, 0x31, 0x13,
		0x33, 0x35, 0x21, 0x15, 0x21, 0x11, 0x21, 0x15, 0x23, 0x15, 0x23, 0x15,
		0x23, 0x35, 0x33, 0x35, 0x23, 0x35, 0x23, 0x35, 0x23, 0x32, 0x32, 0x01,
		0xC2, 0xFE, 0x70, 0x01, 0x90, 0x96, 0x32, 0x96, 0x96, 0x64, 0x96, 0x32,
		0x02, 0x26, 0x32, 0x64, 0xFE, 0xD4, 0x64, 0x96, 0x32, 0x64, 0x32, 0x32,
		0x32, 0x00, 0x00, 0x00, 0x00, 0x02, 0x00, 0x32, 0x00, 0x00, 0x02, 0x26,
		0x02, 0xBC, 0x00, 0x0B, 0x00, 0x13, 0x00, 0x3B, 0xBA, 0x00, 0x03, 0x00,
		0x00, 0x00, 0x03, 0x2B, 0xB8, 0x00, 0x03, 0x10, 0xB8, 0x00, 0x07, 0xD0,
		0x00, 0xBB, 0x00, 0x09, 0x00, 0x01, 0x00, 0x0A, 0x00, 0x04, 0x2B, 0xBB,
		0x00, 0x0D, 0x00, 0x01, 0x00, 0x10, 0x00, 0x04, 0x2B, 0xBB, 0x00, 0x01,
		0x00, 0x01, 0x00, 0x02, 0x00, 0x04, 0x2B, 0xBB, 0x00, 0x05, 0x00, 0x01,
		0x00, 0x06, 0x00, 0x04, 0x2B, 0x30, 0x31, 0x13, 0x21, 0x15, 0x21, 0x15,
		0x21, 0x15, 0x21, 0x15, 0x21, 0x15, 0x21, 0x13, 0x33, 0x15, 0x33, 0x15,
		0x23, 0x35, 0x23, 0x32, 0x01, 0xF4, 0xFE, 0x70, 0x01, 0x5E, 0xFE, 0xA2,
		0x01, 0x90, 0xFE, 0x0C, 0x96, 0x96, 0x32, 0x96, 0x32, 0x02, 0x26, 0x64,
		0x64, 0x64, 0x96, 0x64, 0x02, 0xBC, 0x32, 0x32, 0x32, 0x00, 0x00, 0x00,
		0x00, 0x02, 0x00, 0x32, 0x00, 0x00, 0x02, 0x26, 0x02, 0xBC, 0x00, 0x0B,
		0x00, 0x13, 0x00, 0x3B, 0xBA, 0x00, 0x03, 0x00, 0x00, 0x00, 0x03, 0x2B,
		0xB8, 0x00, 0x03, 0x10, 0xB8, 0x00, 0x07, 0xD0, 0x00, 0xBB, 0x00, 0x09,
		0x00, 0x01, 0x00, 0x0A, 0x00, 0x04, 0x2B, 0xBB, 0x00, 0x0F, 0x00, 0x01,
		0x00, 0x12, 0x00, 0x04, 0x2B, 0xBB, 0x00, 0x01, 0x00, 0x01, 0x00, 0x02,
		0x00, 0x04, 0x2B, 0xBB, 0x00, 0x05, 0x00, 0x01, 0x00, 0x06, 0x00, 0x04,
		0x2B, 0x30, 0x31, 0x13, 0x21, 0x15, 0x21, 0x15, 0x21, 0x15, 0x21, 0x15,
		0x21, 0x15, 0x21, 0x13, 0x33, 0x35, 0x33, 0x15, 0x23, 0x15, 0x23, 0x32,
		0x01, 0xF4, 0xFE, 0x70, 0x01, 0x5E, 0xFE, 0xA2, 0x01, 0x90, 0xFE, 0x0C,
		0x96, 0x32, 0x96, 0x32, 0x96, 0x02, 0x26, 0x64, 0x64, 0x64, 0x96, 0x64,
		0x02, 0x8A, 0x32, 0x32, 0x32, 0x00, 0x00, 0x00, 0x00, 0x02, 0x00, 0x32,
		0x00, 0x00, 0x02, 0x26, 0x02, 0xBC, 0x00, 0x0B, 0x00, 0x13, 0x00, 0x3B,
		0xBA, 0x00, 0x03, 0x00, 0x00, 0x00, 0x03, 0x2B, 0xB8, 0x00, 0x03, 0x10,
		0xB8, 0x00, 0x07, 0xD0, 0x00, 0xBB, 0x00, 0x09, 0x00, 0x01, 0x00, 0x0A,
		0x00, 0x04, 0x2B, 0xBB, 0x00, 0x0F, 0x00, 0x01, 0x00, 0x12, 0x00, 0x04,
		0x2B, 0xBB, 0x00, 0x01, 0x00, 0x01, 0x00, 0x02, 0x00, 0x04, 0x2B, 0xBB,
		0x00, 0x05, 0x00, 0x01, 0x00, 0x06, 0x00, 0x04, 0x2B, 0x30, 0x31, 0x13,
		0x21, 0x15, 0x21, 0x15, 0x21, 0x15, 0x21, 0x15, 0x21, 0x15, 0x21, 0x13,
		0x33, 0x35, 0x33, 0x15, 0x33, 0x15, 0x23, 0x32, 0x01, 0xF4, 0xFE, 0x70,
		0x01, 0x5E, 0xFE, 0xA2, 0x01, 0x90, 0xFE, 0x0C, 0x96, 0x32, 0x64, 0x32,
		0xC8, 0x02, 0x26, 0x64, 0x64, 0x64, 0x96, 0x64, 0x02, 0x8A, 0x32, 0x32,
		0x32, 0x00, 0x00, 0x00, 0x00, 0x03, 0x00, 0x32, 0x00, 0x00, 0x02, 0x26,
		0x02, 0xBC, 0x00, 0x0B, 0x00, 0x0F, 0x00, 0x13, 0x00, 0x6B, 0xBA, 0x00,
		0x0F, 0x00, 0x00, 0x00, 0x03, 0x2B, 0xBA, 0x00, 0x05, 0x00, 0x02, 0x00,
		0x03, 0x2B, 0xB8, 0x00, 0x0F, 0x10, 0xB8, 0x00, 0x03, 0xD0, 0xB8, 0x00,
		0x0F, 0x10, 0xB8, 0x00, 0x07, 0xD0, 0xB8, 0x00, 0x02, 0x10, 0xB8, 0x00,
		0x09, 0xD0, 0xB8, 0x00, 0x02, 0x10, 0xB8, 0x00, 0x15, 0xDC, 0x00, 0xBB,
		0x00, 0x09, 0x00, 0x01, 0x00, 0x0A, 0x00, 0x04, 0x2B, 0xBB, 0x00, 0x0D,
		0x00, 0x01, 0x00, 0x0E, 0x00, 0x04, 0x2B, 0xBB, 0x00, 0x01, 0x00, 0x01,
		0x00, 0x02, 0x00, 0x04, 0x2B, 0xBB, 0x00, 0x05, 0x00, 0x01, 0x00, 0x06,
		0x00, 0x04, 0x2B, 0xB8, 0x00, 0x0D, 0x10, 0xB8, 0x00, 0x10, 0xD0, 0xB8,
		0x00, 0x0E, 0x10, 0xB8, 0x00, 0x12, 0xD0, 0x30, 0x31, 0x13, 0x21, 0x15,
		0x21, 0x15, 0x21, 0x15, 0x21, 0x15, 0x21, 0x15, 0x21, 0x13, 0x33, 0x15,
		0x23, 0x37, 0x33, 0x15, 0x23, 0x32, 0x01, 0xF4, 0xFE, 0x70, 0x01, 0x5E,
		0xFE, 0xA2, 0x01, 0x90, 0xFE, 0x0C, 0x64, 0x64, 0x64, 0xC8, 0x64, 0x64,
		0x02, 0x26, 0x64, 0x64, 0x64, 0x96, 0x64, 0x02, 0xBC, 0x64, 0x64, 0x64,
		0x00, 0x02, 0x00, 0x32, 0x00, 0x00, 0x00, 0xFA, 0x02, 0xBC, 0x00, 0x0B,
		0x00, 0x13, 0x00, 0x49, 0xBA, 0x00, 0x04, 0x00, 0x09, 0x00, 0x03, 0x2B,
		0xB8, 0x00, 0x04, 0x10, 0xB8, 0x00, 0x0D, 0xD0, 0xB8, 0x00, 0x09, 0x10,
		0xB8, 0x00, 0x11, 0xD0, 0x00, 0xBB, 0x00, 0x05, 0x00, 0x01, 0x00, 0x06,
		0x00, 0x04, 0x2B, 0xBB, 0x00, 0x0D, 0x00, 0x01, 0x00, 0x10, 0x00, 0x04,
		0x2B, 0xBB, 0x00, 0x01, 0x00, 0x01, 0x00, 0x02, 0x00, 0x04, 0x2B, 0xB8,
		0x00, 0x05, 0x10, 0xB8, 0x00, 0x08, 0xD0, 0xB8, 0x00, 0x02, 0x10, 0xB8,
		0x00, 0x0A, 0xD0, 0x30, 0x31, 0x13, 0x33, 0x15, 0x23, 0x11, 0x33, 0x15,
		0x23, 0x35, 0x33, 0x11, 0x23, 0x35, 0x33, 0x15, 0x33, 0x15, 0x23, 0x35,
		0x23, 0x32, 0xC8, 0x32, 0x32, 0xC8, 0x32, 0x32, 0x96, 0x32, 0x96, 0x32,
		0x02, 0x26, 0x64, 0xFE, 0xA2, 0x64, 0x64, 0x01, 0x5E, 0xFA, 0x32, 0x32,
		0x32, 0x00, 0x00, 0x00, 0x00, 0x02, 0x00, 0x32, 0x00, 0x00, 0x00, 0xFA,
		0x02, 0xBC, 0x00, 0x0B, 0x00, 0x13, 0x00, 0x49, 0xBA, 0x00, 0x04, 0x00,
		0x09, 0x00, 0x03, 0x2B, 0xB8, 0x00, 0x09, 0x10, 0xB8, 0x00, 0x0D, 0xD0,
		0xB8, 0x00, 0x04, 0x10, 0xB8, 0x00, 0x11, 0xD0, 0x00, 0xBB, 0x00, 0x05,
		0x00, 0x01, 0x00, 0x06, 0x00, 0x04, 0x2B, 0xBB, 0x00, 0x0F, 0x00, 0x01,
		0x00, 0x12, 0x00, 0x04, 0x2B, 0xBB, 0x00, 0x01, 0x00, 0x01, 0x00, 0x02,
		0x00, 0x04, 0x2B, 0xB8, 0x00, 0x05, 0x10, 0xB8, 0x00, 0x08, 0xD0, 0xB8,
		0x00, 0x02, 0x10, 0xB8, 0x00, 0x0A, 0xD0, 0x30, 0x31, 0x13, 0x33, 0x15,
		0x23, 0x11, 0x33, 0x15, 0x23, 0x35, 0x33, 0x11, 0x23, 0x35, 0x33, 0x35,
		0x33, 0x15, 0x23, 0x15, 0x23, 0x32, 0xC8, 0x32, 0x32, 0xC8, 0x32, 0x32,
		0x32, 0x96, 0x32, 0x96, 0x02, 0x26, 0x64, 0xFE, 0xA2, 0x64, 0x64, 0x01,
		0x5E, 0xC8, 0x32, 0x32, 0x32, 0x00, 0x00, 0x00, 0x00, 0x02, 0x00, 0x32,
		0x00, 0x00, 0x00, 0xFA, 0x02, 0xBC, 0x00, 0x0B, 0x00, 0x13, 0x00, 0x49,
		0xBA, 0x00, 0x04, 0x00, 0x09, 0x00, 0x03, 0x2B, 0xB8, 0x00, 0x09, 0x10,
		0xB8, 0x00, 0x0D, 0xD0, 0xB8, 0x00, 0x04, 0x10, 0xB8, 0x00, 0x0F, 0xD0,
		0x00, 0xBB, 0x00, 0x05, 0x00, 0x01, 0x00, 0x06, 0x00, 0x04, 0x2B, 0xBB,
		0x00, 0x0F, 0x00, 0x01, 0x00, 0x12, 0x00, 0x04, 0x2B, 0xBB, 0x00, 0x01,
		0x00, 0x01, 0x00, 0x02, 0x00, 0x04, 0x2B, 0xB8, 0x00, 0x05, 0x10, 0xB8,
		0x00, 0x08, 0xD0, 0xB8, 0x00, 0x02, 0x10, 0xB8, 0x00, 0x0A, 0xD0, 0x30,
		0x31, 0x13, 0x33, 0x15, 0x23, 0x11, 0x33, 0x15, 0x23, 0x35, 0x33, 0x11,
		0x23, 0x35, 0x33, 0x35, 0x33, 0x15, 0x33, 0x15, 0x23, 0x32, 0xC8, 0x32,
		0x32, 0xC8, 0x32, 0x32, 0x32, 0x64, 0x32, 0xC8, 0x02, 0x26, 0x64, 0xFE,
		0xA2, 0x64, 0x64, 0x01, 0x5E, 0xC8, 0x32, 0x32, 0x32, 0x00, 0x00, 0x00,
		0x00, 0x03, 0x00, 0x32, 0x00, 0x00, 0x01, 0x5E, 0x02, 0xBC, 0x00, 0x0B,
		0x00, 0x0F, 0x00, 0x13, 0x00, 0x59, 0xBA, 0x00, 0x04, 0x00, 0x09, 0x00,
		0x03, 0x2B, 0xB8, 0x00, 0x09, 0x10, 0xB8, 0x00, 0x0D, 0xD0, 0xB8, 0x00,
		0x04, 0x10, 0xB8, 0x00, 0x10, 0xD0, 0x00, 0xBB, 0x00, 0x05, 0x00, 0x01,
		0x00, 0x06, 0x00, 0x04, 0x2B, 0xBB, 0x00, 0x0D, 0x00, 0x01, 0x00, 0x0E,
		0x00, 0x04, 0x2B, 0xBB, 0x00, 0x01, 0x00, 0x01, 0x00, 0x02, 0x00, 0x04,
		0x2B, 0xB8, 0x00, 0x05, 0x10, 0xB8, 0x00, 0x08, 0xD0, 0xB8, 0x00, 0x02,
		0x10, 0xB8, 0x00, 0x0A, 0xD0, 0xB8, 0x00, 0x0D, 0x10, 0xB8, 0x00, 0x10,
		0xD0, 0xB8, 0x00, 0x0E, 0x10, 0xB8, 0x00, 0x12, 0xD0, 0x30, 0x31, 0x13,
		0x33, 0x15, 0x23, 0x11, 0x33, 0x15, 0x23, 0x35, 0x33, 0x11, 0x23, 0x27,
		0x33, 0x15, 0x23, 0x37, 0x33, 0x15, 0x23, 0x64, 0xC8, 0x32, 0x32, 0xC8,
		0x32, 0x32, 0x32, 0x64, 0x64, 0xC8, 0x64, 0x64, 0x02, 0x26, 0x64, 0xFE,
		0xA2, 0x64, 0x64, 0x01, 0x5E, 0xFA, 0x64, 0x64, 0x64, 0x00, 0x00, 0x00,
		0x00, 0x02, 0x00, 0x32, 0x00, 0x00, 0x02, 0x58, 0x02, 0x58, 0x00, 0x0F,
		0x00, 0x1B, 0x00, 0x89, 0xB8, 0x00, 0x1C, 0x2F, 0xB8, 0x00, 0x04, 0x2F,
		0xB8, 0x00, 0x1C, 0x10, 0xB8, 0x00, 0x01, 0xD0, 0xB8, 0x00, 0x01, 0x2F,
		0xB8, 0x00, 0x04, 0x10, 0xB8, 0x00, 0x07, 0xDC, 0xB8, 0x00, 0x04, 0x10,
		0xB8, 0x00, 0x0B, 0xD0, 0xB8, 0x00, 0x01, 0x10, 0xB8, 0x00, 0x0D, 0xD0,
		0xB8, 0x00, 0x01, 0x10, 0xB8, 0x00, 0x12, 0xDC, 0xB8, 0x00, 0x15, 0xD0,
		0xB8, 0x00, 0x04, 0x10, 0xB8, 0x00, 0x19, 0xD0, 0xB8, 0x00, 0x07, 0x10,
		0xB8, 0x00, 0x1D, 0xDC, 0x00, 0xBB, 0x00, 0x09, 0x00, 0x01, 0x00, 0x0C,
		0x00, 0x04, 0x2B, 0xBB, 0x00, 0x03, 0x00, 0x01, 0x00, 0x06, 0x00, 0x04,
		0x2B, 0xBB, 0x00, 0x01, 0x00, 0x01, 0x00, 0x0E, 0x00, 0x04, 0x2B, 0xB8,
		0x00, 0x06, 0x10, 0xB8, 0x00, 0x10, 0xD0, 0xB8, 0x00, 0x01, 0x10, 0xB8,
		0x00, 0x12, 0xD0, 0xB8, 0x00, 0x0E, 0x10, 0xB8, 0x00, 0x14, 0xD0, 0xB8,
		0x00, 0x09, 0x10, 0xB8, 0x00, 0x16, 0xD0, 0x30, 0x31, 0x13, 0x33, 0x35,
		0x21, 0x15, 0x33, 0x15, 0x33, 0x11, 0x23, 0x15, 0x23, 0x15, 0x21, 0x35,
		0x23, 0x25, 0x23, 0x15, 0x33, 0x15, 0x23, 0x15, 0x33, 0x35, 0x33, 0x11,
		0x23, 0x32, 0x32, 0x01, 0x90, 0x32, 0x32, 0x32, 0x32, 0xFE, 0x70, 0x32,
		0x01, 0x90, 0xFA, 0xC8, 0xC8, 0xFA, 0x32, 0x32, 0x01, 0x5E, 0xFA, 0x32,
		0x32, 0xFE, 0x70, 0x32, 0x32, 0xFA, 0xFA, 0x96, 0x64, 0x96, 0x32, 0x01,
		0x2C, 0x00, 0x00, 0x00, 0x00, 0x02, 0x00, 0x32, 0x00, 0x00, 0x02, 0x26,
		0x02, 0xBC, 0x00, 0x23, 0x00, 0x2F, 0x00, 0x69, 0xB8, 0x00, 0x30, 0x2F,
		0xB8, 0x00, 0x15, 0x2F, 0xB8, 0x00, 0x30, 0x10, 0xB8, 0x00, 0x00, 0xD0,
		0xB8, 0x00, 0x00, 0x2F, 0xB8, 0x00, 0x2F, 0xDC, 0xB8, 0x00, 0x03, 0xD0,
		0xB8, 0x00, 0x15, 0x10, 0xB8, 0x00, 0x0F, 0xD0, 0xB8, 0x00, 0x15, 0x10,
		0xB8, 0x00, 0x12, 0xDC, 0xB8, 0x00, 0x2F, 0x10, 0xB8, 0x00, 0x21, 0xD0,
		0xB8, 0x00, 0x12, 0x10, 0xB8, 0x00, 0x31, 0xDC, 0x00, 0xBB, 0x00, 0x24,
		0x00, 0x01, 0x00, 0x2F, 0x00, 0x04, 0x2B, 0xB8, 0x00, 0x2F, 0x10, 0xB8,
		0x00, 0x00, 0xD0, 0xB8, 0x00, 0x2F, 0x10, 0xB8, 0x00, 0x10, 0xD0, 0xB8,
		0x00, 0x24, 0x10, 0xB8, 0x00, 0x28, 0xD0, 0xB8, 0x00, 0x2F, 0x10, 0xB8,
		0x00, 0x2A, 0xD0, 0x30, 0x31, 0x13, 0x33, 0x15, 0x33, 0x15, 0x33, 0x15,
		0x33, 0x15, 0x33, 0x15, 0x33, 0x15, 0x33, 0x15, 0x33, 0x11, 0x33, 0x11,
		0x23, 0x35, 0x23, 0x35, 0x23, 0x35, 0x23, 0x35, 0x23, 0x35, 0x23, 0x35,
		0x23, 0x35, 0x23, 0x11, 0x23, 0x13, 0x33, 0x15, 0x33, 0x35, 0x33, 0x15,
		0x23, 0x35, 0x23, 0x15, 0x23, 0x32, 0x32, 0x32, 0x32, 0x32, 0x32, 0x32,
		0x32, 0x32, 0x64, 0x32, 0x32, 0x32, 0x32, 0x32, 0x32, 0x32, 0x32, 0x64,
		0x64, 0x96, 0x32, 0x32, 0x96, 0x32, 0x32, 0x02, 0x58, 0x32, 0x32, 0x32,
		0x32, 0x32, 0x32, 0x32, 0x01, 0x5E, 0xFD, 0xA8, 0x32, 0x32, 0x32, 0x32,
		0x32, 0x32, 0x32, 0xFE, 0xA2, 0x02, 0xBC, 0x32, 0x32, 0x64, 0x32, 0x32,
		0x00, 0x03, 0x00, 0x32, 0x00, 0x00, 0x02, 0x26, 0x02, 0xBC, 0x00, 0x0B,
		0x00, 0x0F, 0x00, 0x17, 0x00, 0x4D, 0xB8, 0x00, 0x18, 0x2F, 0xB8, 0x00,
		0x0D, 0x2F, 0xB8, 0x00, 0x18, 0x10, 0xB8, 0x00, 0x00, 0xD0, 0xB8, 0x00,
		0x00, 0x2F, 0xB8, 0x00, 0x0D, 0x10, 0xB8, 0x00, 0x06, 0xDC, 0xB8, 0x00,
		0x00, 0x10, 0xB8, 0x00, 0x0F, 0xDC, 0xB8, 0x00, 0x06, 0x10, 0xB8, 0x00,
		0x19, 0xDC, 0x00, 0xBB, 0x00, 0x0D, 0x00, 0x01, 0x00, 0x08, 0x00, 0x04,
		0x2B, 0xBB, 0x00, 0x11, 0x00, 0x01, 0x00, 0x14, 0x00, 0x04, 0x2B, 0xBB,
		0x00, 0x03, 0x00, 0x01, 0x00, 0x0E, 0x00, 0x04, 0x2B, 0x30, 0x31, 0x13,
		0x33, 0x35, 0x21, 0x15, 0x33, 0x11, 0x23, 0x15, 0x21, 0x35, 0x23, 0x37,
		0x21, 0x11, 0x21, 0x37, 0x33, 0x15, 0x33, 0x15, 0x23, 0x35, 0x23, 0x32,
		0x32, 0x01, 0x90, 0x32, 0x32, 0xFE, 0x70, 0x32, 0x64, 0x01, 0x2C, 0xFE,
		0xD4, 0x32, 0x96, 0x32, 0x96, 0x32, 0x01, 0xF4, 0x32, 0x32, 0xFE, 0x3E,
		0x32, 0x32, 0x32, 0x01, 0x5E, 0xFA, 0x32, 0x32, 0x32, 0x00, 0x00, 0x00,
		0x00, 0x03, 0x00, 0x32, 0x00, 0x00, 0x02, 0x26, 0x02, 0xBC, 0x00, 0x0B,
		0x00, 0x0F, 0x00, 0x17, 0x00, 0x4D, 0xB8, 0x00, 0x18, 0x2F, 0xB8, 0x00,
		0x0D, 0x2F, 0xB8, 0x00, 0x18, 0x10, 0xB8, 0x00, 0x00, 0xD0, 0xB8, 0x00,
		0x00, 0x2F, 0xB8, 0x00, 0x0D, 0x10, 0xB8, 0x00, 0x06, 0xDC, 0xB8, 0x00,
		0x00, 0x10, 0xB8, 0x00, 0x0F, 0xDC, 0xB8, 0x00, 0x06, 0x10, 0xB8, 0x00,
		0x19, 0xDC, 0x00, 0xBB, 0x00, 0x0D, 0x00, 0x01, 0x00, 0x08, 0x00, 0x04,
		0x2B, 0xBB, 0x00, 0x13, 0x00, 0x01, 0x00, 0x16, 0x00, 0x04, 0x2B, 0xBB,
		0x00, 0x03, 0x00, 0x01, 0x00, 0x0E, 0x00, 0x04, 0x2B, 0x30, 0x31, 0x13,
		0x33, 0x35, 0x21, 0x15, 0x33, 0x11, 0x23, 0x15, 0x21, 0x35, 0x23, 0x37,
		0x21, 0x11, 0x21, 0x37, 0x33, 0x35, 0x33, 0x15, 0x23, 0x15, 0x23, 0x32,
		0x32, 0x01, 0x90, 0x32, 0x32, 0xFE, 0x70, 0x32, 0x64, 0x01, 0x2C, 0xFE,
		0xD4, 0x32, 0x32, 0x96, 0x32, 0x96, 0x01, 0xF4, 0x32, 0x32, 0xFE, 0x3E,
		0x32, 0x32, 0x32, 0x01, 0x5E, 0xC8, 0x32, 0x32, 0x32, 0x00, 0x00, 0x00,
		0x00, 0x03, 0x00, 0x32, 0x00, 0x00, 0x02, 0x26, 0x02, 0xBC, 0x00, 0x0B,
		0x00, 0x0F, 0x00, 0x17, 0x00, 0x4D, 0xB8, 0x00, 0x18, 0x2F, 0xB8, 0x00,
		0x0D, 0x2F, 0xB8, 0x00, 0x18, 0x10, 0xB8, 0x00, 0x00, 0xD0, 0xB8, 0x00,
		0x00, 0x2F, 0xB8, 0x00, 0x0D, 0x10, 0xB8, 0x00, 0x06, 0xDC, 0xB8, 0x00,
		0x00, 0x10, 0xB8, 0x00, 0x0F, 0xDC, 0xB8, 0x00, 0x06, 0x10, 0xB8, 0x00,
		0x19, 0xDC, 0x00, 0xBB, 0x00, 0x0D, 0x00, 0x01, 0x00, 0x08, 0x00, 0x04,
		0x2B, 0xBB, 0x00, 0x13, 0x00, 0x01, 0x00, 0x16, 0x00, 0x04, 0x2B, 0xBB,
		0x00, 0x03, 0x00, 0x01, 0x00, 0x0E, 0x00, 0x04, 0x2B, 0x30, 0x31, 0x13,
		0x33, 0x35, 0x21, 0x15, 0x33, 0x11, 0x23, 0x15, 0x21, 0x35, 0x23, 0x37,
		0x21, 0x11, 0x21, 0x37, 0x33, 0x35, 0x33, 0x15, 0x33, 0x15, 0x23, 0x32,
		0x32, 0x01, 0x90, 0x32, 0x32, 0xFE, 0x70, 0x32, 0x64, 0x01, 0x2C, 0xFE,
		0xD4, 0x32, 0x32, 0x64, 0x32, 0xC8, 0x01, 0xF4, 0x32, 0x32, 0xFE, 0x3E,
		0x32, 0x32, 0x32, 0x01, 0x5E, 0xC8, 0x32, 0x32, 0x32, 0x00, 0x00, 0x00,
		0x00, 0x03, 0x00, 0x32, 0x00, 0x00, 0x02, 0x26, 0x02, 0xBC, 0x00, 0x0B,
		0x00, 0x0F, 0x00, 0x1B, 0x00, 0x61, 0xB8, 0x00, 0x1C, 0x2F, 0xB8, 0x00,
		0x0D, 0x2F, 0xB8, 0x00, 0x1C, 0x10, 0xB8, 0x00, 0x00, 0xD0, 0xB8, 0x00,
		0x00, 0x2F, 0xB8, 0x00, 0x0D, 0x10, 0xB8, 0x00, 0x06, 0xDC, 0xB8, 0x00,
		0x00, 0x10, 0xB8, 0x00, 0x0F, 0xDC, 0xB8, 0x00, 0x10, 0xD0, 0xB8, 0x00,
		0x06, 0x10, 0xB8, 0x00, 0x1D, 0xDC, 0x00, 0xBB, 0x00, 0x0D, 0x00, 0x01,
		0x00, 0x08, 0x00, 0x04, 0x2B, 0xBB, 0x00, 0x15, 0x00, 0x01, 0x00, 0x16,
		0x00, 0x04, 0x2B, 0xBB, 0x00, 0x03, 0x00, 0x01, 0x00, 0x0E, 0x00, 0x04,
		0x2B, 0xB8, 0x00, 0x15, 0x10, 0xB8, 0x00, 0x10, 0xD0, 0xB8, 0x00, 0x16,
		0x10, 0xB8, 0x00, 0x1A, 0xD0, 0x30, 0x31, 0x13, 0x33, 0x35, 0x21, 0x15,
		0x33, 0x11, 0x23, 0x15, 0x21, 0x35, 0x23, 0x37, 0x21, 0x11, 0x21, 0x35,
		0x33, 0x15, 0x33, 0x35, 0x33, 0x15, 0x23, 0x35, 0x23, 0x15, 0x23, 0x32,
		0x32, 0x01, 0x90, 0x32, 0x32, 0xFE, 0x70, 0x32, 0x64, 0x01, 0x2C, 0xFE,
		0xD4, 0x96, 0x32, 0x32, 0x96, 0x32, 0x32, 0x01, 0xF4, 0x32, 0x32, 0xFE,
		0x3E, 0x32, 0x32, 0x32, 0x01, 0x5E, 0xFA, 0x32, 0x32, 0x64, 0x32, 0x32,
		0x00, 0x04, 0x00, 0x32, 0x00, 0x00, 0x02, 0x26, 0x02, 0xBC, 0x00, 0x0B,
		0x00, 0x0F, 0x00, 0x13, 0x00, 0x17, 0x00, 0x69, 0xB8, 0x00, 0x18, 0x2F,
		0xB8, 0x00, 0x0D, 0x2F, 0xB8, 0x00, 0x18, 0x10, 0xB8, 0x00, 0x00, 0xD0,
		0xB8, 0x00, 0x00, 0x2F, 0xB8, 0x00, 0x0D, 0x10, 0xB8, 0x00, 0x06, 0xDC,
		0xB8, 0x00, 0x00, 0x10, 0xB8, 0x00, 0x0F, 0xDC, 0xB8, 0x00, 0x10, 0xD0,
		0xB8, 0x00, 0x0D, 0x10, 0xB8, 0x00, 0x15, 0xD0, 0xB8, 0x00, 0x06, 0x10,
		0xB8, 0x00, 0x19, 0xDC, 0x00, 0xBB, 0x00, 0x0D, 0x00, 0x01, 0x00, 0x08,
		0x00, 0x04, 0x2B, 0xBB, 0x00, 0x11, 0x00, 0x01, 0x00, 0x12, 0x00, 0x04,
		0x2B, 0xBB, 0x00, 0x03, 0x00, 0x01, 0x00, 0x0E, 0x00, 0x04, 0x2B, 0xB8,
		0x00, 0x11, 0x10, 0xB8, 0x00, 0x14, 0xD0, 0xB8, 0x00, 0x12, 0x10, 0xB8,
		0x00, 0x16, 0xD0, 0x30, 0x31, 0x13, 0x33, 0x35, 0x21, 0x15, 0x33, 0x11,
		0x23, 0x15, 0x21, 0x35, 0x23, 0x37, 0x21, 0x11, 0x21, 0x35, 0x33, 0x15,
		0x23, 0x37, 0x33, 0x15, 0x23, 0x32, 0x32, 0x01, 0x90, 0x32, 0x32, 0xFE,
		0x70, 0x32, 0x64, 0x01, 0x2C, 0xFE, 0xD4, 0x64, 0x64, 0xC8, 0x64, 0x64,
		0x01, 0xF4, 0x32, 0x32, 0xFE, 0x3E, 0x32, 0x32, 0x32, 0x01, 0x5E, 0xFA,
		0x64, 0x64, 0x64, 0x00, 0x00, 0x01, 0x00, 0x32, 0x00, 0x64, 0x01, 0x90,
		0x01, 0xC2, 0x00, 0x23, 0x00, 0xFF, 0xB8, 0x00, 0x24, 0x2F, 0xB8, 0x00,
		0x00, 0xD0, 0xB8, 0x00, 0x00, 0x2F, 0xB8, 0x00, 0x01, 0xDC, 0xB8, 0x00,
		0x00, 0x10, 0xB8, 0x00, 0x03, 0xDC, 0x41, 0x03, 0x00, 0xEF, 0x00, 0x03,
		0x00, 0x01, 0x5D, 0x41, 0x03, 0x00, 0x80, 0x00, 0x03, 0x00, 0x01, 0x5D,
		0x41, 0x03, 0x00, 0x10, 0x00, 0x03, 0x00, 0x01, 0x5D, 0xB8, 0x00, 0x06,
		0xDC, 0xB8, 0x00, 0x03, 0x10, 0xB8, 0x00, 0x08, 0xDC, 0x41, 0x03, 0x00,
		0xEF, 0x00, 0x08, 0x00, 0x01, 0x5D, 0x41, 0x03, 0x00, 0x80, 0x00, 0x08,
		0x00, 0x01, 0x5D, 0x41, 0x03, 0x00, 0x10, 0x00, 0x08, 0x00, 0x01, 0x5D,
		0xB8, 0x00, 0x09, 0xDC, 0xB8, 0x00, 0x08, 0x10, 0xB8, 0x00, 0x0D, 0xD0,
		0xB8, 0x00, 0x08, 0x10, 0xB8, 0x00, 0x13, 0xD0, 0xB8, 0x00, 0x06, 0x10,
		0xB8, 0x00, 0x15, 0xD0, 0xB8, 0x00, 0x03, 0x10, 0xB8, 0x00, 0x17, 0xD0,
		0xB8, 0x00, 0x01, 0x10, 0xB8, 0x00, 0x19, 0xD0, 0xB8, 0x00, 0x00, 0x10,
		0xB8, 0x00, 0x1B, 0xD0, 0xB8, 0x00, 0x01, 0x10, 0xB8, 0x00, 0x1F, 0xD0,
		0xB8, 0x00, 0x09, 0x10, 0xB8, 0x00, 0x25, 0xDC, 0x00, 0xBB, 0x00, 0x11,
		0x00, 0x01, 0x00, 0x12, 0x00, 0x04, 0x2B, 0xBB, 0x00, 0x00, 0x00, 0x01,
		0x00, 0x23, 0x00, 0x04, 0x2B, 0xBB, 0x00, 0x0C, 0x00, 0x01, 0x00, 0x0F,
		0x00, 0x04, 0x2B, 0xB8, 0x00, 0x23, 0x10, 0xB8, 0x00, 0x04, 0xD0, 0xB8,
		0x00, 0x00, 0x10, 0xB8, 0x00, 0x08, 0xD0, 0xB8, 0x00, 0x23, 0x10, 0xB8,
		0x00, 0x0A, 0xD0, 0xB8, 0x00, 0x11, 0x10, 0xB8, 0x00, 0x16, 0xD0, 0xB8,
		0x00, 0x12, 0x10, 0xB8, 0x00, 0x1A, 0xD0, 0xB8, 0x00, 0x11, 0x10, 0xB8,
		0x00, 0x1C, 0xD0, 0xB8, 0x00, 0x0F, 0x10, 0xB8, 0x00, 0x1E, 0xD0, 0xB8,
		0x00, 0x0C, 0x10, 0xB8, 0x00, 0x20, 0xD0, 0x30, 0x31, 0x13, 0x33, 0x15,
		0x33, 0x15, 0x33, 0x35, 0x33, 0x35, 0x33, 0x15, 0x23, 0x15, 0x23, 0x15,
		0x33, 0x15, 0x33, 0x15, 0x23, 0x35, 0x23, 0x35, 0x23, 0x15, 0x23, 0x15,
		0x23, 0x35, 0x33, 0x35, 0x33, 0x35, 0x23, 0x35, 0x23, 0x32, 0x64, 0x32,
		0x32, 0x32, 0x64, 0x32, 0x32, 0x32, 0x32, 0x64, 0x32, 0x32, 0x32, 0x64,
		0x32, 0x32, 0x32, 0x32, 0x01, 0xC2, 0x32, 0x32, 0x32, 0x32, 0x64, 0x32,
		0x32, 0x32, 0x64, 0x32, 0x32, 0x32, 0x32, 0x64, 0x32, 0x32, 0x32, 0x00,
		0x00, 0x03, 0x00, 0x32, 0x00, 0x00, 0x02, 0x26, 0x02, 0x58, 0x00, 0x0B,
		0x00, 0x17, 0x00, 0x23, 0x00, 0x43, 0xB8, 0x00, 0x24, 0x2F, 0xB8, 0x00,
		0x0C, 0x2F, 0xB8, 0x00, 0x24, 0x10, 0xB8, 0x00, 0x00, 0xD0, 0xB8, 0x00,
		0x00, 0x2F, 0xB8, 0x00, 0x0C, 0x10, 0xB8, 0x00, 0x05, 0xDC, 0xB8, 0x00,
		0x00, 0x10, 0xB8, 0x00, 0x23, 0xDC, 0xB8, 0x00, 0x05, 0x10, 0xB8, 0x00,
		0x25, 0xDC, 0x00, 0xBB, 0x00, 0x17, 0x00, 0x01, 0x00, 0x08, 0x00, 0x04,
		0x2B, 0xBB, 0x00, 0x03, 0x00, 0x01, 0x00, 0x22, 0x00, 0x04, 0x2B, 0x30,
		0x31, 0x13, 0x33, 0x35, 0x21, 0x15, 0x33, 0x11, 0x23, 0x15, 0x21, 0x35,
		0x23, 0x01, 0x23, 0x15, 0x23, 0x15, 0x23, 0x15, 0x23, 0x15, 0x23, 0x15,
		0x33, 0x25, 0x33, 0x35, 0x33, 0x35, 0x33, 0x35, 0x33, 0x35, 0x33, 0x35,
		0x23, 0x32, 0x32, 0x01, 0x90, 0x32, 0x32, 0xFE, 0x70, 0x32, 0x01, 0x90,
		0x32, 0x32, 0x32, 0x32, 0x32, 0xFA, 0xFE, 0xD4, 0x32, 0x32, 0x32, 0x32,
		0x32, 0xFA, 0x02, 0x26, 0x32, 0x32, 0xFE, 0x0C, 0x32, 0x32, 0x01, 0x2C,
		0x32, 0x32, 0x32, 0x32, 0x32, 0x96, 0x32, 0x32, 0x32, 0x32, 0x32, 0x00,
		0x00, 0x02, 0x00, 0x32, 0x00, 0x00, 0x02, 0x26, 0x02, 0xBC, 0x00, 0x0B,
		0x00, 0x13, 0x00, 0x3B, 0xB8, 0x00, 0x14, 0x2F, 0xB8, 0x00, 0x03, 0x2F,
		0xB8, 0x00, 0x14, 0x10, 0xB8, 0x00, 0x00, 0xD0, 0xB8, 0x00, 0x00, 0x2F,
		0xB8, 0x00, 0x01, 0xDC, 0xB8, 0x00, 0x03, 0x10, 0xB8, 0x00, 0x06, 0xDC,
		0xB8, 0x00, 0x15, 0xDC, 0x00, 0xBB, 0x00, 0x03, 0x00, 0x01, 0x00, 0x08,
		0x00, 0x04, 0x2B, 0xBB, 0x00, 0x0D, 0x00, 0x01, 0x00, 0x10, 0x00, 0x04,
		0x2B, 0x30, 0x31, 0x13, 0x33, 0x11, 0x21, 0x11, 0x33, 0x11, 0x23, 0x15,
		0x21, 0x35, 0x23, 0x13, 0x33, 0x15, 0x33, 0x15, 0x23, 0x35, 0x23, 0x32,
		0x64, 0x01, 0x2C, 0x64, 0x32, 0xFE, 0x70, 0x32, 0x96, 0x96, 0x32, 0x96,
		0x32, 0x02, 0x26, 0xFE, 0x3E, 0x01, 0xC2, 0xFE, 0x0C, 0x32, 0x32, 0x02,
		0x8A, 0x32, 0x32, 0x32, 0x00, 0x02, 0x00, 0x32, 0x00, 0x00, 0x02, 0x26,
		0x02, 0xBC, 0x00, 0x0B, 0x00, 0x13, 0x00, 0x3B, 0xB8, 0x00, 0x14, 0x2F,
		0xB8, 0x00, 0x03, 0x2F, 0xB8, 0x00, 0x14, 0x10, 0xB8, 0x00, 0x00, 0xD0,
		0xB8, 0x00, 0x00, 0x2F, 0xB8, 0x00, 0x01, 0xDC, 0xB8, 0x00, 0x03, 0x10,
		0xB8, 0x00, 0x06, 0xDC, 0xB8, 0x00, 0x15, 0xDC, 0x00, 0xBB, 0x00, 0x03,
		0x00, 0x01, 0x00, 0x08, 0x00, 0x04, 0x2B, 0xBB, 0x00, 0x0F, 0x00, 0x01,
		0x00, 0x12, 0x00, 0x04, 0x2B, 0x30, 0x31, 0x13, 0x33, 0x11, 0x21, 0x11,
		0x33, 0x11, 0x23, 0x15, 0x21, 0x35, 0x23, 0x13, 0x33, 0x35, 0x33, 0x15,
		0x23, 0x15, 0x23, 0x32, 0x64, 0x01, 0x2C, 0x64, 0x32, 0xFE, 0x70, 0x32,
		0x96, 0x32, 0x96, 0x32, 0x96, 0x02, 0x26, 0xFE, 0x3E, 0x01, 0xC2, 0xFE,
		0x0C, 0x32, 0x32, 0x02, 0x58, 0x32, 0x32, 0x32, 0x00, 0x02, 0x00, 0x32,
		0x00, 0x00, 0x02, 0x26, 0x02, 0xBC, 0x00, 0x0B, 0x00, 0x13, 0x00, 0x3B,
		0xB8, 0x00, 0x14, 0x2F, 0xB8, 0x00, 0x03, 0x2F, 0xB8, 0x00, 0x14, 0x10,
		0xB8, 0x00, 0x00, 0xD0, 0xB8, 0x00, 0x00, 0x2F, 0xB8, 0x00, 0x01, 0xDC,
		0xB8, 0x00, 0x03, 0x10, 0xB8, 0x00, 0x06, 0xDC, 0xB8, 0x00, 0x15, 0xDC,
		0x00, 0xBB, 0x00, 0x03, 0x00, 0x01, 0x00, 0x08, 0x00, 0x04, 0x2B, 0xBB,
		0x00, 0x0F, 0x00, 0x01, 0x00, 0x12, 0x00, 0x04, 0x2B, 0x30, 0x31, 0x13,
		0x33, 0x11, 0x21, 0x11, 0x33, 0x11, 0x23, 0x15, 0x21, 0x35, 0x23, 0x13,
		0x33, 0x35, 0x33, 0x15, 0x33, 0x15, 0x23, 0x32, 0x64, 0x01, 0x2C, 0x64,
		0x32, 0xFE, 0x70, 0x32, 0x96, 0x32, 0x64, 0x32, 0xC8, 0x02, 0x26, 0xFE,
		0x3E, 0x01, 0xC2, 0xFE, 0x0C, 0x32, 0x32, 0x02, 0x58, 0x32, 0x32, 0x32,
		0x00, 0x03, 0x00, 0x32, 0x00, 0x00, 0x02, 0x26, 0x02, 0xBC, 0x00, 0x0B,
		0x00, 0x0F, 0x00, 0x13, 0x00, 0x5F, 0xB8, 0x00, 0x14, 0x2F, 0xB8, 0x00,
		0x03, 0x2F, 0xB8, 0x00, 0x14, 0x10, 0xB8, 0x00, 0x00, 0xD0, 0xB8, 0x00,
		0x00, 0x2F, 0xB8, 0x00, 0x01, 0xDC, 0xB8, 0x00, 0x03, 0x10, 0xB8, 0x00,
		0x06, 0xDC, 0xB8, 0x00, 0x01, 0x10, 0xB8, 0x00, 0x0C, 0xD0, 0xB8, 0x00,
		0x03, 0x10, 0xB8, 0x00, 0x11, 0xD0, 0xB8, 0x00, 0x06, 0x10, 0xB8, 0x00,
		0x15, 0xDC, 0x00, 0xBB, 0x00, 0x03, 0x00, 0x01, 0x00, 0x08, 0x00, 0x04,
		0x2B, 0xBB, 0x00, 0x0D, 0x00, 0x01, 0x00, 0x0E, 0x00, 0x04, 0x2B, 0xB8,
		0x00, 0x0D, 0x10, 0xB8, 0x00, 0x10, 0xD0, 0xB8, 0x00, 0x0E, 0x10, 0xB8,
		0x00, 0x12, 0xD0, 0x30, 0x31, 0x13, 0x33, 0x11, 0x21, 0x11, 0x33, 0x11,
		0x23, 0x15, 0x21, 0x35, 0x23, 0x13, 0x33, 0x15, 0x23, 0x37, 0x33, 0x15,
		0x23, 0x32, 0x64, 0x01, 0x2C, 0x64, 0x32, 0xFE, 0x70, 0x32, 0x64, 0x64,
		0x64, 0xC8, 0x64, 0x64, 0x02, 0x26, 0xFE, 0x3E, 0x01, 0xC2, 0xFE, 0x0C,
		0x32, 0x32, 0x02, 0x8A, 0x64, 0x64, 0x64, 0x00, 0x00, 0x02, 0x00, 0x32,
		0x00, 0x00, 0x02, 0x26, 0x02, 0xBC, 0x00, 0x1F, 0x00, 0x27, 0x00, 0xDF,
		0xB8, 0x00, 0x28, 0x2F, 0xB8, 0x00, 0x00, 0xD0, 0xB8, 0x00, 0x00, 0x2F,
		0xB8, 0x00, 0x01, 0xDC, 0xB8, 0x00, 0x00, 0x10, 0xB8, 0x00, 0x05, 0xDC,
		0x41, 0x03, 0x00, 0xDF, 0x00, 0x05, 0x00, 0x01, 0x5D, 0x41, 0x03, 0x00,
		0x90, 0x00, 0x05, 0x00, 0x01, 0x5D, 0x41, 0x03, 0x00, 0x40, 0x00, 0x05,
		0x00, 0x01, 0x5D, 0xB8, 0x00, 0x08, 0xDC, 0xB8, 0x00, 0x05, 0x10, 0xB8,
		0x00, 0x0B, 0xDC, 0x41, 0x03, 0x00, 0xDF, 0x00, 0x0B, 0x00, 0x01, 0x5D,
		0x41, 0x03, 0x00, 0x90, 0x00, 0x0B, 0x00, 0x01, 0x5D, 0x41, 0x03, 0x00,
		0x40, 0x00, 0x0B, 0x00, 0x01, 0x5D, 0xB8, 0x00, 0x0E, 0xDC, 0xB8, 0x00,
		0x0B, 0x10, 0xB8, 0x00, 0x11, 0xD0, 0xB8, 0x00, 0x08, 0x10, 0xB8, 0x00,
		0x15, 0xD0, 0xB8, 0x00, 0x05, 0x10, 0xB8, 0x00, 0x17, 0xD0, 0xB8, 0x00,
		0x01, 0x10, 0xB8, 0x00, 0x1B, 0xD0, 0xB8, 0x00, 0x05, 0x10, 0xB8, 0x00,
		0x21, 0xD0, 0xB8, 0x00, 0x08, 0x10, 0xB8, 0x00, 0x25, 0xD0, 0xB8, 0x00,
		0x0E, 0x10, 0xB8, 0x00, 0x29, 0xDC, 0x00, 0xBB, 0x00, 0x23, 0x00, 0x01,
		0x00, 0x26, 0x00, 0x04, 0x2B, 0xBB, 0x00, 0x06, 0x00, 0x01, 0x00, 0x18,
		0x00, 0x04, 0x2B, 0xBB, 0x00, 0x01, 0x00, 0x01, 0x00, 0x02, 0x00, 0x04,
		0x2B, 0xB8, 0x00, 0x02, 0x10, 0xB8, 0x00, 0x0A, 0xD0, 0xB8, 0x00, 0x01,
		0x10, 0xB8, 0x00, 0x0C, 0xD0, 0xB8, 0x00, 0x06, 0x10, 0xB8, 0x00, 0x10,
		0xD0, 0xB8, 0x00, 0x18, 0x10, 0xB8, 0x00, 0x14, 0xD0, 0xB8, 0x00, 0x06,
		0x10, 0xB8, 0x00, 0x1C, 0xD0, 0x30, 0x31, 0x13, 0x33, 0x15, 0x33, 0x15,
		0x33, 0x15, 0x33, 0x35, 0x33, 0x35, 0x33, 0x35, 0x33, 0x15, 0x23, 0x15,
		0x23, 0x15, 0x23, 0x15, 0x23, 0x15, 0x23, 0x35, 0x23, 0x35, 0x23, 0x35,
		0x23, 0x35, 0x23, 0x13, 0x33, 0x35, 0x33, 0x15, 0x23, 0x15, 0x23, 0x32,
		0x64, 0x32, 0x32, 0x64, 0x32, 0x32, 0x64, 0x32, 0x32, 0x32, 0x32, 0x64,
		0x32, 0x32, 0x32, 0x32, 0x96, 0x32, 0x96, 0x32, 0x96, 0x02, 0x26, 0x96,
		0x32, 0x32, 0x32, 0x32, 0x96, 0xC8, 0x32, 0x32, 0x32, 0xC8, 0xC8, 0x32,
		0x32, 0x32, 0x01, 0x2C, 0x32, 0x32, 0x32, 0x00, 0x00, 0x02, 0x00, 0x32,
		0x00, 0x00, 0x02, 0x26, 0x02, 0x58, 0x00, 0x0B, 0x00, 0x0F, 0x00, 0x4F,
		0xB8, 0x00, 0x10, 0x2F, 0xB8, 0x00, 0x0D, 0x2F, 0xB8, 0x00, 0x10, 0x10,
		0xB8, 0x00, 0x00, 0xD0, 0xB8, 0x00, 0x00, 0x2F, 0xB8, 0x00, 0x01, 0xDC,
		0xB8, 0x00, 0x0D, 0x10, 0xB8, 0x00, 0x06, 0xDC, 0xB8, 0x00, 0x01, 0x10,
		0xB8, 0x00, 0x09, 0xD0, 0xB8, 0x00, 0x01, 0x10, 0xB8, 0x00, 0x0C, 0xD0,
		0xB8, 0x00, 0x06, 0x10, 0xB8, 0x00, 0x11, 0xDC, 0x00, 0xBB, 0x00, 0x0D,
		0x00, 0x01, 0x00, 0x08, 0x00, 0x04, 0x2B, 0xBB, 0x00, 0x03, 0x00, 0x01,
		0x00, 0x0E, 0x00, 0x04, 0x2B, 0x30, 0x31, 0x13, 0x33, 0x15, 0x21, 0x15,
		0x33, 0x11, 0x23, 0x15, 0x21, 0x15, 0x23, 0x37, 0x21, 0x35, 0x21, 0x32,
		0x64, 0x01, 0x5E, 0x32, 0x32, 0xFE, 0xA2, 0x64, 0x64, 0x01, 0x2C, 0xFE,
		0xD4, 0x02, 0x58, 0x64, 0x32, 0xFE, 0xD4, 0x32, 0x64, 0xC8, 0xC8, 0x00,
		0x00, 0x01, 0x00, 0x32, 0x00, 0x00, 0x02, 0x26, 0x02, 0x58, 0x00, 0x1F,
		0x00, 0xD7, 0xB8, 0x00, 0x20, 0x2F, 0xB8, 0x00, 0x00, 0xD0, 0xB8, 0x00,
		0x00, 0x2F, 0xB8, 0x00, 0x03, 0xDC, 0xB8, 0x00, 0x00, 0x10, 0xB8, 0x00,
		0x18, 0xDC, 0x41, 0x03, 0x00, 0x0F, 0x00, 0x18, 0x00, 0x01, 0x5D, 0x41,
		0x03, 0x00, 0x90, 0x00, 0x18, 0x00, 0x01, 0x5D, 0x41, 0x05, 0x00, 0x10,
		0x00, 0x18, 0x00, 0x20, 0x00, 0x18, 0x00, 0x02, 0x5D, 0xB8, 0x00, 0x16,
		0xDC, 0x41, 0x03, 0x00, 0x0F, 0x00, 0x16, 0x00, 0x01, 0x5D, 0x41, 0x05,
		0x00, 0x10, 0x00, 0x16, 0x00, 0x20, 0x00, 0x16, 0x00, 0x02, 0x5D, 0x41,
		0x03, 0x00, 0x90, 0x00, 0x16, 0x00, 0x01, 0x5D, 0xB8, 0x00, 0x05, 0xD0,
		0xB8, 0x00, 0x16, 0x10, 0xB8, 0x00, 0x09, 0xD0, 0xB8, 0x00, 0x16, 0x10,
		0xB8, 0x00, 0x0D, 0xDC, 0xB8, 0x00, 0x18, 0x10, 0xB8, 0x00, 0x13, 0xD0,
		0xB8, 0x00, 0x18, 0x10, 0xB8, 0x00, 0x19, 0xDC, 0xB8, 0x00, 0x18, 0x10,
		0xB8, 0x00, 0x1B, 0xD0, 0xB8, 0x00, 0x03, 0x10, 0xB8, 0x00, 0x1D, 0xD0,
		0xB8, 0x00, 0x0D, 0x10, 0xB8, 0x00, 0x21, 0xDC, 0x00, 0xBB, 0x00, 0x15,
		0x00, 0x01, 0x00, 0x10, 0x00, 0x04, 0x2B, 0xBB, 0x00, 0x04, 0x00, 0x01,
		0x00, 0x01, 0x00, 0x04, 0x2B, 0xBB, 0x00, 0x08, 0x00, 0x01, 0x00, 0x0C,
		0x00, 0x04, 0x2B, 0xB8, 0x00, 0x0C, 0x10, 0xB8, 0x00, 0x16, 0xD0, 0xB8,
		0x00, 0x08, 0x10, 0xB8, 0x00, 0x18, 0xD0, 0xB8, 0x00, 0x01, 0x10, 0xB8,
		0x00, 0x1A, 0xD0, 0xB8, 0x00, 0x10, 0x10, 0xB8, 0x00, 0x1E, 0xD0, 0x30,
		0x31, 0x13, 0x33, 0x35, 0x33, 0x35, 0x21, 0x15, 0x33, 0x15, 0x23, 0x15,
		0x33, 0x15, 0x33, 0x15, 0x23, 0x15, 0x23, 0x35, 0x23, 0x35, 0x33, 0x35,
		0x23, 0x35, 0x33, 0x35, 0x23, 0x15, 0x23, 0x11, 0x23, 0x32, 0x32, 0x32,
		0x01, 0x2C, 0x32, 0x32, 0x32, 0x32, 0x32, 0xFA, 0x32, 0xFA, 0xFA, 0xC8,
		0xC8, 0x32, 0x64, 0x01, 0xF4, 0x32, 0x32, 0x32, 0xC8, 0x32, 0x32, 0xC8,
		0x32, 0x32, 0x32, 0x96, 0x64, 0x96, 0x32, 0xFE, 0x3E, 0x00, 0x00, 0x00,
		0x00, 0x03, 0x00, 0x32, 0x00, 0x00, 0x01, 0xC2, 0x02, 0xBC, 0x00, 0x0D,
		0x00, 0x11, 0x00, 0x19, 0x00, 0x67, 0xB8, 0x00, 0x1A, 0x2F, 0xB8, 0x00,
		0x0C, 0x2F, 0xB8, 0x00, 0x03, 0xDC, 0xB8, 0x00, 0x1A, 0x10, 0xB8, 0x00,
		0x07, 0xD0, 0xB8, 0x00, 0x07, 0x2F, 0xB8, 0x00, 0x0E, 0xDC, 0xB8, 0x00,
		0x0C, 0x10, 0xB8, 0x00, 0x0F, 0xD0, 0xB8, 0x00, 0x0E, 0x10, 0xB8, 0x00,
		0x12, 0xD0, 0xB8, 0x00, 0x0C, 0x10, 0xB8, 0x00, 0x15, 0xD0, 0xB8, 0x00,
		0x03, 0x10, 0xB8, 0x00, 0x1B, 0xDC, 0x00, 0xBB, 0x00, 0x0F, 0x00, 0x01,
		0x00, 0x04, 0x00, 0x04, 0x2B, 0xBB, 0x00, 0x13, 0x00, 0x01, 0x00, 0x16,
		0x00, 0x04, 0x2B, 0xBB, 0x00, 0x0B, 0x00, 0x01, 0x00, 0x10, 0x00, 0x04,
		0x2B, 0xBB, 0x00, 0x01, 0x00, 0x01, 0x00, 0x0C, 0x00, 0x04, 0x2B, 0x30,
		0x31, 0x13, 0x21, 0x15, 0x33, 0x11, 0x21, 0x35, 0x23, 0x35, 0x33, 0x35,
		0x33, 0x35, 0x23, 0x13, 0x33, 0x35, 0x23, 0x11, 0x33, 0x15, 0x33, 0x15,
		0x23, 0x35, 0x23, 0x64, 0x01, 0x2C, 0x32, 0xFE, 0xA2, 0x32, 0x32, 0xFA,
		0xFA, 0x32, 0xC8, 0xC8, 0x96, 0x32, 0x96, 0x32, 0x01, 0xF4, 0x32, 0xFE,
		0x3E, 0x32, 0xC8, 0x32, 0x64, 0xFE, 0xD4, 0x64, 0x01, 0xF4, 0x32, 0x32,
		0x32, 0x00, 0x00, 0x00, 0x00, 0x03, 0x00, 0x32, 0x00, 0x00, 0x01, 0xC2,
		0x02, 0xBC, 0x00, 0x0D, 0x00, 0x11, 0x00, 0x19, 0x00, 0x67, 0xB8, 0x00,
		0x1A, 0x2F, 0xB8, 0x00, 0x0C, 0x2F, 0xB8, 0x00, 0x03, 0xDC, 0xB8, 0x00,
		0x1A, 0x10, 0xB8, 0x00, 0x07, 0xD0, 0xB8, 0x00, 0x07, 0x2F, 0xB8, 0x00,
		0x0E, 0xDC, 0xB8, 0x00, 0x0C, 0x10, 0xB8, 0x00, 0x0F, 0xD0, 0xB8, 0x00,
		0x0E, 0x10, 0xB8, 0x00, 0x12, 0xD0, 0xB8, 0x00, 0x0C, 0x10, 0xB8, 0x00,
		0x15, 0xD0, 0xB8, 0x00, 0x03, 0x10, 0xB8, 0x00, 0x1B, 0xDC, 0x00, 0xBB,
		0x00, 0x0F, 0x00, 0x01, 0x00, 0x04, 0x00, 0x04, 0x2B, 0xBB, 0x00, 0x15,
		0x00, 0x01, 0x00, 0x18, 0x00, 0x04, 0x2B, 0xBB, 0x00, 0x0B, 0x00, 0x01,
		0x00, 0x10, 0x00, 0x04, 0x2B, 0xBB, 0x00, 0x01, 0x00, 0x01, 0x00, 0x0C,
		0x00, 0x04, 0x2B, 0x30, 0x31, 0x13, 0x21, 0x15, 0x33, 0x11, 0x21, 0x35,
		0x23, 0x35, 0x33, 0x35, 0x33, 0x35, 0x23, 0x13, 0x33, 0x35, 0x23, 0x11,
		0x33, 0x35, 0x33, 0x15, 0x23, 0x15, 0x23, 0x64, 0x01, 0x2C, 0x32, 0xFE,
		0xA2, 0x32, 0x32, 0xFA, 0xFA, 0x32, 0xC8, 0xC8, 0x32, 0x96, 0x32, 0x96,
		0x01, 0xF4, 0x32, 0xFE, 0x3E, 0x32, 0xC8, 0x32, 0x64, 0xFE, 0xD4, 0x64,
		0x01, 0xC2, 0x32, 0x32, 0x32, 0x00, 0x00, 0x00, 0x00, 0x03, 0x00, 0x32,
		0x00, 0x00, 0x01, 0xC2, 0x02, 0xBC, 0x00, 0x0D, 0x00, 0x11, 0x00, 0x19,
		0x00, 0x67, 0xB8, 0x00, 0x1A, 0x2F, 0xB8, 0x00, 0x0C, 0x2F, 0xB8, 0x00,
		0x03, 0xDC, 0xB8, 0x00, 0x1A, 0x10, 0xB8, 0x00, 0x07, 0xD0, 0xB8, 0x00,
		0x07, 0x2F, 0xB8, 0x00, 0x0E, 0xDC, 0xB8, 0x00, 0x0C, 0x10, 0xB8, 0x00,
		0x0F, 0xD0, 0xB8, 0x00, 0x0E, 0x10, 0xB8, 0x00, 0x12, 0xD0, 0xB8, 0x00,
		0x0C, 0x10, 0xB8, 0x00, 0x17, 0xD0, 0xB8, 0x00, 0x03, 0x10, 0xB8, 0x00,
		0x1B, 0xDC, 0x00, 0xBB, 0x00, 0x0F, 0x00, 0x01, 0x00, 0x04, 0x00, 0x04,
		0x2B, 0xBB, 0x00, 0x15, 0x00, 0x01, 0x00, 0x18, 0x00, 0x04, 0x2B, 0xBB,
		0x00, 0x0B, 0x00, 0x01, 0x00, 0x10, 0x00, 0x04, 0x2B, 0xBB, 0x00, 0x01,
		0x00, 0x01, 0x00, 0x0C, 0x00, 0x04, 0x2B, 0x30, 0x31, 0x13, 0x21, 0x15,
		0x33, 0x11, 0x21, 0x35, 0x23, 0x35, 0x33, 0x35, 0x33, 0x35, 0x23, 0x13,
		0x33, 0x35, 0x23, 0x11, 0x33, 0x35, 0x33, 0x15, 0x33, 0x15, 0x23, 0x64,
		0x01, 0x2C, 0x32, 0xFE, 0xA2, 0x32, 0x32, 0xFA, 0xFA, 0x32, 0xC8, 0xC8,
		0x32, 0x64, 0x32, 0xC8, 0x01, 0xF4, 0x32, 0xFE, 0x3E, 0x32, 0xC8, 0x32,
		0x64, 0xFE, 0xD4, 0x64, 0x01, 0xC2, 0x32, 0x32, 0x32, 0x00, 0x00, 0x00,
		0x00, 0x03, 0x00, 0x32, 0x00, 0x00, 0x01, 0xC2, 0x02, 0xBC, 0x00, 0x0D,
		0x00, 0x19, 0x00, 0x1D, 0x00, 0x73, 0xB8, 0x00, 0x1E, 0x2F, 0xB8, 0x00,
		0x0C, 0x2F, 0xB8, 0x00, 0x03, 0xDC, 0xB8, 0x00, 0x1E, 0x10, 0xB8, 0x00,
		0x07, 0xD0, 0xB8, 0x00, 0x07, 0x2F, 0xB8, 0x00, 0x1A, 0xDC, 0xB8, 0x00,
		0x0E, 0xD0, 0xB8, 0x00, 0x0C, 0x10, 0xB8, 0x00, 0x11, 0xD0, 0xB8, 0x00,
		0x0C, 0x10, 0xB8, 0x00, 0x1B, 0xD0, 0xB8, 0x00, 0x03, 0x10, 0xB8, 0x00,
		0x1F, 0xDC, 0x00, 0xBB, 0x00, 0x1B, 0x00, 0x01, 0x00, 0x04, 0x00, 0x04,
		0x2B, 0xBB, 0x00, 0x13, 0x00, 0x01, 0x00, 0x14, 0x00, 0x04, 0x2B, 0xBB,
		0x00, 0x0B, 0x00, 0x01, 0x00, 0x1C, 0x00, 0x04, 0x2B, 0xBB, 0x00, 0x01,
		0x00, 0x01, 0x00, 0x0C, 0x00, 0x04, 0x2B, 0xB8, 0x00, 0x13, 0x10, 0xB8,
		0x00, 0x0E, 0xD0, 0xB8, 0x00, 0x14, 0x10, 0xB8, 0x00, 0x18, 0xD0, 0x30,
		0x31, 0x13, 0x21, 0x15, 0x33, 0x11, 0x21, 0x35, 0x23, 0x35, 0x33, 0x35,
		0x33, 0x35, 0x23, 0x13, 0x33, 0x15, 0x33, 0x35, 0x33, 0x15, 0x23, 0x35,
		0x23, 0x15, 0x23, 0x11, 0x33, 0x35, 0x23, 0x64, 0x01, 0x2C, 0x32, 0xFE,
		0xA2, 0x32, 0x32, 0xFA, 0xFA, 0x32, 0x96, 0x32, 0x32, 0x96, 0x32, 0x32,
		0xC8, 0xC8, 0x01, 0xF4, 0x32, 0xFE, 0x3E, 0x32, 0xC8, 0x32, 0x64, 0x01,
		0x2C, 0x32, 0x32, 0x64, 0x32, 0x32, 0xFE, 0x0C, 0x64, 0x00, 0x00, 0x00,
		0x00, 0x04, 0x00, 0x32, 0x00, 0x00, 0x01, 0xC2, 0x02, 0xBC, 0x00, 0x0D,
		0x00, 0x11, 0x00, 0x15, 0x00, 0x19, 0x00, 0x67, 0xB8, 0x00, 0x1A, 0x2F,
		0xB8, 0x00, 0x0C, 0x2F, 0xB8, 0x00, 0x03, 0xDC, 0xB8, 0x00, 0x1A, 0x10,
		0xB8, 0x00, 0x07, 0xD0, 0xB8, 0x00, 0x07, 0x2F, 0xB8, 0x00, 0x0E, 0xDC,
		0xB8, 0x00, 0x0C, 0x10, 0xB8, 0x00, 0x0F, 0xD0, 0xB8, 0x00, 0x03, 0x10,
		0xB8, 0x00, 0x1B, 0xDC, 0x00, 0xBB, 0x00, 0x0F, 0x00, 0x01, 0x00, 0x04,
		0x00, 0x04, 0x2B, 0xBB, 0x00, 0x13, 0x00, 0x01, 0x00, 0x14, 0x00, 0x04,
		0x2B, 0xBB, 0x00, 0x0B, 0x00, 0x01, 0x00, 0x10, 0x00, 0x04, 0x2B, 0xBB,
		0x00, 0x01, 0x00, 0x01, 0x00, 0x0C, 0x00, 0x04, 0x2B, 0xB8, 0x00, 0x13,
		0x10, 0xB8, 0x00, 0x16, 0xD0, 0xB8, 0x00, 0x14, 0x10, 0xB8, 0x00, 0x18,
		0xD0, 0x30, 0x31, 0x13, 0x21, 0x15, 0x33, 0x11, 0x21, 0x35, 0x23, 0x35,
		0x33, 0x35, 0x33, 0x35, 0x23, 0x13, 0x33, 0x35, 0x23, 0x03, 0x33, 0x15,
		0x23, 0x37, 0x33, 0x15, 0x23, 0x64, 0x01, 0x2C, 0x32, 0xFE, 0xA2, 0x32,
		0x32, 0xFA, 0xFA, 0x32, 0xC8, 0xC8, 0x32, 0x64, 0x64, 0xC8, 0x64, 0x64,
		0x01, 0xF4, 0x32, 0xFE, 0x3E, 0x32, 0xC8, 0x32, 0x64, 0xFE, 0xD4, 0x64,
		0x01, 0xF4, 0x64, 0x64, 0x64, 0x00, 0x00, 0x00, 0x00, 0x04, 0x00, 0x32,
		0x00, 0x00, 0x01, 0xC2, 0x02, 0xBC, 0x00, 0x0D, 0x00, 0x19, 0x00, 0x1D,
		0x00, 0x21, 0x01, 0x01, 0xB8, 0x00, 0x22, 0x2F, 0xB8, 0x00, 0x07, 0xD0,
		0xB8, 0x00, 0x07, 0x2F, 0xB8, 0x00, 0x0F, 0xDC, 0x41, 0x03, 0x00, 0xEF,
		0x00, 0x0F, 0x00, 0x01, 0x5D, 0x41, 0x03, 0x00, 0x0F, 0x00, 0x0F, 0x00,
		0x01, 0x5D, 0x41, 0x05, 0x00, 0x10, 0x00, 0x0F, 0x00, 0x20, 0x00, 0x0F,
		0x00, 0x02, 0x5D, 0x41, 0x03, 0x00, 0x80, 0x00, 0x0F, 0x00, 0x01, 0x5D,
		0xB8, 0x00, 0x0C, 0xDC, 0x41, 0x03, 0x00, 0x0F, 0x00, 0x0C, 0x00, 0x01,
		0x5D, 0x41, 0x03, 0x00, 0xEF, 0x00, 0x0C, 0x00, 0x01, 0x5D, 0x41, 0x05,
		0x00, 0x10, 0x00, 0x0C, 0x00, 0x20, 0x00, 0x0C, 0x00, 0x02, 0x5D, 0x41,
		0x03, 0x00, 0x80, 0x00, 0x0C, 0x00, 0x01, 0x5D, 0xB8, 0x00, 0x03, 0xDC,
		0xB8, 0x00, 0x0F, 0x10, 0xB8, 0x00, 0x12, 0xDC, 0xB8, 0x00, 0x0C, 0x10,
		0xB8, 0x00, 0x13, 0xD0, 0xB8, 0x00, 0x0F, 0x10, 0xB8, 0x00, 0x17, 0xD0,
		0xB8, 0x00, 0x07, 0x10, 0xB8, 0x00, 0x1A, 0xDC, 0xB8, 0x00, 0x19, 0xD0,
		0xB8, 0x00, 0x0C, 0x10, 0xB8, 0x00, 0x1B, 0xD0, 0xB8, 0x00, 0x12, 0x10,
		0xB8, 0x00, 0x1E, 0xD0, 0xB8, 0x00, 0x0F, 0x10, 0xB8, 0x00, 0x20, 0xD0,
		0xB8, 0x00, 0x03, 0x10, 0xB8, 0x00, 0x23, 0xDC, 0x00, 0xBB, 0x00, 0x1B,
		0x00, 0x01, 0x00, 0x04, 0x00, 0x04, 0x2B, 0xBB, 0x00, 0x10, 0x00, 0x01,
		0x00, 0x0F, 0x00, 0x04, 0x2B, 0xBB, 0x00, 0x15, 0x00, 0x01, 0x00, 0x16,
		0x00, 0x04, 0x2B, 0xBB, 0x00, 0x0B, 0x00, 0x01, 0x00, 0x1C, 0x00, 0x04,
		0x2B, 0xBB, 0x00, 0x01, 0x00, 0x01, 0x00, 0x0C, 0x00, 0x04, 0x2B, 0xB8,
		0x00, 0x0F, 0x10, 0xB8, 0x00, 0x12, 0xD0, 0xB8, 0x00, 0x15, 0x10, 0xB8,
		0x00, 0x18, 0xD0, 0xB8, 0x00, 0x0F, 0x10, 0xB8, 0x00, 0x1E, 0xD0, 0xB8,
		0x00, 0x15, 0x10, 0xB8, 0x00, 0x1F, 0xD0, 0x30, 0x31, 0x13, 0x21, 0x15,
		0x33, 0x11, 0x21, 0x35, 0x23, 0x35, 0x33, 0x35, 0x33, 0x35, 0x23, 0x37,
		0x33, 0x35, 0x33, 0x15, 0x33, 0x15, 0x23, 0x15, 0x23, 0x35, 0x23, 0x11,
		0x33, 0x35, 0x23, 0x13, 0x15, 0x23, 0x35, 0x64, 0x01, 0x2C, 0x32, 0xFE,
		0xA2, 0x32, 0x32, 0xFA, 0xFA, 0x32, 0x32, 0x64, 0x32, 0x32, 0x64, 0x32,
		0xC8, 0xC8, 0x96, 0x64, 0x01, 0xF4, 0x32, 0xFE, 0x3E, 0x32, 0xC8, 0x32,
		0x64, 0xFA, 0x32, 0x32, 0x32, 0x32, 0x32, 0xFE, 0x0C, 0x64, 0x01, 0xC2,
		0x32, 0x32, 0x00, 0x00, 0x00, 0x03, 0x00, 0x32, 0x00, 0x00, 0x02, 0xEE,
		0x01, 0xF4, 0x00, 0x11, 0x00, 0x15, 0x00, 0x19, 0x00, 0xA5, 0xB8, 0x00,
		0x1A, 0x2F, 0xB8, 0x00, 0x0B, 0xD0, 0xB8, 0x00, 0x0B, 0x2F, 0xB8, 0x00,
		0x0F, 0xDC, 0x41, 0x03, 0x00, 0x30, 0x00, 0x0F, 0x00, 0x01, 0x5D, 0x41,
		0x03, 0x00, 0x60, 0x00, 0x0F, 0x00, 0x01, 0x5D, 0xB8, 0x00, 0x02, 0xDC,
		0x41, 0x03, 0x00, 0x60, 0x00, 0x02, 0x00, 0x01, 0x5D, 0x41, 0x03, 0x00,
		0x30, 0x00, 0x02, 0x00, 0x01, 0x5D, 0xB8, 0x00, 0x03, 0xDC, 0xB8, 0x00,
		0x0B, 0x10, 0xB8, 0x00, 0x12, 0xDC, 0xB8, 0x00, 0x0F, 0x10, 0xB8, 0x00,
		0x13, 0xD0, 0xB8, 0x00, 0x0F, 0x10, 0xB8, 0x00, 0x16, 0xDC, 0xB8, 0x00,
		0x02, 0x10, 0xB8, 0x00, 0x17, 0xD0, 0xB8, 0x00, 0x03, 0x10, 0xB8, 0x00,
		0x1B, 0xDC, 0x00, 0xBB, 0x00, 0x07, 0x00, 0x01, 0x00, 0x08, 0x00, 0x04,
		0x2B, 0xBB, 0x00, 0x00, 0x00, 0x01, 0x00, 0x11, 0x00, 0x04, 0x2B, 0xBB,
		0x00, 0x17, 0x00, 0x01, 0x00, 0x04, 0x00, 0x04, 0x2B, 0xB8, 0x00, 0x17,
		0x10, 0xB8, 0x00, 0x0E, 0xD0, 0xB8, 0x00, 0x07, 0x10, 0xB8, 0x00, 0x12,
		0xD0, 0xB8, 0x00, 0x04, 0x10, 0xB8, 0x00, 0x14, 0xD0, 0xB8, 0x00, 0x11,
		0x10, 0xB8, 0x00, 0x18, 0xD0, 0x30, 0x31, 0x13, 0x21, 0x15, 0x33, 0x15,
		0x21, 0x15, 0x33, 0x15, 0x21, 0x35, 0x23, 0x35, 0x33, 0x35, 0x33, 0x35,
		0x23, 0x13, 0x33, 0x35, 0x23, 0x25, 0x33, 0x35, 0x23, 0x64, 0x02, 0x26,
		0x64, 0xFE, 0xD4, 0xFA, 0xFD, 0xA8, 0x32, 0x32, 0xFA, 0xFA, 0x32, 0xC8,
		0xC8, 0x01, 0x2C, 0xC8, 0xC8, 0x01, 0xF4, 0x32, 0xFA, 0x64, 0x64, 0x32,
		0xC8, 0x32, 0x64, 0xFE, 0xD4, 0x64, 0x64, 0x64, 0x00, 0x01, 0x00, 0x32,
		0xFF, 0x9B, 0x01, 0xC2, 0x02, 0x57, 0x00, 0x15, 0x00, 0x51, 0xB8, 0x00,
		0x16, 0x2F, 0xB8, 0x00, 0x12, 0x2F, 0xB8, 0x00, 0x16, 0x10, 0xB8, 0x00,
		0x00, 0xD0, 0xB8, 0x00, 0x00, 0x2F, 0xB8, 0x00, 0x05, 0xDC, 0xB8, 0x00,
		0x12, 0x10, 0xB8, 0x00, 0x09, 0xDC, 0xB8, 0x00, 0x05, 0x10, 0xB8, 0x00,
		0x0D, 0xD0, 0x00, 0xBB, 0x00, 0x0F, 0x00, 0x01, 0x00, 0x0C, 0x00, 0x04,
		0x2B, 0xBB, 0x00, 0x03, 0x00, 0x01, 0x00, 0x04, 0x00, 0x04, 0x2B, 0xBB,
		0x00, 0x07, 0x00, 0x01, 0x00, 0x08, 0x00, 0x04, 0x2B, 0xB8, 0x00, 0x08,
		0x10, 0xB8, 0x00, 0x12, 0xD0, 0x30, 0x31, 0x13, 0x33, 0x35, 0x21, 0x15,
		0x21, 0x11, 0x21, 0x15, 0x23, 0x15, 0x23, 0x15, 0x23, 0x35, 0x33, 0x35,
		0x23, 0x35, 0x23, 0x35, 0x23, 0x32, 0x32, 0x01, 0x5E, 0xFE, 0xD4, 0x01,
		0x2C, 0x64, 0x32, 0x96, 0x96, 0x64, 0x64, 0x32, 0x02, 0x25, 0x32, 0x64,
		0xFE, 0xD4, 0x64, 0x96, 0x32, 0x64, 0x32, 0x32, 0x32, 0x00, 0x00, 0x00,
		0x00, 0x03, 0x00, 0x32, 0x00, 0x00, 0x01, 0xC2, 0x02, 0xBC, 0x00, 0x0D,
		0x00, 0x11, 0x00, 0x19, 0x00, 0x6B, 0xB8, 0x00, 0x1A, 0x2F, 0xB8, 0x00,
		0x0F, 0x2F, 0xB8, 0x00, 0x1A, 0x10, 0xB8, 0x00, 0x00, 0xD0, 0xB8, 0x00,
		0x00, 0x2F, 0xB8, 0x00, 0x0F, 0x10, 0xB8, 0x00, 0x06, 0xDC, 0xB8, 0x00,
		0x00, 0x10, 0xB8, 0x00, 0x11, 0xDC, 0xB8, 0x00, 0x07, 0xD0, 0xB8, 0x00,
		0x11, 0x10, 0xB8, 0x00, 0x12, 0xD0, 0xB8, 0x00, 0x0F, 0x10, 0xB8, 0x00,
		0x15, 0xD0, 0xB8, 0x00, 0x06, 0x10, 0xB8, 0x00, 0x1B, 0xDC, 0x00, 0xBB,
		0x00, 0x09, 0x00, 0x01, 0x00, 0x0A, 0x00, 0x04, 0x2B, 0xBB, 0x00, 0x13,
		0x00, 0x01, 0x00, 0x16, 0x00, 0x04, 0x2B, 0xBB, 0x00, 0x0F, 0x00, 0x01,
		0x00, 0x06, 0x00, 0x04, 0x2B, 0xBB, 0x00, 0x03, 0x00, 0x01, 0x00, 0x10,
		0x00, 0x04, 0x2B, 0x30, 0x31, 0x13, 0x33, 0x35, 0x21, 0x15, 0x33, 0x15,
		0x21, 0x15, 0x33, 0x15, 0x21, 0x35, 0x23, 0x37, 0x33, 0x35, 0x23, 0x11,
		0x33, 0x15, 0x33, 0x15, 0x23, 0x35, 0x23, 0x32, 0x32, 0x01, 0x2C, 0x32,
		0xFE, 0xD4, 0xFA, 0xFE, 0xD4, 0x32, 0x64, 0xC8, 0xC8, 0x96, 0x32, 0x96,
		0x32, 0x01, 0xC2, 0x32, 0x32, 0xFA, 0x64, 0x64, 0x32, 0xFA, 0x64, 0x01,
		0x2C, 0x32, 0x32, 0x32, 0x00, 0x03, 0x00, 0x32, 0x00, 0x00, 0x01, 0xC2,
		0x02, 0xBC, 0x00, 0x0D, 0x00, 0x11, 0x00, 0x19, 0x00, 0x6B, 0xB8, 0x00,
		0x1A, 0x2F, 0xB8, 0x00, 0x0F, 0x2F, 0xB8, 0x00, 0x1A, 0x10, 0xB8, 0x00,
		0x00, 0xD0, 0xB8, 0x00, 0x00, 0x2F, 0xB8, 0x00, 0x0F, 0x10, 0xB8, 0x00,
		0x06, 0xDC, 0xB8, 0x00, 0x00, 0x10, 0xB8, 0x00, 0x11, 0xDC, 0xB8, 0x00,
		0x07, 0xD0, 0xB8, 0x00, 0x11, 0x10, 0xB8, 0x00, 0x12, 0xD0, 0xB8, 0x00,
		0x0F, 0x10, 0xB8, 0x00, 0x15, 0xD0, 0xB8, 0x00, 0x06, 0x10, 0xB8, 0x00,
		0x1B, 0xDC, 0x00, 0xBB, 0x00, 0x09, 0x00, 0x01, 0x00, 0x0A, 0x00, 0x04,
		0x2B, 0xBB, 0x00, 0x15, 0x00, 0x01, 0x00, 0x18, 0x00, 0x04, 0x2B, 0xBB,
		0x00, 0x0F, 0x00, 0x01, 0x00, 0x06, 0x00, 0x04, 0x2B, 0xBB, 0x00, 0x03,
		0x00, 0x01, 0x00, 0x10, 0x00, 0x04, 0x2B, 0x30, 0x31, 0x13, 0x33, 0x35,
		0x21, 0x15, 0x33, 0x15, 0x21, 0x15, 0x33, 0x15, 0x21, 0x35, 0x23, 0x37,
		0x33, 0x35, 0x23, 0x35, 0x33, 0x35, 0x33, 0x15, 0x23, 0x15, 0x23, 0x32,
		0x32, 0x01, 0x2C, 0x32, 0xFE, 0xD4, 0xFA, 0xFE, 0xD4, 0x32, 0x64, 0xC8,
		0xC8, 0x32, 0x96, 0x32, 0x96, 0x01, 0xC2, 0x32, 0x32, 0xFA, 0x64, 0x64,
		0x32, 0xFA, 0x64, 0xFA, 0x32, 0x32, 0x32, 0x00, 0x00, 0x03, 0x00, 0x32,
		0x00, 0x00, 0x01, 0xC2, 0x02, 0xBC, 0x00, 0x0D, 0x00, 0x11, 0x00, 0x19,
		0x00, 0x6B, 0xB8, 0x00, 0x1A, 0x2F, 0xB8, 0x00, 0x0F, 0x2F, 0xB8, 0x00,
		0x1A, 0x10, 0xB8, 0x00, 0x00, 0xD0, 0xB8, 0x00, 0x00, 0x2F, 0xB8, 0x00,
		0x0F, 0x10, 0xB8, 0x00, 0x06, 0xDC, 0xB8, 0x00, 0x00, 0x10, 0xB8, 0x00,
		0x11, 0xDC, 0xB8, 0x00, 0x07, 0xD0, 0xB8, 0x00, 0x11, 0x10, 0xB8, 0x00,
		0x12, 0xD0, 0xB8, 0x00, 0x0F, 0x10, 0xB8, 0x00, 0x17, 0xD0, 0xB8, 0x00,
		0x06, 0x10, 0xB8, 0x00, 0x1B, 0xDC, 0x00, 0xBB, 0x00, 0x09, 0x00, 0x01,
		0x00, 0x0A, 0x00, 0x04, 0x2B, 0xBB, 0x00, 0x15, 0x00, 0x01, 0x00, 0x18,
		0x00, 0x04, 0x2B, 0xBB, 0x00, 0x0F, 0x00, 0x01, 0x00, 0x06, 0x00, 0x04,
		0x2B, 0xBB, 0x00, 0x03, 0x00, 0x01, 0x00, 0x10, 0x00, 0x04, 0x2B, 0x30,
		0x31, 0x13, 0x33, 0x35, 0x21, 0x15, 0x33, 0x15, 0x21, 0x15, 0x33, 0x15,
		0x21, 0x35, 0x23, 0x37, 0x33, 0x35, 0x23, 0x35, 0x33, 0x35, 0x33, 0x15,
		0x33, 0x15, 0x23, 0x32, 0x32, 0x01, 0x2C, 0x32, 0xFE, 0xD4, 0xFA, 0xFE,
		0xD4, 0x32, 0x64, 0xC8, 0xC8, 0x32, 0x64, 0x32, 0xC8, 0x01, 0xC2, 0x32,
		0x32, 0xFA, 0x64, 0x64, 0x32, 0xFA, 0x64, 0xFA, 0x32, 0x32, 0x32, 0x00,
		0x00, 0x04, 0x00, 0x32, 0x00, 0x00, 0x01, 0xC2, 0x02, 0xBC, 0x00, 0x0D,
		0x00, 0x11, 0x00, 0x15, 0x00, 0x19, 0x00, 0x6B, 0xB8, 0x00, 0x1A, 0x2F,
		0xB8, 0x00, 0x0F, 0x2F, 0xB8, 0x00, 0x1A, 0x10, 0xB8, 0x00, 0x00, 0xD0,
		0xB8, 0x00, 0x00, 0x2F, 0xB8, 0x00, 0x0F, 0x10, 0xB8, 0x00, 0x06, 0xDC,
		0xB8, 0x00, 0x00, 0x10, 0xB8, 0x00, 0x11, 0xDC, 0xB8, 0x00, 0x07, 0xD0,
		0xB8, 0x00, 0x06, 0x10, 0xB8, 0x00, 0x1B, 0xDC, 0x00, 0xBB, 0x00, 0x09,
		0x00, 0x01, 0x00, 0x0A, 0x00, 0x04, 0x2B, 0xBB, 0x00, 0x13, 0x00, 0x01,
		0x00, 0x14, 0x00, 0x04, 0x2B, 0xBB, 0x00, 0x0F, 0x00, 0x01, 0x00, 0x06,
		0x00, 0x04, 0x2B, 0xBB, 0x00, 0x03, 0x00, 0x01, 0x00, 0x10, 0x00, 0x04,
		0x2B, 0xB8, 0x00, 0x13, 0x10, 0xB8, 0x00, 0x16, 0xD0, 0xB8, 0x00, 0x14,
		0x10, 0xB8, 0x00, 0x18, 0xD0, 0x30, 0x31, 0x13, 0x33, 0x35, 0x21, 0x15,
		0x33, 0x15, 0x21, 0x15, 0x33, 0x15, 0x21, 0x35, 0x23, 0x37, 0x33, 0x35,
		0x23, 0x03, 0x33, 0x15, 0x23, 0x37, 0x33, 0x15, 0x23, 0x32, 0x32, 0x01,
		0x2C, 0x32, 0xFE, 0xD4, 0xFA, 0xFE, 0xD4, 0x32, 0x64, 0xC8, 0xC8, 0x32,
		0x64, 0x64, 0xC8, 0x64, 0x64, 0x01, 0xC2, 0x32, 0x32, 0xFA, 0x64, 0x64,
		0x32, 0xFA, 0x64, 0x01, 0x2C, 0x64, 0x64, 0x64, 0x00, 0x02, 0x00, 0x32,
		0x00, 0x00, 0x00, 0xFA, 0x02, 0xBC, 0x00, 0x03, 0x00, 0x0B, 0x00, 0x25,
		0xBA, 0x00, 0x01, 0x00, 0x00, 0x00, 0x03, 0x2B, 0xB8, 0x00, 0x01, 0x10,
		0xB8, 0x00, 0x05, 0xD0, 0xB8, 0x00, 0x00, 0x10, 0xB8, 0x00, 0x09, 0xD0,
		0x00, 0xBB, 0x00, 0x05, 0x00, 0x01, 0x00, 0x08, 0x00, 0x04, 0x2B, 0x30,
		0x31, 0x13, 0x33, 0x11, 0x23, 0x03, 0x33, 0x15, 0x33, 0x15, 0x23, 0x35,
		0x23, 0x64, 0x64, 0x64, 0x32, 0x96, 0x32, 0x96, 0x32, 0x01, 0xF4, 0xFE,
		0x0C, 0x02, 0xBC, 0x32, 0x32, 0x32, 0x00, 0x00, 0x00, 0x02, 0x00, 0x32,
		0x00, 0x00, 0x00, 0xFA, 0x02, 0xBC, 0x00, 0x03, 0x00, 0x0B, 0x00, 0x25,
		0xBA, 0x00, 0x01, 0x00, 0x00, 0x00, 0x03, 0x2B, 0xB8, 0x00, 0x00, 0x10,
		0xB8, 0x00, 0x05, 0xD0, 0xB8, 0x00, 0x01, 0x10, 0xB8, 0x00, 0x09, 0xD0,
		0x00, 0xBB, 0x00, 0x07, 0x00, 0x01, 0x00, 0x0A, 0x00, 0x04, 0x2B, 0x30,
		0x31, 0x13, 0x33, 0x11, 0x23, 0x03, 0x33, 0x35, 0x33, 0x15, 0x23, 0x15,
		0x23, 0x64, 0x64, 0x64, 0x32, 0x32, 0x96, 0x32, 0x96, 0x01, 0xF4, 0xFE,
		0x0C, 0x02, 0x8A, 0x32, 0x32, 0x32, 0x00, 0x00, 0x00, 0x02, 0x00, 0x32,
		0x00, 0x00, 0x00, 0xFA, 0x02, 0xBC, 0x00, 0x03, 0x00, 0x0B, 0x00, 0x25,
		0xBA, 0x00, 0x01, 0x00, 0x00, 0x00, 0x03, 0x2B, 0xB8, 0x00, 0x00, 0x10,
		0xB8, 0x00, 0x05, 0xD0, 0xB8, 0x00, 0x01, 0x10, 0xB8, 0x00, 0x07, 0xD0,
		0x00, 0xBB, 0x00, 0x07, 0x00, 0x01, 0x00, 0x0A, 0x00, 0x04, 0x2B, 0x30,
		0x31, 0x13, 0x33, 0x11, 0x23, 0x03, 0x33, 0x35, 0x33, 0x15, 0x33, 0x15,
		0x23, 0x64, 0x64, 0x64, 0x32, 0x32, 0x64, 0x32, 0xC8, 0x01, 0xF4, 0xFE,
		0x0C, 0x02, 0x8A, 0x32, 0x32, 0x32, 0x00, 0x00, 0x00, 0x03, 0x00, 0x00,
		0x00, 0x00, 0x01, 0x2C, 0x02, 0xBC, 0x00, 0x03, 0x00, 0x07, 0x00, 0x0B,
		0x00, 0x35, 0xBA, 0x00, 0x01, 0x00, 0x00, 0x00, 0x03, 0x2B, 0xB8, 0x00,
		0x00, 0x10, 0xB8, 0x00, 0x05, 0xD0, 0xB8, 0x00, 0x01, 0x10, 0xB8, 0x00,
		0x08, 0xD0, 0x00, 0xBB, 0x00, 0x05, 0x00, 0x01, 0x00, 0x06, 0x00, 0x04,
		0x2B, 0xB8, 0x00, 0x05, 0x10, 0xB8, 0x00, 0x08, 0xD0, 0xB8, 0x00, 0x06,
		0x10, 0xB8, 0x00, 0x0A, 0xD0, 0x30, 0x31, 0x13, 0x33, 0x11, 0x23, 0x03,
		0x33, 0x15, 0x23, 0x37, 0x33, 0x15, 0x23, 0x64, 0x64, 0x64, 0x64, 0x64,
		0x64, 0xC8, 0x64, 0x64, 0x01, 0xF4, 0xFE, 0x0C, 0x02, 0xBC, 0x64, 0x64,
		0x64, 0x00, 0x00, 0x00, 0x00, 0x02, 0x00, 0x32, 0x00, 0x00, 0x01, 0xC2,
		0x02, 0xBC, 0x00, 0x13, 0x00, 0x17, 0x00, 0x65, 0xB8, 0x00, 0x18, 0x2F,
		0xB8, 0x00, 0x02, 0x2F, 0xB8, 0x00, 0x18, 0x10, 0xB8, 0x00, 0x0B, 0xD0,
		0xB8, 0x00, 0x0B, 0x2F, 0xB8, 0x00, 0x14, 0xDC, 0xB8, 0x00, 0x00, 0xD0,
		0xB8, 0x00, 0x02, 0x10, 0xB8, 0x00, 0x05, 0xDC, 0xB8, 0x00, 0x02, 0x10,
		0xB8, 0x00, 0x0F, 0xD0, 0xB8, 0x00, 0x02, 0x10, 0xB8, 0x00, 0x15, 0xD0,
		0xB8, 0x00, 0x05, 0x10, 0xB8, 0x00, 0x19, 0xDC, 0x00, 0xBB, 0x00, 0x15,
		0x00, 0x01, 0x00, 0x08, 0x00, 0x04, 0x2B, 0xBB, 0x00, 0x01, 0x00, 0x01,
		0x00, 0x04, 0x00, 0x04, 0x2B, 0xBB, 0x00, 0x0F, 0x00, 0x01, 0x00, 0x16,
		0x00, 0x04, 0x2B, 0xB8, 0x00, 0x04, 0x10, 0xB8, 0x00, 0x12, 0xD0, 0x30,
		0x31, 0x13, 0x33, 0x15, 0x33, 0x15, 0x33, 0x11, 0x23, 0x15, 0x21, 0x35,
		0x23, 0x11, 0x33, 0x35, 0x33, 0x35, 0x23, 0x35, 0x23, 0x11, 0x33, 0x35,
		0x23, 0x96, 0xC8, 0x32, 0x32, 0x32, 0xFE, 0xD4, 0x32, 0x32, 0xFA, 0x32,
		0x96, 0xC8, 0xC8, 0x02, 0xBC, 0x32, 0x32, 0xFD, 0xDA, 0x32, 0x32, 0x01,
		0x5E, 0x32, 0x64, 0x32, 0xFE, 0x0C, 0xFA, 0x00, 0x00, 0x02, 0x00, 0x32,
		0x00, 0x00, 0x01, 0xC2, 0x02, 0xBC, 0x00, 0x0F, 0x00, 0x1B, 0x00, 0x6F,
		0xB8, 0x00, 0x1C, 0x2F, 0xB8, 0x00, 0x09, 0x2F, 0xB8, 0x00, 0x1C, 0x10,
		0xB8, 0x00, 0x00, 0xD0, 0xB8, 0x00, 0x00, 0x2F, 0xB8, 0x00, 0x01, 0xDC,
		0xB8, 0x00, 0x09, 0x10, 0xB8, 0x00, 0x08, 0xDC, 0xB8, 0x00, 0x01, 0x10,
		0xB8, 0x00, 0x0D, 0xD0, 0xB8, 0x00, 0x01, 0x10, 0xB8, 0x00, 0x10, 0xD0,
		0xB8, 0x00, 0x09, 0x10, 0xB8, 0x00, 0x13, 0xD0, 0xB8, 0x00, 0x08, 0x10,
		0xB8, 0x00, 0x1D, 0xDC, 0x00, 0xBB, 0x00, 0x15, 0x00, 0x01, 0x00, 0x16,
		0x00, 0x04, 0x2B, 0xBB, 0x00, 0x05, 0x00, 0x01, 0x00, 0x0A, 0x00, 0x04,
		0x2B, 0xB8, 0x00, 0x05, 0x10, 0xB8, 0x00, 0x00, 0xD0, 0xB8, 0x00, 0x15,
		0x10, 0xB8, 0x00, 0x10, 0xD0, 0xB8, 0x00, 0x16, 0x10, 0xB8, 0x00, 0x1A,
		0xD0, 0x30, 0x31, 0x13, 0x33, 0x15, 0x33, 0x35, 0x33, 0x15, 0x33, 0x11,
		0x23, 0x11, 0x23, 0x15, 0x23, 0x11, 0x23, 0x13, 0x33, 0x15, 0x33, 0x35,
		0x33, 0x15, 0x23, 0x35, 0x23, 0x15, 0x23, 0x32, 0x64, 0x32, 0xC8, 0x32,
		0x64, 0x96, 0x32, 0x64, 0x64, 0x96, 0x32, 0x32, 0x96, 0x32, 0x32, 0x01,
		0xF4, 0x32, 0x32, 0x32, 0xFE, 0x3E, 0x01, 0x90, 0x32, 0xFE, 0xA2, 0x02,
		0xBC, 0x32, 0x32, 0x64, 0x32, 0x32, 0x00, 0x00, 0x00, 0x03, 0x00, 0x32,
		0x00, 0x00, 0x01, 0xC2, 0x02, 0xBC, 0x00, 0x0B, 0x00, 0x0F, 0x00, 0x17,
		0x00, 0x59, 0xB8, 0x00, 0x18, 0x2F, 0xB8, 0x00, 0x0D, 0x2F, 0xB8, 0x00,
		0x18, 0x10, 0xB8, 0x00, 0x00, 0xD0, 0xB8, 0x00, 0x00, 0x2F, 0xB8, 0x00,
		0x0D, 0x10, 0xB8, 0x00, 0x06, 0xDC, 0xB8, 0x00, 0x00, 0x10, 0xB8, 0x00,
		0x0F, 0xDC, 0xB8, 0x00, 0x10, 0xD0, 0xB8, 0x00, 0x0D, 0x10, 0xB8, 0x00,
		0x13, 0xD0, 0xB8, 0x00, 0x06, 0x10, 0xB8, 0x00, 0x19, 0xDC, 0x00, 0xBB,
		0x00, 0x0D, 0x00, 0x01, 0x00, 0x08, 0x00, 0x04, 0x2B, 0xBB, 0x00, 0x11,
		0x00, 0x01, 0x00, 0x14, 0x00, 0x04, 0x2B, 0xBB, 0x00, 0x03, 0x00, 0x01,
		0x00, 0x0E, 0x00, 0x04, 0x2B, 0x30, 0x31, 0x13, 0x33, 0x35, 0x21, 0x15,
		0x33, 0x11, 0x23, 0x15, 0x21, 0x35, 0x23, 0x37, 0x33, 0x11, 0x23, 0x11,
		0x33, 0x15, 0x33, 0x15, 0x23, 0x35, 0x23, 0x32, 0x32, 0x01, 0x2C, 0x32,
		0x32, 0xFE, 0xD4, 0x32, 0x64, 0xC8, 0xC8, 0x96, 0x32, 0x96, 0x32, 0x01,
		0xC2, 0x32, 0x32, 0xFE, 0x70, 0x32, 0x32, 0x32, 0x01, 0x2C, 0x01, 0x2C,
		0x32, 0x32, 0x32, 0x00, 0x00, 0x03, 0x00, 0x32, 0x00, 0x00, 0x01, 0xC2,
		0x02, 0xBC, 0x00, 0x0B, 0x00, 0x0F, 0x00, 0x17, 0x00, 0x59, 0xB8, 0x00,
		0x18, 0x2F, 0xB8, 0x00, 0x0D, 0x2F, 0xB8, 0x00, 0x18, 0x10, 0xB8, 0x00,
		0x00, 0xD0, 0xB8, 0x00, 0x00, 0x2F, 0xB8, 0x00, 0x0D, 0x10, 0xB8, 0x00,
		0x06, 0xDC, 0xB8, 0x00, 0x00, 0x10, 0xB8, 0x00, 0x0F, 0xDC, 0xB8, 0x00,
		0x10, 0xD0, 0xB8, 0x00, 0x0D, 0x10, 0xB8, 0x00, 0x13, 0xD0, 0xB8, 0x00,
		0x06, 0x10, 0xB8, 0x00, 0x19, 0xDC, 0x00, 0xBB, 0x00, 0x0D, 0x00, 0x01,
		0x00, 0x08, 0x00, 0x04, 0x2B, 0xBB, 0x00, 0x13, 0x00, 0x01, 0x00, 0x16,
		0x00, 0x04, 0x2B, 0xBB, 0x00, 0x03, 0x00, 0x01, 0x00, 0x0E, 0x00, 0x04,
		0x2B, 0x30, 0x31, 0x13, 0x33, 0x35, 0x21, 0x15, 0x33, 0x11, 0x23, 0x15,
		0x21, 0x35, 0x23, 0x37, 0x33, 0x11, 0x23, 0x35, 0x33, 0x35, 0x33, 0x15,
		0x23, 0x15, 0x23, 0x32, 0x32, 0x01, 0x2C, 0x32, 0x32, 0xFE, 0xD4, 0x32,
		0x64, 0xC8, 0xC8, 0x32, 0x96, 0x32, 0x96, 0x01, 0xC2, 0x32, 0x32, 0xFE,
		0x70, 0x32, 0x32, 0x32, 0x01, 0x2C, 0xFA, 0x32, 0x32, 0x32, 0x00, 0x00,
		0x00, 0x03, 0x00, 0x32, 0x00, 0x00, 0x01, 0xC2, 0x02, 0xBC, 0x00, 0x0B,
		0x00, 0x0F, 0x00, 0x17, 0x00, 0x59, 0xB8, 0x00, 0x18, 0x2F, 0xB8, 0x00,
		0x0D, 0x2F, 0xB8, 0x00, 0x18, 0x10, 0xB8, 0x00, 0x00, 0xD0, 0xB8, 0x00,
		0x00, 0x2F, 0xB8, 0x00, 0x0D, 0x10, 0xB8, 0x00, 0x06, 0xDC, 0xB8, 0x00,
		0x00, 0x10, 0xB8, 0x00, 0x0F, 0xDC, 0xB8, 0x00, 0x10, 0xD0, 0xB8, 0x00,
		0x0D, 0x10, 0xB8, 0x00, 0x15, 0xD0, 0xB8, 0x00, 0x06, 0x10, 0xB8, 0x00,
		0x19, 0xDC, 0x00, 0xBB, 0x00, 0x0D, 0x00, 0x01, 0x00, 0x08, 0x00, 0x04,
		0x2B, 0xBB, 0x00, 0x13, 0x00, 0x01, 0x00, 0x16, 0x00, 0x04, 0x2B, 0xBB,
		0x00, 0x03, 0x00, 0x01, 0x00, 0x0E, 0x00, 0x04, 0x2B, 0x30, 0x31, 0x13,
		0x33, 0x35, 0x21, 0x15, 0x33, 0x11, 0x23, 0x15, 0x21, 0x35, 0x23, 0x37,
		0x33, 0x11, 0x23, 0x35, 0x33, 0x35, 0x33, 0x15, 0x33, 0x15, 0x23, 0x32,
		0x32, 0x01, 0x2C, 0x32, 0x32, 0xFE, 0xD4, 0x32, 0x64, 0xC8, 0xC8, 0x32,
		0x64, 0x32, 0xC8, 0x01, 0xC2, 0x32, 0x32, 0xFE, 0x70, 0x32, 0x32, 0x32,
		0x01, 0x2C, 0xFA, 0x32, 0x32, 0x32, 0x00, 0x00, 0x00, 0x03, 0x00, 0x32,
		0x00, 0x00, 0x01, 0xC2, 0x02, 0xBC, 0x00, 0x0B, 0x00, 0x0F, 0x00, 0x1B,
		0x00, 0x6D, 0xB8, 0x00, 0x1C, 0x2F, 0xB8, 0x00, 0x0D, 0x2F, 0xB8, 0x00,
		0x1C, 0x10, 0xB8, 0x00, 0x00, 0xD0, 0xB8, 0x00, 0x00, 0x2F, 0xB8, 0x00,
		0x0D, 0x10, 0xB8, 0x00, 0x06, 0xDC, 0xB8, 0x00, 0x00, 0x10, 0xB8, 0x00,
		0x0F, 0xDC, 0xB8, 0x00, 0x0D, 0x10, 0xB8, 0x00, 0x15, 0xD0, 0xB8, 0x00,
		0x0F, 0x10, 0xB8, 0x00, 0x19, 0xD0, 0xB8, 0x00, 0x06, 0x10, 0xB8, 0x00,
		0x1D, 0xDC, 0x00, 0xBB, 0x00, 0x0D, 0x00, 0x01, 0x00, 0x08, 0x00, 0x04,
		0x2B, 0xBB, 0x00, 0x15, 0x00, 0x01, 0x00, 0x16, 0x00, 0x04, 0x2B, 0xBB,
		0x00, 0x03, 0x00, 0x01, 0x00, 0x0E, 0x00, 0x04, 0x2B, 0xB8, 0x00, 0x15,
		0x10, 0xB8, 0x00, 0x10, 0xD0, 0xB8, 0x00, 0x16, 0x10, 0xB8, 0x00, 0x1A,
		0xD0, 0x30, 0x31, 0x13, 0x33, 0x35, 0x21, 0x15, 0x33, 0x11, 0x23, 0x15,
		0x21, 0x35, 0x23, 0x37, 0x33, 0x11, 0x23, 0x03, 0x33, 0x15, 0x33, 0x35,
		0x33, 0x15, 0x23, 0x35, 0x23, 0x15, 0x23, 0x32, 0x32, 0x01, 0x2C, 0x32,
		0x32, 0xFE, 0xD4, 0x32, 0x64, 0xC8, 0xC8, 0x32, 0x96, 0x32, 0x32, 0x96,
		0x32, 0x32, 0x01, 0xC2, 0x32, 0x32, 0xFE, 0x70, 0x32, 0x32, 0x32, 0x01,
		0x2C, 0x01, 0x2C, 0x32, 0x32, 0x64, 0x32, 0x32, 0x00, 0x04, 0x00, 0x32,
		0x00, 0x00, 0x01, 0xC2, 0x02, 0xBC, 0x00, 0x0B, 0x00, 0x0F, 0x00, 0x13,
		0x00, 0x17, 0x00, 0x5D, 0xB8, 0x00, 0x18, 0x2F, 0xB8, 0x00, 0x0D, 0x2F,
		0xB8, 0x00, 0x18, 0x10, 0xB8, 0x00, 0x00, 0xD0, 0xB8, 0x00, 0x00, 0x2F,
		0xB8, 0x00, 0x0D, 0x10, 0xB8, 0x00, 0x06, 0xDC, 0xB8, 0x00, 0x00, 0x10,
		0xB8, 0x00, 0x0F, 0xDC, 0xB8, 0x00, 0x06, 0x10, 0xB8, 0x00, 0x19, 0xDC,
		0x00, 0xBB, 0x00, 0x0D, 0x00, 0x01, 0x00, 0x08, 0x00, 0x04, 0x2B, 0xBB,
		0x00, 0x11, 0x00, 0x01, 0x00, 0x12, 0x00, 0x04, 0x2B, 0xBB, 0x00, 0x03,
		0x00, 0x01, 0x00, 0x0E, 0x00, 0x04, 0x2B, 0xB8, 0x00, 0x11, 0x10, 0xB8,
		0x00, 0x14, 0xD0, 0xB8, 0x00, 0x12, 0x10, 0xB8, 0x00, 0x16, 0xD0, 0x30,
		0x31, 0x13, 0x33, 0x35, 0x21, 0x15, 0x33, 0x11, 0x23, 0x15, 0x21, 0x35,
		0x23, 0x37, 0x33, 0x11, 0x23, 0x03, 0x33, 0x15, 0x23, 0x37, 0x33, 0x15,
		0x23, 0x32, 0x32, 0x01, 0x2C, 0x32, 0x32, 0xFE, 0xD4, 0x32, 0x64, 0xC8,
		0xC8, 0x32, 0x64, 0x64, 0xC8, 0x64, 0x64, 0x01, 0xC2, 0x32, 0x32, 0xFE,
		0x70, 0x32, 0x32, 0x32, 0x01, 0x2C, 0x01, 0x2C, 0x64, 0x64, 0x64, 0x00,
		0x00, 0x03, 0x00, 0x32, 0x00, 0x32, 0x02, 0x26, 0x02, 0x26, 0x00, 0x03,
		0x00, 0x07, 0x00, 0x0B, 0x00, 0x39, 0xBA, 0x00, 0x05, 0x00, 0x04, 0x00,
		0x03, 0x2B, 0xB8, 0x00, 0x04, 0x10, 0xB8, 0x00, 0x08, 0xD0, 0xB8, 0x00,
		0x05, 0x10, 0xB8, 0x00, 0x09, 0xD0, 0x00, 0xBB, 0x00, 0x09, 0x00, 0x01,
		0x00, 0x0A, 0x00, 0x04, 0x2B, 0xBB, 0x00, 0x05, 0x00, 0x01, 0x00, 0x06,
		0x00, 0x04, 0x2B, 0xBB, 0x00, 0x01, 0x00, 0x01, 0x00, 0x02, 0x00, 0x04,
		0x2B, 0x30, 0x31, 0x13, 0x21, 0x15, 0x21, 0x13, 0x33, 0x15, 0x23, 0x11,
		0x33, 0x15, 0x23, 0x32, 0x01, 0xF4, 0xFE, 0x0C, 0xC8, 0x64, 0x64, 0x64,
		0x64, 0x01, 0x5E, 0x64, 0x01, 0x2C, 0x64, 0xFE, 0xD4, 0x64, 0x00, 0x00,
		0x00, 0x03, 0x00, 0x32, 0x00, 0x00, 0x01, 0xC2, 0x01, 0xF4, 0x00, 0x0B,
		0x00, 0x13, 0x00, 0x1B, 0x00, 0x59, 0xB8, 0x00, 0x1C, 0x2F, 0xB8, 0x00,
		0x0F, 0x2F, 0xB8, 0x00, 0x1C, 0x10, 0xB8, 0x00, 0x00, 0xD0, 0xB8, 0x00,
		0x00, 0x2F, 0xB8, 0x00, 0x0F, 0x10, 0xB8, 0x00, 0x06, 0xDC, 0xB8, 0x00,
		0x00, 0x10, 0xB8, 0x00, 0x1B, 0xDC, 0xB8, 0x00, 0x0D, 0xD0, 0xB8, 0x00,
		0x0F, 0x10, 0xB8, 0x00, 0x19, 0xD0, 0xB8, 0x00, 0x06, 0x10, 0xB8, 0x00,
		0x1D, 0xDC, 0x00, 0xBB, 0x00, 0x0F, 0x00, 0x01, 0x00, 0x08, 0x00, 0x04,
		0x2B, 0xBB, 0x00, 0x03, 0x00, 0x01, 0x00, 0x1A, 0x00, 0x04, 0x2B, 0xBB,
		0x00, 0x17, 0x00, 0x01, 0x00, 0x12, 0x00, 0x04, 0x2B, 0x30, 0x31, 0x13,
		0x33, 0x35, 0x21, 0x15, 0x33, 0x11, 0x23, 0x15, 0x21, 0x35, 0x23, 0x37,
		0x23, 0x15, 0x33, 0x35, 0x23, 0x15, 0x23, 0x27, 0x33, 0x35, 0x33, 0x35,
		0x33, 0x35, 0x23, 0x32, 0x32, 0x01, 0x2C, 0x32, 0x32, 0xFE, 0xD4, 0x32,
		0x96, 0x32, 0xC8, 0x32, 0x64, 0x32, 0x32, 0x64, 0x32, 0xC8, 0x01, 0xC2,
		0x32, 0x32, 0xFE, 0x70, 0x32, 0x32, 0x64, 0x32, 0x96, 0x32, 0x32, 0x32,
		0x32, 0x32, 0x00, 0x00, 0x00, 0x02, 0x00, 0x32, 0x00, 0x00, 0x01, 0xC2,
		0x02, 0xBC, 0x00, 0x0F, 0x00, 0x17, 0x00, 0x5F, 0xB8, 0x00, 0x18, 0x2F,
		0xB8, 0x00, 0x09, 0x2F, 0xB8, 0x00, 0x18, 0x10, 0xB8, 0x00, 0x00, 0xD0,
		0xB8, 0x00, 0x00, 0x2F, 0xB8, 0x00, 0x01, 0xDC, 0xB8, 0x00, 0x09, 0x10,
		0xB8, 0x00, 0x05, 0xD0, 0xB8, 0x00, 0x09, 0x10, 0xB8, 0x00, 0x08, 0xDC,
		0xB8, 0x00, 0x01, 0x10, 0xB8, 0x00, 0x10, 0xD0, 0xB8, 0x00, 0x09, 0x10,
		0xB8, 0x00, 0x13, 0xD0, 0xB8, 0x00, 0x08, 0x10, 0xB8, 0x00, 0x19, 0xDC,
		0x00, 0xBB, 0x00, 0x03, 0x00, 0x01, 0x00, 0x0C, 0x00, 0x04, 0x2B, 0xBB,
		0x00, 0x11, 0x00, 0x01, 0x00, 0x14, 0x00, 0x04, 0x2B, 0xB8, 0x00, 0x0C,
		0x10, 0xB8, 0x00, 0x08, 0xD0, 0x30, 0x31, 0x13, 0x33, 0x11, 0x33, 0x35,
		0x33, 0x11, 0x33, 0x11, 0x23, 0x35, 0x23, 0x15, 0x23, 0x35, 0x23, 0x13,
		0x33, 0x15, 0x33, 0x15, 0x23, 0x35, 0x23, 0x32, 0x64, 0x96, 0x32, 0x64,
		0x64, 0x32, 0xC8, 0x32, 0x64, 0x96, 0x32, 0x96, 0x32, 0x01, 0xF4, 0xFE,
		0x70, 0x32, 0x01, 0x5E, 0xFE, 0x0C, 0x32, 0x32, 0x32, 0x02, 0x8A, 0x32,
		0x32, 0x32, 0x00, 0x00, 0x00, 0x02, 0x00, 0x32, 0x00, 0x00, 0x01, 0xC2,
		0x02, 0xBC, 0x00, 0x0F, 0x00, 0x17, 0x00, 0x5F, 0xB8, 0x00, 0x18, 0x2F,
		0xB8, 0x00, 0x09, 0x2F, 0xB8, 0x00, 0x18, 0x10, 0xB8, 0x00, 0x00, 0xD0,
		0xB8, 0x00, 0x00, 0x2F, 0xB8, 0x00, 0x01, 0xDC, 0xB8, 0x00, 0x09, 0x10,
		0xB8, 0x00, 0x05, 0xD0, 0xB8, 0x00, 0x09, 0x10, 0xB8, 0x00, 0x08, 0xDC,
		0xB8, 0x00, 0x01, 0x10, 0xB8, 0x00, 0x10, 0xD0, 0xB8, 0x00, 0x09, 0x10,
		0xB8, 0x00, 0x13, 0xD0, 0xB8, 0x00, 0x08, 0x10, 0xB8, 0x00, 0x19, 0xDC,
		0x00, 0xBB, 0x00, 0x03, 0x00, 0x01, 0x00, 0x0C, 0x00, 0x04, 0x2B, 0xBB,
		0x00, 0x13, 0x00, 0x01, 0x00, 0x16, 0x00, 0x04, 0x2B, 0xB8, 0x00, 0x0C,
		0x10, 0xB8, 0x00, 0x08, 0xD0, 0x30, 0x31, 0x13, 0x33, 0x11, 0x33, 0x35,
		0x33, 0x11, 0x33, 0x11, 0x23, 0x35, 0x23, 0x15, 0x23, 0x35, 0x23, 0x13,
		0x33, 0x35, 0x33, 0x15, 0x23, 0x15, 0x23, 0x32, 0x64, 0x96, 0x32, 0x64,
		0x64, 0x32, 0xC8, 0x32, 0x64, 0x32, 0x96, 0x32, 0x96, 0x01, 0xF4, 0xFE,
		0x70, 0x32, 0x01, 0x5E, 0xFE, 0x0C, 0x32, 0x32, 0x32, 0x02, 0x58, 0x32,
		0x32, 0x32, 0x00, 0x00, 0x00, 0x02, 0x00, 0x32, 0x00, 0x00, 0x01, 0xC2,
		0x02, 0xBC, 0x00, 0x0F, 0x00, 0x17, 0x00, 0x5F, 0xB8, 0x00, 0x18, 0x2F,
		0xB8, 0x00, 0x09, 0x2F, 0xB8, 0x00, 0x18, 0x10, 0xB8, 0x00, 0x00, 0xD0,
		0xB8, 0x00, 0x00, 0x2F, 0xB8, 0x00, 0x01, 0xDC, 0xB8, 0x00, 0x09, 0x10,
		0xB8, 0x00, 0x05, 0xD0, 0xB8, 0x00, 0x09, 0x10, 0xB8, 0x00, 0x08, 0xDC,
		0xB8, 0x00, 0x01, 0x10, 0xB8, 0x00, 0x10, 0xD0, 0xB8, 0x00, 0x09, 0x10,
		0xB8, 0x00, 0x15, 0xD0, 0xB8, 0x00, 0x08, 0x10, 0xB8, 0x00, 0x19, 0xDC,
		0x00, 0xBB, 0x00, 0x03, 0x00, 0x01, 0x00, 0x0C, 0x00, 0x04, 0x2B, 0xBB,
		0x00, 0x13, 0x00, 0x01, 0x00, 0x16, 0x00, 0x04, 0x2B, 0xB8, 0x00, 0x0C,
		0x10, 0xB8, 0x00, 0x08, 0xD0, 0x30, 0x31, 0x13, 0x33, 0x11, 0x33, 0x35,
		0x33, 0x11, 0x33, 0x11, 0x23, 0x35, 0x23, 0x15, 0x23, 0x35, 0x23, 0x13,
		0x33, 0x35, 0x33, 0x15, 0x33, 0x15, 0x23, 0x32, 0x64, 0x96, 0x32, 0x64,
		0x64, 0x32, 0xC8, 0x32, 0x64, 0x32, 0x64, 0x32, 0xC8, 0x01, 0xF4, 0xFE,
		0x70, 0x32, 0x01, 0x5E, 0xFE, 0x0C, 0x32, 0x32, 0x32, 0x02, 0x58, 0x32,
		0x32, 0x32, 0x00, 0x00, 0x00, 0x03, 0x00, 0x32, 0x00, 0x00, 0x01, 0xC2,
		0x02, 0xBC, 0x00, 0x0F, 0x00, 0x13, 0x00, 0x17, 0x00, 0x5B, 0xB8, 0x00,
		0x18, 0x2F, 0xB8, 0x00, 0x09, 0x2F, 0xB8, 0x00, 0x18, 0x10, 0xB8, 0x00,
		0x00, 0xD0, 0xB8, 0x00, 0x00, 0x2F, 0xB8, 0x00, 0x01, 0xDC, 0xB8, 0x00,
		0x09, 0x10, 0xB8, 0x00, 0x05, 0xD0, 0xB8, 0x00, 0x09, 0x10, 0xB8, 0x00,
		0x08, 0xDC, 0xB8, 0x00, 0x19, 0xDC, 0x00, 0xBB, 0x00, 0x03, 0x00, 0x01,
		0x00, 0x0C, 0x00, 0x04, 0x2B, 0xBB, 0x00, 0x11, 0x00, 0x01, 0x00, 0x12,
		0x00, 0x04, 0x2B, 0xB8, 0x00, 0x0C, 0x10, 0xB8, 0x00, 0x08, 0xD0, 0xB8,
		0x00, 0x11, 0x10, 0xB8, 0x00, 0x14, 0xD0, 0xB8, 0x00, 0x12, 0x10, 0xB8,
		0x00, 0x16, 0xD0, 0x30, 0x31, 0x13, 0x33, 0x11, 0x33, 0x35, 0x33, 0x11,
		0x33, 0x11, 0x23, 0x35, 0x23, 0x15, 0x23, 0x35, 0x23, 0x13, 0x33, 0x15,
		0x23, 0x37, 0x33, 0x15, 0x23, 0x32, 0x64, 0x96, 0x32, 0x64, 0x64, 0x32,
		0xC8, 0x32, 0x32, 0x64, 0x64, 0xC8, 0x64, 0x64, 0x01, 0xF4, 0xFE, 0x70,
		0x32, 0x01, 0x5E, 0xFE, 0x0C, 0x32, 0x32, 0x32, 0x02, 0x8A, 0x64, 0x64,
		0x64, 0x00, 0x00, 0x00, 0x00, 0x02, 0x00, 0x32, 0xFF, 0x38, 0x01, 0xC2,
		0x02, 0xBC, 0x00, 0x07, 0x00, 0x17, 0x00, 0x5D, 0xB8, 0x00, 0x18, 0x2F,
		0xB8, 0x00, 0x0C, 0x2F, 0xB8, 0x00, 0x18, 0x10, 0xB8, 0x00, 0x08, 0xD0,
		0xB8, 0x00, 0x08, 0x2F, 0xB8, 0x00, 0x09, 0xDC, 0xB8, 0x00, 0x00, 0xD0,
		0xB8, 0x00, 0x0C, 0x10, 0xB8, 0x00, 0x03, 0xD0, 0xB8, 0x00, 0x0C, 0x10,
		0xB8, 0x00, 0x0D, 0xDC, 0xB8, 0x00, 0x0C, 0x10, 0xB8, 0x00, 0x13, 0xD0,
		0xB8, 0x00, 0x0D, 0x10, 0xB8, 0x00, 0x19, 0xDC, 0x00, 0xBB, 0x00, 0x13,
		0x00, 0x01, 0x00, 0x10, 0x00, 0x04, 0x2B, 0xBB, 0x00, 0x01, 0x00, 0x01,
		0x00, 0x04, 0x00, 0x04, 0x2B, 0xBB, 0x00, 0x0B, 0x00, 0x01, 0x00, 0x14,
		0x00, 0x04, 0x2B, 0x30, 0x31, 0x13, 0x33, 0x15, 0x33, 0x15, 0x23, 0x35,
		0x23, 0x07, 0x33, 0x11, 0x33, 0x11, 0x33, 0x11, 0x23, 0x15, 0x21, 0x35,
		0x33, 0x35, 0x23, 0x35, 0x23, 0x96, 0x96, 0x32, 0x96, 0x32, 0x64, 0x64,
		0xC8, 0x64, 0x32, 0xFE, 0xD4, 0xFA, 0xFA, 0x32, 0x02, 0xBC, 0x32, 0x32,
		0x32, 0x96, 0xFE, 0x70, 0x01, 0x90, 0xFD, 0x76, 0x32, 0x64, 0x64, 0x32,
		0x00, 0x02, 0x00, 0x32, 0x00, 0x00, 0x01, 0xF4, 0x02, 0x26, 0x00, 0x0B,
		0x00, 0x0F, 0x00, 0x4F, 0xB8, 0x00, 0x10, 0x2F, 0xB8, 0x00, 0x0C, 0x2F,
		0xB8, 0x00, 0x10, 0x10, 0xB8, 0x00, 0x00, 0xD0, 0xB8, 0x00, 0x00, 0x2F,
		0xB8, 0x00, 0x01, 0xDC, 0xB8, 0x00, 0x0C, 0x10, 0xB8, 0x00, 0x05, 0xDC,
		0xB8, 0x00, 0x01, 0x10, 0xB8, 0x00, 0x09, 0xD0, 0xB8, 0x00, 0x01, 0x10,
		0xB8, 0x00, 0x0D, 0xD0, 0xB8, 0x00, 0x05, 0x10, 0xB8, 0x00, 0x11, 0xDC,
		0x00, 0xBB, 0x00, 0x0F, 0x00, 0x01, 0x00, 0x08, 0x00, 0x04, 0x2B, 0xBB,
		0x00, 0x03, 0x00, 0x01, 0x00, 0x0C, 0x00, 0x04, 0x2B, 0x30, 0x31, 0x13,
		0x33, 0x15, 0x21, 0x15, 0x33, 0x15, 0x23, 0x15, 0x21, 0x15, 0x23, 0x01,
		0x23, 0x15, 0x33, 0x32, 0x64, 0x01, 0x2C, 0x32, 0x32, 0xFE, 0xD4, 0x64,
		0x01, 0x5E, 0xFA, 0xFA, 0x02, 0x26, 0x64, 0x32, 0xFA, 0x32, 0x64, 0x01,
		0x5E, 0x96, 0x00, 0x00, 0x00, 0x03, 0x00, 0x32, 0xFF, 0x38, 0x01, 0xC2,
		0x02, 0xBC, 0x00, 0x03, 0x00, 0x07, 0x00, 0x17, 0x00, 0x5D, 0xB8, 0x00,
		0x18, 0x2F, 0xB8, 0x00, 0x13, 0x2F, 0xB8, 0x00, 0x18, 0x10, 0xB8, 0x00,
		0x08, 0xD0, 0xB8, 0x00, 0x08, 0x2F, 0xB8, 0x00, 0x09, 0xDC, 0xB8, 0x00,
		0x13, 0x10, 0xB8, 0x00, 0x0B, 0xD0, 0xB8, 0x00, 0x13, 0x10, 0xB8, 0x00,
		0x0E, 0xDC, 0xB8, 0x00, 0x19, 0xDC, 0x00, 0xBB, 0x00, 0x13, 0x00, 0x01,
		0x00, 0x10, 0x00, 0x04, 0x2B, 0xBB, 0x00, 0x01, 0x00, 0x01, 0x00, 0x02,
		0x00, 0x04, 0x2B, 0xBB, 0x00, 0x0B, 0x00, 0x01, 0x00, 0x14, 0x00, 0x04,
		0x2B, 0xB8, 0x00, 0x01, 0x10, 0xB8, 0x00, 0x04, 0xD0, 0xB8, 0x00, 0x02,
		0x10, 0xB8, 0x00, 0x06, 0xD0, 0x30, 0x31, 0x13, 0x33, 0x15, 0x23, 0x37,
		0x33, 0x15, 0x23, 0x07, 0x33, 0x11, 0x33, 0x11, 0x33, 0x11, 0x23, 0x15,
		0x21, 0x35, 0x33, 0x35, 0x23, 0x35, 0x23, 0x64, 0x64, 0x64, 0xC8, 0x64,
		0x64, 0xFA, 0x64, 0xC8, 0x64, 0x32, 0xFE, 0xD4, 0xFA, 0xFA, 0x32, 0x02,
		0xBC, 0x64, 0x64, 0x64, 0x64, 0xFE, 0x70, 0x01, 0x90, 0xFD, 0x76, 0x32,
		0x64, 0x64, 0x32, 0x00, 0x00, 0x02, 0x00, 0x32, 0x00, 0x00, 0x00, 0x96,
		0x02, 0x58, 0x00, 0x03, 0x00, 0x07, 0x00, 0x29, 0xBA, 0x00, 0x01, 0x00,
		0x00, 0x00, 0x03, 0x2B, 0xB8, 0x00, 0x00, 0x10, 0xB8, 0x00, 0x04, 0xD0,
		0xB8, 0x00, 0x01, 0x10, 0xB8, 0x00, 0x05, 0xD0, 0x00, 0xB8, 0x00, 0x00,
		0x2F, 0xBB, 0x00, 0x05, 0x00, 0x01, 0x00, 0x06, 0x00, 0x04, 0x2B, 0x30,
		0x31, 0x13, 0x33, 0x11, 0x23, 0x15, 0x33, 0x15, 0x23, 0x32, 0x64, 0x64,
		0x64, 0x64, 0x02, 0x58, 0xFE, 0x70, 0x64, 0x64, 0x00, 0x02, 0x00, 0x32,
		0x01, 0x90, 0x01, 0x5E, 0x02, 0x58, 0x00, 0x03, 0x00, 0x07, 0x00, 0x41,
		0xB8, 0x00, 0x08, 0x2F, 0xB8, 0x00, 0x04, 0x2F, 0xB8, 0x00, 0x08, 0x10,
		0xB8, 0x00, 0x00, 0xD0, 0xB8, 0x00, 0x00, 0x2F, 0xB8, 0x00, 0x01, 0xDC,
		0xB8, 0x00, 0x04, 0x10, 0xB8, 0x00, 0x05, 0xDC, 0xB8, 0x00, 0x09, 0xDC,
		0x00, 0xBB, 0x00, 0x01, 0x00, 0x01, 0x00, 0x02, 0x00, 0x04, 0x2B, 0xB8,
		0x00, 0x01, 0x10, 0xB8, 0x00, 0x04, 0xD0, 0xB8, 0x00, 0x02, 0x10, 0xB8,
		0x00, 0x06, 0xD0, 0x30, 0x31, 0x13, 0x33, 0x15, 0x23, 0x37, 0x33, 0x15,
		0x23, 0x32, 0x64, 0x64, 0xC8, 0x64, 0x64, 0x02, 0x58, 0xC8, 0xC8, 0xC8,
		0x00, 0x02, 0x00, 0x32, 0x00, 0x00, 0x02, 0x26, 0x02, 0x58, 0x00, 0x1B,
		0x00, 0x1F, 0x00, 0xC3, 0xB8, 0x00, 0x20, 0x2F, 0xB8, 0x00, 0x05, 0x2F,
		0xB8, 0x00, 0x20, 0x10, 0xB8, 0x00, 0x01, 0xD0, 0xB8, 0x00, 0x01, 0x2F,
		0xB8, 0x00, 0x04, 0xDC, 0xB8, 0x00, 0x05, 0x10, 0xB8, 0x00, 0x08, 0xDC,
		0xB8, 0x00, 0x0B, 0xD0, 0xB8, 0x00, 0x08, 0x10, 0xB8, 0x00, 0x0F, 0xD0,
		0xB8, 0x00, 0x05, 0x10, 0xB8, 0x00, 0x11, 0xD0, 0xB8, 0x00, 0x04, 0x10,
		0xB8, 0x00, 0x13, 0xD0, 0xB8, 0x00, 0x01, 0x10, 0xB8, 0x00, 0x15, 0xD0,
		0xB8, 0x00, 0x01, 0x10, 0xB8, 0x00, 0x19, 0xD0, 0xB8, 0x00, 0x04, 0x10,
		0xB8, 0x00, 0x1C, 0xD0, 0xB8, 0x00, 0x05, 0x10, 0xB8, 0x00, 0x1D, 0xD0,
		0x00, 0xB8, 0x00, 0x02, 0x2F, 0xB8, 0x00, 0x06, 0x2F, 0xB8, 0x00, 0x10,
		0x2F, 0xB8, 0x00, 0x14, 0x2F, 0xBB, 0x00, 0x0D, 0x00, 0x01, 0x00, 0x0E,
		0x00, 0x04, 0x2B, 0xBB, 0x00, 0x09, 0x00, 0x01, 0x00, 0x0A, 0x00, 0x04,
		0x2B, 0xB8, 0x00, 0x09, 0x10, 0xB8, 0x00, 0x00, 0xD0, 0xB8, 0x00, 0x09,
		0x10, 0xB8, 0x00, 0x04, 0xD0, 0xB8, 0x00, 0x0E, 0x10, 0xB8, 0x00, 0x12,
		0xD0, 0xB8, 0x00, 0x0E, 0x10, 0xB8, 0x00, 0x16, 0xD0, 0xB8, 0x00, 0x0D,
		0x10, 0xB8, 0x00, 0x18, 0xD0, 0xB8, 0x00, 0x0A, 0x10, 0xB8, 0x00, 0x1A,
		0xD0, 0xB8, 0x00, 0x0D, 0x10, 0xB8, 0x00, 0x1C, 0xD0, 0xB8, 0x00, 0x0A,
		0x10, 0xB8, 0x00, 0x1E, 0xD0, 0x30, 0x31, 0x13, 0x33, 0x35, 0x33, 0x15,
		0x33, 0x35, 0x33, 0x15, 0x33, 0x15, 0x23, 0x15, 0x33, 0x15, 0x23, 0x15,
		0x23, 0x35, 0x23, 0x15, 0x23, 0x35, 0x23, 0x35, 0x33, 0x35, 0x23, 0x17,
		0x33, 0x35, 0x23, 0x32, 0x64, 0x64, 0x64, 0x64, 0x64, 0x64, 0x64, 0x64,
		0x64, 0x64, 0x64, 0x64, 0x64, 0x64, 0xC8, 0x64, 0x64, 0x01, 0xF4, 0x64,
		0x64, 0x64, 0x64, 0x64, 0xC8, 0x64, 0x64, 0x64, 0x64, 0x64, 0x64, 0xC8,
		0xC8, 0xC8, 0x00, 0x00, 0x00, 0x03, 0x00, 0x32, 0x00, 0x00, 0x02, 0x26,
		0x02, 0x58, 0x00, 0x13, 0x00, 0x17, 0x00, 0x1B, 0x00, 0xF3, 0xB8, 0x00,
		0x1C, 0x2F, 0xB8, 0x00, 0x00, 0xD0, 0xB8, 0x00, 0x00, 0x2F, 0xB8, 0x00,
		0x01, 0xDC, 0x41, 0x03, 0x00, 0xDF, 0x00, 0x01, 0x00, 0x01, 0x5D, 0x41,
		0x03, 0x00, 0x40, 0x00, 0x01, 0x00, 0x01, 0x5D, 0x41, 0x03, 0x00, 0x90,
		0x00, 0x01, 0x00, 0x01, 0x5D, 0xB8, 0x00, 0x04, 0xDC, 0xB8, 0x00, 0x08,
		0xD0, 0xB8, 0x00, 0x01, 0x10, 0xB8, 0x00, 0x19, 0xDC, 0x41, 0x03, 0x00,
		0xDF, 0x00, 0x19, 0x00, 0x01, 0x5D, 0x41, 0x03, 0x00, 0x40, 0x00, 0x19,
		0x00, 0x01, 0x5D, 0x41, 0x03, 0x00, 0x90, 0x00, 0x19, 0x00, 0x01, 0x5D,
		0xB8, 0x00, 0x0A, 0xDC, 0xB8, 0x00, 0x04, 0x10, 0xB8, 0x00, 0x0C, 0xD0,
		0xB8, 0x00, 0x01, 0x10, 0xB8, 0x00, 0x0D, 0xD0, 0xB8, 0x00, 0x00, 0x10,
		0xB8, 0x00, 0x0F, 0xD0, 0xB8, 0x00, 0x01, 0x10, 0xB8, 0x00, 0x11, 0xD0,
		0xB8, 0x00, 0x01, 0x10, 0xB8, 0x00, 0x15, 0xD0, 0xB8, 0x00, 0x00, 0x10,
		0xB8, 0x00, 0x17, 0xDC, 0xB8, 0x00, 0x04, 0x10, 0xB8, 0x00, 0x1B, 0xD0,
		0xB8, 0x00, 0x0A, 0x10, 0xB8, 0x00, 0x1D, 0xDC, 0x00, 0xB8, 0x00, 0x02,
		0x2F, 0xB8, 0x00, 0x0C, 0x2F, 0xBB, 0x00, 0x19, 0x00, 0x01, 0x00, 0x0A,
		0x00, 0x04, 0x2B, 0xBB, 0x00, 0x05, 0x00, 0x01, 0x00, 0x06, 0x00, 0x04,
		0x2B, 0xBB, 0x00, 0x15, 0x00, 0x01, 0x00, 0x12, 0x00, 0x04, 0x2B, 0xB8,
		0x00, 0x05, 0x10, 0xB8, 0x00, 0x00, 0xD0, 0xB8, 0x00, 0x15, 0x10, 0xB8,
		0x00, 0x08, 0xD0, 0xB8, 0x00, 0x0A, 0x10, 0xB8, 0x00, 0x0E, 0xD0, 0xB8,
		0x00, 0x19, 0x10, 0xB8, 0x00, 0x10, 0xD0, 0xB8, 0x00, 0x06, 0x10, 0xB8,
		0x00, 0x16, 0xD0, 0xB8, 0x00, 0x12, 0x10, 0xB8, 0x00, 0x1A, 0xD0, 0x30,
		0x31, 0x13, 0x33, 0x35, 0x33, 0x15, 0x33, 0x15, 0x23, 0x15, 0x33, 0x11,
		0x23, 0x15, 0x23, 0x35, 0x23, 0x35, 0x33, 0x35, 0x23, 0x37, 0x33, 0x35,
		0x23, 0x13, 0x33, 0x35, 0x23, 0x32, 0xC8, 0x64, 0xC8, 0xC8, 0xC8, 0xC8,
		0x64, 0xC8, 0xC8, 0xC8, 0x64, 0x64, 0x64, 0xC8, 0x64, 0x64, 0x02, 0x26,
		0x32, 0x32, 0x64, 0x64, 0xFE, 0xD4, 0x32, 0x32, 0x64, 0x64, 0x64, 0x64,
		0xFE, 0xD4, 0x64, 0x00, 0x00, 0x05, 0x00, 0x32, 0x00, 0x32, 0x02, 0x26,
		0x02, 0x26, 0x00, 0x23, 0x00, 0x29, 0x00, 0x2F, 0x00, 0x33, 0x00, 0x37,
		0x00, 0x9B, 0xB8, 0x00, 0x38, 0x2F, 0xB8, 0x00, 0x0C, 0x2F, 0xB8, 0x00,
		0x38, 0x10, 0xB8, 0x00, 0x00, 0xD0, 0xB8, 0x00, 0x00, 0x2F, 0xB8, 0x00,
		0x1E, 0xDC, 0xB8, 0x00, 0x07, 0xD0, 0xB8, 0x00, 0x0C, 0x10, 0xB8, 0x00,
		0x12, 0xDC, 0xB8, 0x00, 0x0C, 0x10, 0xB8, 0x00, 0x19, 0xD0, 0xB8, 0x00,
		0x00, 0x10, 0xB8, 0x00, 0x24, 0xD0, 0xB8, 0x00, 0x1E, 0x10, 0xB8, 0x00,
		0x25, 0xD0, 0xB8, 0x00, 0x0C, 0x10, 0xB8, 0x00, 0x2A, 0xD0, 0xB8, 0x00,
		0x12, 0x10, 0xB8, 0x00, 0x2D, 0xD0, 0xB8, 0x00, 0x12, 0x10, 0xB8, 0x00,
		0x39, 0xDC, 0x00, 0xBB, 0x00, 0x04, 0x00, 0x01, 0x00, 0x22, 0x00, 0x04,
		0x2B, 0xBB, 0x00, 0x10, 0x00, 0x01, 0x00, 0x16, 0x00, 0x04, 0x2B, 0xB8,
		0x00, 0x16, 0x10, 0xB8, 0x00, 0x08, 0xD0, 0xB8, 0x00, 0x04, 0x10, 0xB8,
		0x00, 0x1A, 0xD0, 0xB8, 0x00, 0x10, 0x10, 0xB8, 0x00, 0x24, 0xD0, 0xB8,
		0x00, 0x16, 0x10, 0xB8, 0x00, 0x28, 0xD0, 0xB8, 0x00, 0x04, 0x10, 0xB8,
		0x00, 0x2C, 0xD0, 0xB8, 0x00, 0x22, 0x10, 0xB8, 0x00, 0x2E, 0xD0, 0x30,
		0x31, 0x37, 0x33, 0x35, 0x33, 0x35, 0x33, 0x35, 0x33, 0x35, 0x33, 0x35,
		0x33, 0x35, 0x33, 0x35, 0x33, 0x35, 0x33, 0x15, 0x23, 0x15, 0x23, 0x15,
		0x23, 0x15, 0x23, 0x15, 0x23, 0x15, 0x23, 0x15, 0x23, 0x15, 0x23, 0x15,
		0x23, 0x11, 0x33, 0x15, 0x23, 0x15, 0x23, 0x05, 0x33, 0x35, 0x33, 0x15,
		0x23, 0x03, 0x33, 0x35, 0x23, 0x13, 0x33, 0x35, 0x23, 0x32, 0x32, 0x32,
		0x32, 0x32, 0x32, 0x32, 0x32, 0x32, 0x64, 0x32, 0x32, 0x32, 0x32, 0x32,
		0x32, 0x32, 0x32, 0x64, 0xC8, 0x32, 0x96, 0x01, 0x2C, 0x32, 0x96, 0xC8,
		0xC8, 0x32, 0x32, 0xFA, 0x32, 0x32, 0x96, 0x32, 0x32, 0x32, 0x32, 0x32,
		0x32, 0x32, 0x32, 0x64, 0x32, 0x32, 0x32, 0x32, 0x32, 0x32, 0x32, 0x32,
		0x01, 0xF4, 0x96, 0x32, 0x96, 0x32, 0xC8, 0x01, 0x5E, 0x32, 0xFE, 0xD4,
		0x32, 0x00, 0x00, 0x00, 0x00, 0x05, 0x00, 0x32, 0x00, 0x00, 0x01, 0xF4,
		0x02, 0x58, 0x00, 0x23, 0x00, 0x2B, 0x00, 0x33, 0x00, 0x37, 0x00, 0x3B,
		0x00, 0xDF, 0xB8, 0x00, 0x3C, 0x2F, 0xB8, 0x00, 0x09, 0x2F, 0xB8, 0x00,
		0x3C, 0x10, 0xB8, 0x00, 0x00, 0xD0, 0xB8, 0x00, 0x00, 0x2F, 0xB8, 0x00,
		0x09, 0x10, 0xB8, 0x00, 0x06, 0xDC, 0xB8, 0x00, 0x0D, 0xD0, 0xB8, 0x00,
		0x06, 0x10, 0xB8, 0x00, 0x15, 0xD0, 0xB8, 0x00, 0x00, 0x10, 0xB8, 0x00,
		0x1B, 0xD0, 0xB8, 0x00, 0x00, 0x10, 0xB8, 0x00, 0x2B, 0xDC, 0xB8, 0x00,
		0x1F, 0xD0, 0xB8, 0x00, 0x09, 0x10, 0xB8, 0x00, 0x29, 0xD0, 0xB8, 0x00,
		0x2B, 0x10, 0xB8, 0x00, 0x2D, 0xD0, 0xB8, 0x00, 0x09, 0x10, 0xB8, 0x00,
		0x2F, 0xD0, 0xB8, 0x00, 0x09, 0x10, 0xB8, 0x00, 0x34, 0xD0, 0xB8, 0x00,
		0x06, 0x10, 0xB8, 0x00, 0x38, 0xD0, 0x00, 0xBB, 0x00, 0x13, 0x00, 0x01,
		0x00, 0x14, 0x00, 0x04, 0x2B, 0xBB, 0x00, 0x02, 0x00, 0x01, 0x00, 0x2B,
		0x00, 0x04, 0x2B, 0xBB, 0x00, 0x0A, 0x00, 0x01, 0x00, 0x30, 0x00, 0x04,
		0x2B, 0xBB, 0x00, 0x24, 0x00, 0x01, 0x00, 0x20, 0x00, 0x04, 0x2B, 0xB8,
		0x00, 0x20, 0x10, 0xB8, 0x00, 0x08, 0xD0, 0xB8, 0x00, 0x0A, 0x10, 0xB8,
		0x00, 0x0E, 0xD0, 0xB8, 0x00, 0x30, 0x10, 0xB8, 0x00, 0x10, 0xD0, 0xB8,
		0x00, 0x14, 0x10, 0xB8, 0x00, 0x18, 0xD0, 0xB8, 0x00, 0x0A, 0x10, 0xB8,
		0x00, 0x1E, 0xD0, 0xB8, 0x00, 0x20, 0x10, 0xB8, 0x00, 0x28, 0xD0, 0xB8,
		0x00, 0x0A, 0x10, 0xB8, 0x00, 0x2C, 0xD0, 0xB8, 0x00, 0x13, 0x10, 0xB8,
		0x00, 0x2E, 0xD0, 0xB8, 0x00, 0x13, 0x10, 0xB8, 0x00, 0x36, 0xD0, 0xB8,
		0x00, 0x30, 0x10, 0xB8, 0x00, 0x38, 0xD0, 0x30, 0x31, 0x13, 0x33, 0x35,
		0x33, 0x15, 0x33, 0x15, 0x23, 0x15, 0x23, 0x15, 0x33, 0x15, 0x33, 0x35,
		0x33, 0x15, 0x23, 0x15, 0x33, 0x15, 0x23, 0x35, 0x23, 0x15, 0x23, 0x35,
		0x23, 0x35, 0x33, 0x35, 0x33, 0x35, 0x23, 0x35, 0x23, 0x37, 0x33, 0x15,
		0x33, 0x15, 0x33, 0x35, 0x23, 0x17, 0x23, 0x15, 0x33, 0x35, 0x23, 0x35,
		0x23, 0x17, 0x33, 0x35, 0x23, 0x37, 0x33, 0x35, 0x23, 0x32, 0x32, 0xFA,
		0x32, 0x32, 0x32, 0x32, 0x32, 0x64, 0x32, 0x32, 0x64, 0x32, 0xFA, 0x32,
		0x32, 0x32, 0x32, 0x32, 0x64, 0x32, 0x32, 0x32, 0x96, 0x32, 0x32, 0x96,
		0x32, 0x32, 0x64, 0x32, 0x32, 0x64, 0x32, 0x32, 0x02, 0x26, 0x32, 0x32,
		0xC8, 0x32, 0x32, 0x32, 0x32, 0x64, 0x32, 0x64, 0x32, 0x32, 0x32, 0x96,
		0x32, 0x32, 0x32, 0x32, 0x32, 0x32, 0xC8, 0xFA, 0x96, 0x32, 0x32, 0x96,
		0x32, 0x32, 0x32, 0x00, 0x00, 0x01, 0x00, 0x32, 0x01, 0x90, 0x00, 0x96,
		0x02, 0x58, 0x00, 0x03, 0x00, 0x15, 0xBA, 0x00, 0x01, 0x00, 0x00, 0x00,
		0x03, 0x2B, 0x00, 0xBB, 0x00, 0x01, 0x00, 0x01, 0x00, 0x02, 0x00, 0x04,
		0x2B, 0x30, 0x31, 0x13, 0x33, 0x15, 0x23, 0x32, 0x64, 0x64, 0x02, 0x58,
		0xC8, 0x00, 0x00, 0x00, 0x00, 0x01, 0x00, 0x32, 0x00, 0x00, 0x01, 0x2C,
		0x02, 0x58, 0x00, 0x1B, 0x00, 0x3F, 0xBA, 0x00, 0x0D, 0x00, 0x00, 0x00,
		0x03, 0x2B, 0xB8, 0x00, 0x0D, 0x10, 0xB8, 0x00, 0x03, 0xD0, 0xB8, 0x00,
		0x0D, 0x10, 0xB8, 0x00, 0x17, 0xD0, 0x00, 0xBB, 0x00, 0x13, 0x00, 0x01,
		0x00, 0x14, 0x00, 0x04, 0x2B, 0xBB, 0x00, 0x06, 0x00, 0x01, 0x00, 0x05,
		0x00, 0x04, 0x2B, 0xB8, 0x00, 0x05, 0x10, 0xB8, 0x00, 0x08, 0xD0, 0xB8,
		0x00, 0x13, 0x10, 0xB8, 0x00, 0x16, 0xD0, 0x30, 0x31, 0x13, 0x33, 0x35,
		0x33, 0x35, 0x33, 0x35, 0x33, 0x15, 0x23, 0x15, 0x23, 0x15, 0x23, 0x15,
		0x33, 0x15, 0x33, 0x15, 0x33, 0x15, 0x23, 0x35, 0x23, 0x35, 0x23, 0x35,
		0x23, 0x32, 0x32, 0x32, 0x32, 0x64, 0x32, 0x32, 0x32, 0x32, 0x32, 0x32,
		0x64, 0x32, 0x32, 0x32, 0x01, 0x90, 0x64, 0x32, 0x32, 0x32, 0x32, 0x64,
		0xC8, 0x64, 0x32, 0x32, 0x32, 0x32, 0x64, 0x00, 0x00, 0x01, 0x00, 0x32,
		0x00, 0x00, 0x01, 0x2C, 0x02, 0x58, 0x00, 0x1B, 0x00, 0x47, 0xBA, 0x00,
		0x07, 0x00, 0x16, 0x00, 0x03, 0x2B, 0xB8, 0x00, 0x16, 0x10, 0xB8, 0x00,
		0x03, 0xD0, 0xB8, 0x00, 0x16, 0x10, 0xB8, 0x00, 0x0B, 0xD0, 0xB8, 0x00,
		0x07, 0x10, 0xB8, 0x00, 0x1D, 0xDC, 0x00, 0xBB, 0x00, 0x0D, 0x00, 0x01,
		0x00, 0x0E, 0x00, 0x04, 0x2B, 0xBB, 0x00, 0x00, 0x00, 0x01, 0x00, 0x1B,
		0x00, 0x04, 0x2B, 0xB8, 0x00, 0x1B, 0x10, 0xB8, 0x00, 0x02, 0xD0, 0xB8,
		0x00, 0x0D, 0x10, 0xB8, 0x00, 0x10, 0xD0, 0x30, 0x31, 0x13, 0x33, 0x15,
		0x33, 0x15, 0x33, 0x15, 0x33, 0x15, 0x23, 0x15, 0x23, 0x15, 0x23, 0x15,
		0x23, 0x35, 0x33, 0x35, 0x33, 0x35, 0x33, 0x35, 0x23, 0x35, 0x23, 0x35,
		0x23, 0x32, 0x64, 0x32, 0x32, 0x32, 0x32, 0x32, 0x32, 0x64, 0x32, 0x32,
		0x32, 0x32, 0x32, 0x32, 0x02, 0x58, 0x32, 0x32, 0x64, 0xC8, 0x64, 0x32,
		0x32, 0x32, 0x32, 0x64, 0xC8, 0x64, 0x32, 0x00, 0x00, 0x01, 0x00, 0x32,
		0x00, 0x96, 0x01, 0x90, 0x01, 0xF4, 0x00, 0x23, 0x01, 0x0D, 0xBA, 0x00,
		0x01, 0x00, 0x00, 0x00, 0x03, 0x2B, 0xBA, 0x00, 0x0A, 0x00, 0x05, 0x00,
		0x03, 0x2B, 0xB8, 0x00, 0x00, 0x10, 0xB8, 0x00, 0x03, 0xDC, 0xB8, 0x00,
		0x0A, 0x10, 0xB8, 0x00, 0x08, 0xDC, 0xBA, 0x00, 0x1D, 0x00, 0x00, 0x00,
		0x01, 0x11, 0x12, 0x39, 0xB8, 0x00, 0x1D, 0x2F, 0xB8, 0x00, 0x10, 0xDC,
		0xB8, 0x00, 0x0B, 0xD0, 0xB8, 0x00, 0x08, 0x10, 0xB8, 0x00, 0x0D, 0xD0,
		0xB8, 0x00, 0x0A, 0x10, 0xB8, 0x00, 0x11, 0xD0, 0xB8, 0x00, 0x09, 0x10,
		0xB8, 0x00, 0x12, 0xD0, 0xB8, 0x00, 0x08, 0x10, 0xB8, 0x00, 0x13, 0xD0,
		0xB8, 0x00, 0x05, 0x10, 0xB8, 0x00, 0x15, 0xD0, 0xB8, 0x00, 0x03, 0x10,
		0xB8, 0x00, 0x17, 0xD0, 0xB8, 0x00, 0x01, 0x10, 0xB8, 0x00, 0x19, 0xD0,
		0xB8, 0x00, 0x00, 0x10, 0xB8, 0x00, 0x1B, 0xD0, 0xB8, 0x00, 0x01, 0x10,
		0xB8, 0x00, 0x1F, 0xD0, 0xB8, 0x00, 0x1D, 0x10, 0xB8, 0x00, 0x21, 0xD0,
		0xB8, 0x00, 0x0A, 0x10, 0xB8, 0x00, 0x25, 0xDC, 0x00, 0xBB, 0x00, 0x0F,
		0x00, 0x01, 0x00, 0x12, 0x00, 0x04, 0x2B, 0xBA, 0x00, 0x07, 0x00, 0x14,
		0x00, 0x03, 0x2B, 0xBB, 0x00, 0x01, 0x00, 0x01, 0x00, 0x04, 0x00, 0x04,
		0x2B, 0xB8, 0x00, 0x07, 0x10, 0xB8, 0x00, 0x02, 0xD0, 0xB8, 0x00, 0x01,
		0x10, 0xB8, 0x00, 0x08, 0xD0, 0xB8, 0x00, 0x04, 0x10, 0xB8, 0x00, 0x0A,
		0xD0, 0xB8, 0x00, 0x08, 0x10, 0xB9, 0x00, 0x0D, 0x00, 0x01, 0xF4, 0xB8,
		0x00, 0x12, 0x10, 0xB9, 0x00, 0x11, 0x00, 0x01, 0xF4, 0xB8, 0x00, 0x16,
		0xD0, 0xB8, 0x00, 0x14, 0x10, 0xB8, 0x00, 0x18, 0xD0, 0xB8, 0x00, 0x12,
		0x10, 0xB8, 0x00, 0x1A, 0xD0, 0xB8, 0x00, 0x11, 0x10, 0xB8, 0x00, 0x1C,
		0xD0, 0xB8, 0x00, 0x0F, 0x10, 0xB8, 0x00, 0x1E, 0xD0, 0xB8, 0x00, 0x0D,
		0x10, 0xB8, 0x00, 0x20, 0xD0, 0xB8, 0x00, 0x04, 0x10, 0xB8, 0x00, 0x22,
		0xD0, 0x30, 0x31, 0x13, 0x33, 0x15, 0x33, 0x15, 0x33, 0x35, 0x33, 0x35,
		0x33, 0x15, 0x23, 0x15, 0x23, 0x15, 0x33, 0x15, 0x33, 0x15, 0x23, 0x35,
		0x23, 0x35, 0x23, 0x15, 0x23, 0x15, 0x23, 0x35, 0x33, 0x35, 0x33, 0x35,
		0x23, 0x35, 0x23, 0x32, 0x64, 0x32, 0x32, 0x32, 0x64, 0x32, 0x32, 0x32,
		0x32, 0x64, 0x32, 0x32, 0x32, 0x64, 0x32, 0x32, 0x32, 0x32, 0x01, 0xF4,
		0x32, 0x32, 0x32, 0x32, 0x64, 0x32, 0x32, 0x32, 0x64, 0x32, 0x32, 0x32,
		0x32, 0x64, 0x32, 0x32, 0x32, 0x00, 0x00, 0x00, 0x00, 0x01, 0x00, 0x32,
		0x00, 0x64, 0x01, 0xC2, 0x01, 0xF4, 0x00, 0x0B, 0x00, 0x35, 0xBA, 0x00,
		0x04, 0x00, 0x01, 0x00, 0x03, 0x2B, 0xB8, 0x00, 0x04, 0x10, 0xB8, 0x00,
		0x07, 0xD0, 0xB8, 0x00, 0x01, 0x10, 0xB8, 0x00, 0x09, 0xD0, 0x00, 0xBB,
		0x00, 0x05, 0x00, 0x01, 0x00, 0x06, 0x00, 0x04, 0x2B, 0xB8, 0x00, 0x05,
		0x10, 0xB8, 0x00, 0x00, 0xD0, 0xB8, 0x00, 0x06, 0x10, 0xB8, 0x00, 0x0A,
		0xD0, 0x30, 0x31, 0x13, 0x33, 0x35, 0x33, 0x15, 0x33, 0x15, 0x23, 0x15,
		0x23, 0x35, 0x23, 0x32, 0x96, 0x64, 0x96, 0x96, 0x64, 0x96, 0x01, 0x5E,
		0x96, 0x96, 0x64, 0x96, 0x96, 0x00, 0x00, 0x00, 0x00, 0x01, 0x00, 0x32,
		0xFF, 0xCE, 0x00, 0xC8, 0x00, 0x96, 0x00, 0x09, 0x00, 0x25, 0xBA, 0x00,
		0x01, 0x00, 0x00, 0x00, 0x03, 0x2B, 0xB8, 0x00, 0x01, 0x10, 0xB8, 0x00,
		0x05, 0xD0, 0x00, 0xBB, 0x00, 0x00, 0x00, 0x01, 0x00, 0x09, 0x00, 0x04,
		0x2B, 0xB8, 0x00, 0x09, 0x10, 0xB8, 0x00, 0x02, 0xD0, 0x30, 0x31, 0x37,
		0x33, 0x15, 0x33, 0x15, 0x23, 0x35, 0x23, 0x35, 0x23, 0x32, 0x64, 0x32,
		0x32, 0x32, 0x32, 0x96, 0x64, 0x64, 0x32, 0x32, 0x00, 0x01, 0x00, 0x32,
		0x00, 0xFA, 0x01, 0xC2, 0x01, 0x5E, 0x00, 0x03, 0x00, 0x0D, 0x00, 0xBB,
		0x00, 0x01, 0x00, 0x01, 0x00, 0x02, 0x00, 0x04, 0x2B, 0x30, 0x31, 0x13,
		0x21, 0x15, 0x21, 0x32, 0x01, 0x90, 0xFE, 0x70, 0x01, 0x5E, 0x64, 0x00,
		0x00, 0x01, 0x00, 0x32, 0x00, 0x00, 0x00, 0x96, 0x00, 0x64, 0x00, 0x03,
		0x00, 0x15, 0xBA, 0x00, 0x01, 0x00, 0x00, 0x00, 0x03, 0x2B, 0x00, 0xBB,
		0x00, 0x01, 0x00, 0x01, 0x00, 0x02, 0x00, 0x04, 0x2B, 0x30, 0x31, 0x37,
		0x33, 0x15, 0x23, 0x32, 0x64, 0x64, 0x64, 0x64, 0x00, 0x01, 0x00, 0x32,
		0x00, 0x32, 0x02, 0x26, 0x02, 0x26, 0x00, 0x23, 0x00, 0x0B, 0x00, 0xB8,
		0x00, 0x10, 0x2F, 0xB8, 0x00, 0x22, 0x2F, 0x30, 0x31, 0x37, 0x33, 0x35,
		0x33, 0x35, 0x33, 0x35, 0x33, 0x35, 0x33, 0x35, 0x33, 0x35, 0x33, 0x35,
		0x33, 0x35, 0x33, 0x15, 0x23, 0x15, 0x23, 0x15, 0x23, 0x15, 0x23, 0x15,
		0x23, 0x15, 0x23, 0x15, 0x23, 0x15, 0x23, 0x15, 0x23, 0x32, 0x32, 0x32,
		0x32, 0x32, 0x32, 0x32, 0x32, 0x32, 0x64, 0x32, 0x32, 0x32, 0x32, 0x32,
		0x32, 0x32, 0x32, 0x64, 0x96, 0x32, 0x32, 0x32, 0x32, 0x32, 0x32, 0x32,
		0x32, 0x64, 0x32, 0x32, 0x32, 0x32, 0x32, 0x32, 0x32, 0x32, 0x00, 0x00,
		0x00, 0x02, 0x00, 0x32, 0x00, 0x00, 0x01, 0xC2, 0x02, 0xBC, 0x00, 0x1D,
		0x00, 0x25, 0x00, 0x81, 0xB8, 0x00, 0x26, 0x2F, 0xB8, 0x00, 0x1C, 0x2F,
		0xB8, 0x00, 0x26, 0x10, 0xB8, 0x00, 0x00, 0xD0, 0xB8, 0x00, 0x00, 0x2F,
		0xB8, 0x00, 0x1C, 0x10, 0xB8, 0x00, 0x02, 0xDC, 0xB8, 0x00, 0x1C, 0x10,
		0xB8, 0x00, 0x07, 0xD0, 0xB8, 0x00, 0x00, 0x10, 0xB8, 0x00, 0x25, 0xDC,
		0xB8, 0x00, 0x0D, 0xD0, 0xB8, 0x00, 0x02, 0x10, 0xB8, 0x00, 0x0F, 0xD0,
		0xB8, 0x00, 0x00, 0x10, 0xB8, 0x00, 0x11, 0xD0, 0xB8, 0x00, 0x25, 0x10,
		0xB8, 0x00, 0x15, 0xD0, 0xB8, 0x00, 0x1C, 0x10, 0xB8, 0x00, 0x21, 0xD0,
		0xB8, 0x00, 0x02, 0x10, 0xB8, 0x00, 0x27, 0xDC, 0x00, 0xBB, 0x00, 0x0F,
		0x00, 0x01, 0x00, 0x10, 0x00, 0x04, 0x2B, 0xBB, 0x00, 0x1F, 0x00, 0x01,
		0x00, 0x22, 0x00, 0x04, 0x2B, 0xBB, 0x00, 0x01, 0x00, 0x01, 0x00, 0x02,
		0x00, 0x04, 0x2B, 0xB8, 0x00, 0x02, 0x10, 0xB8, 0x00, 0x1C, 0xD0, 0x30,
		0x31, 0x13, 0x21, 0x15, 0x23, 0x15, 0x23, 0x15, 0x23, 0x15, 0x23, 0x15,
		0x23, 0x15, 0x23, 0x15, 0x21, 0x15, 0x21, 0x35, 0x33, 0x35, 0x33, 0x35,
		0x33, 0x35, 0x33, 0x35, 0x33, 0x35, 0x23, 0x13, 0x33, 0x15, 0x23, 0x15,
		0x23, 0x35, 0x23, 0x32, 0x01, 0x90, 0x32, 0x32, 0x32, 0x32, 0x32, 0x32,
		0x01, 0x2C, 0xFE, 0x70, 0x32, 0x32, 0x32, 0x32, 0x32, 0xFA, 0x64, 0xC8,
		0x32, 0x64, 0x32, 0x01, 0xF4, 0x64, 0x32, 0x32, 0x32, 0x32, 0x32, 0x32,
		0x64, 0x96, 0x32, 0x32, 0x32, 0x32, 0x32, 0x01, 0x2C, 0x32, 0x32, 0x32,
		0x00, 0x02, 0x00, 0x32, 0x00, 0x00, 0x02, 0x26, 0x02, 0xBC, 0x00, 0x21,
		0x00, 0x29, 0x00, 0x81, 0xB8, 0x00, 0x2A, 0x2F, 0xB8, 0x00, 0x26, 0x2F,
		0xB8, 0x00, 0x2A, 0x10, 0xB8, 0x00, 0x00, 0xD0, 0xB8, 0x00, 0x00, 0x2F,
		0xB8, 0x00, 0x26, 0x10, 0xB8, 0x00, 0x01, 0xDC, 0xB8, 0x00, 0x26, 0x10,
		0xB8, 0x00, 0x09, 0xD0, 0xB8, 0x00, 0x00, 0x10, 0xB8, 0x00, 0x29, 0xDC,
		0xB8, 0x00, 0x0F, 0xD0, 0xB8, 0x00, 0x01, 0x10, 0xB8, 0x00, 0x11, 0xD0,
		0xB8, 0x00, 0x00, 0x10, 0xB8, 0x00, 0x13, 0xD0, 0xB8, 0x00, 0x29, 0x10,
		0xB8, 0x00, 0x19, 0xD0, 0xB8, 0x00, 0x26, 0x10, 0xB8, 0x00, 0x1F, 0xD0,
		0xB8, 0x00, 0x01, 0x10, 0xB8, 0x00, 0x2B, 0xDC, 0x00, 0xBB, 0x00, 0x11,
		0x00, 0x01, 0x00, 0x12, 0x00, 0x04, 0x2B, 0xBB, 0x00, 0x23, 0x00, 0x01,
		0x00, 0x26, 0x00, 0x04, 0x2B, 0xBB, 0x00, 0x01, 0x00, 0x01, 0x00, 0x02,
		0x00, 0x04, 0x2B, 0xB8, 0x00, 0x02, 0x10, 0xB8, 0x00, 0x20, 0xD0, 0x30,
		0x31, 0x13, 0x21, 0x15, 0x23, 0x15, 0x23, 0x15, 0x23, 0x15, 0x23, 0x15,
		0x23, 0x15, 0x23, 0x15, 0x23, 0x15, 0x21, 0x15, 0x21, 0x35, 0x33, 0x35,
		0x33, 0x35, 0x33, 0x35, 0x33, 0x35, 0x33, 0x35, 0x33, 0x35, 0x21, 0x37,
		0x33, 0x15, 0x23, 0x15, 0x23, 0x35, 0x23, 0x32, 0x01, 0xF4, 0x32, 0x32,
		0x32, 0x32, 0x32, 0x32, 0x32, 0x01, 0x5E, 0xFE, 0x0C, 0x32, 0x32, 0x32,
		0x32, 0x32, 0x32, 0xFE, 0xD4, 0x96, 0xC8, 0x32, 0x64, 0x32, 0x02, 0x26,
		0x64, 0x32, 0x32, 0x32, 0x32, 0x32, 0x32, 0x32, 0x64, 0x96, 0x32, 0x32,
		0x32, 0x32, 0x32, 0x32, 0xFA, 0x32, 0x32, 0x32, 0x00, 0x01, 0x00, 0x32,
		0x01, 0x90, 0x01, 0x90, 0x02, 0x58, 0x00, 0x0B, 0x00, 0x31, 0xB8, 0x00,
		0x0C, 0x2F, 0xB8, 0x00, 0x03, 0x2F, 0xB8, 0x00, 0x0C, 0x10, 0xB8, 0x00,
		0x00, 0xD0, 0xB8, 0x00, 0x00, 0x2F, 0xB8, 0x00, 0x01, 0xDC, 0xB8, 0x00,
		0x03, 0x10, 0xB8, 0x00, 0x06, 0xDC, 0xB8, 0x00, 0x0D, 0xDC, 0x00, 0xBB,
		0x00, 0x03, 0x00, 0x01, 0x00, 0x08, 0x00, 0x04, 0x2B, 0x30, 0x31, 0x13,
		0x33, 0x15, 0x33, 0x35, 0x33, 0x15, 0x23, 0x15, 0x23, 0x35, 0x23, 0x32,
		0x64, 0x96, 0x64, 0x32, 0xFA, 0x32, 0x02, 0x58, 0x64, 0x64, 0x96, 0x32,
		0x32, 0x00, 0x00, 0x00, 0x00, 0x02, 0x00, 0x32, 0x01, 0x90, 0x01, 0xF4,
		0x02, 0x58, 0x00, 0x0B, 0x00, 0x17, 0x00, 0x26, 0xB8, 0x00, 0x18, 0x2F,
		0xB8, 0x00, 0x0C, 0x2F, 0xB8, 0x00, 0x18, 0x10, 0xB8, 0x00, 0x00, 0xD0,
		0xB8, 0x00, 0x00, 0x2F, 0xB8, 0x00, 0x06, 0xDC, 0xB8, 0x00, 0x0C, 0x10,
		0xB8, 0x00, 0x12, 0xDC, 0xB8, 0x00, 0x19, 0xDC, 0x30, 0x31, 0x13, 0x33,
		0x35, 0x33, 0x35, 0x33, 0x15, 0x23, 0x15, 0x23, 0x15, 0x23, 0x37, 0x33,
		0x35, 0x33, 0x35, 0x33, 0x15, 0x23, 0x15, 0x23, 0x15, 0x23, 0x32, 0x32,
		0x32, 0x64, 0x32, 0x32, 0x64, 0xFA, 0x32, 0x32, 0x64, 0x32, 0x32, 0x64,
		0x01, 0xF4, 0x32, 0x32, 0x64, 0x32, 0x32, 0x64, 0x32, 0x32, 0x64, 0x32,
		0x32, 0x00, 0x00, 0x00, 0x00, 0x02, 0x00, 0x32, 0x01, 0x2C, 0x01, 0x5E,
		0x02, 0x58, 0x00, 0x0B, 0x00, 0x0F, 0x00, 0x43, 0xB8, 0x00, 0x10, 0x2F,
		0xB8, 0x00, 0x0D, 0x2F, 0xB8, 0x00, 0x10, 0x10, 0xB8, 0x00, 0x00, 0xD0,
		0xB8, 0x00, 0x00, 0x2F, 0xB8, 0x00, 0x0D, 0x10, 0xB8, 0x00, 0x06, 0xDC,
		0xB8, 0x00, 0x00, 0x10, 0xB8, 0x00, 0x0F, 0xDC, 0xB8, 0x00, 0x06, 0x10,
		0xB8, 0x00, 0x11, 0xDC, 0x00, 0xBB, 0x00, 0x0D, 0x00, 0x01, 0x00, 0x08,
		0x00, 0x04, 0x2B, 0xBB, 0x00, 0x03, 0x00, 0x01, 0x00, 0x0E, 0x00, 0x04,
		0x2B, 0x30, 0x31, 0x13, 0x33, 0x35, 0x33, 0x15, 0x33, 0x15, 0x23, 0x15,
		0x23, 0x35, 0x23, 0x37, 0x33, 0x35, 0x23, 0x32, 0x32, 0xC8, 0x32, 0x32,
		0xC8, 0x32, 0x64, 0x64, 0x64, 0x02, 0x26, 0x32, 0x32, 0xC8, 0x32, 0x32,
		0x32, 0x64, 0x00, 0x00, 0x00, 0x01, 0x00, 0x32, 0x01, 0x90, 0x00, 0xFA,
		0x02, 0x58, 0x00, 0x0B, 0x00, 0x1D, 0xBA, 0x00, 0x05, 0x00, 0x00, 0x00,
		0x03, 0x2B, 0xB8, 0x00, 0x05, 0x10, 0xB8, 0x00, 0x0D, 0xDC, 0x00, 0xBB,
		0x00, 0x03, 0x00, 0x01, 0x00, 0x08, 0x00, 0x04, 0x2B, 0x30, 0x31, 0x13,
		0x33, 0x35, 0x33, 0x15, 0x33, 0x15, 0x23, 0x15, 0x23, 0x35, 0x23, 0x32,
		0x32, 0x64, 0x32, 0x32, 0x64, 0x32, 0x02, 0x26, 0x32, 0x32, 0x64, 0x32,
		0x32, 0x00, 0x00, 0x00, 0x00, 0x01, 0x00, 0x32, 0x01, 0x2B, 0x01, 0x90,
		0x02, 0x57, 0x00, 0x1B, 0x00, 0xD7, 0xB8, 0x00, 0x1C, 0x2F, 0xB8, 0x00,
		0x00, 0xD0, 0xB8, 0x00, 0x00, 0x2F, 0xB8, 0x00, 0x01, 0xDC, 0xB8, 0x00,
		0x00, 0x10, 0xB8, 0x00, 0x05, 0xDC, 0x41, 0x03, 0x00, 0xEF, 0x00, 0x05,
		0x00, 0x01, 0x5D, 0x41, 0x03, 0x00, 0x0F, 0x00, 0x05, 0x00, 0x01, 0x5D,
		0x41, 0x05, 0x00, 0x10, 0x00, 0x05, 0x00, 0x20, 0x00, 0x05, 0x00, 0x02,
		0x5D, 0x41, 0x03, 0x00, 0x80, 0x00, 0x05, 0x00, 0x01, 0x5D, 0xB8, 0x00,
		0x08, 0xDC, 0xB8, 0x00, 0x05, 0x10, 0xB8, 0x00, 0x0C, 0xDC, 0x41, 0x03,
		0x00, 0xEF, 0x00, 0x0C, 0x00, 0x01, 0x5D, 0x41, 0x03, 0x00, 0x0F, 0x00,
		0x0C, 0x00, 0x01, 0x5D, 0x41, 0x03, 0x00, 0x80, 0x00, 0x0C, 0x00, 0x01,
		0x5D, 0x41, 0x05, 0x00, 0x10, 0x00, 0x0C, 0x00, 0x20, 0x00, 0x0C, 0x00,
		0x02, 0x5D, 0xB8, 0x00, 0x0D, 0xDC, 0xB8, 0x00, 0x0C, 0x10, 0xB8, 0x00,
		0x0F, 0xD0, 0xB8, 0x00, 0x08, 0x10, 0xB8, 0x00, 0x13, 0xD0, 0xB8, 0x00,
		0x05, 0x10, 0xB8, 0x00, 0x15, 0xD0, 0xB8, 0x00, 0x01, 0x10, 0xB8, 0x00,
		0x19, 0xD0, 0xB8, 0x00, 0x0D, 0x10, 0xB8, 0x00, 0x1D, 0xDC, 0x00, 0xBB,
		0x00, 0x06, 0x00, 0x01, 0x00, 0x15, 0x00, 0x04, 0x2B, 0xBB, 0x00, 0x01,
		0x00, 0x01, 0x00, 0x02, 0x00, 0x04, 0x2B, 0xB8, 0x00, 0x02, 0x10, 0xB8,
		0x00, 0x0A, 0xD0, 0xB8, 0x00, 0x01, 0x10, 0xB8, 0x00, 0x0C, 0xD0, 0xB8,
		0x00, 0x06, 0x10, 0xB8, 0x00, 0x0E, 0xD0, 0xB8, 0x00, 0x06, 0x10, 0xB8,
		0x00, 0x1A, 0xD0, 0x30, 0x31, 0x13, 0x33, 0x15, 0x33, 0x15, 0x33, 0x15,
		0x33, 0x35, 0x33, 0x35, 0x33, 0x35, 0x33, 0x15, 0x23, 0x15, 0x23, 0x15,
		0x23, 0x15, 0x23, 0x35, 0x23, 0x35, 0x23, 0x35, 0x23, 0x32, 0x32, 0x32,
		0x32, 0x32, 0x32, 0x32, 0x32, 0x32, 0x32, 0x32, 0x32, 0x32, 0x32, 0x32,
		0x02, 0x57, 0x32, 0x32, 0x32, 0x32, 0x32, 0x32, 0x96, 0x32, 0x32, 0x32,
		0x32, 0x32, 0x32, 0x00, 0x00, 0x01, 0x00, 0x32, 0xFF, 0x9C, 0x00, 0xFA,
		0x00, 0xC8, 0x00, 0x0B, 0x00, 0x2F, 0xBA, 0x00, 0x00, 0x00, 0x01, 0x00,
		0x03, 0x2B, 0xB8, 0x00, 0x01, 0x10, 0xB8, 0x00, 0x05, 0xD0, 0xB8, 0x00,
		0x01, 0x10, 0xB8, 0x00, 0x09, 0xD0, 0x00, 0xBB, 0x00, 0x03, 0x00, 0x01,
		0x00, 0x04, 0x00, 0x04, 0x2B, 0xBB, 0x00, 0x0B, 0x00, 0x01, 0x00, 0x00,
		0x00, 0x04, 0x2B, 0x30, 0x31, 0x37, 0x23, 0x15, 0x33, 0x15, 0x23, 0x35,
		0x23, 0x35, 0x33, 0x35, 0x33, 0xC8, 0x64, 0x96, 0x96, 0x32, 0x32, 0x64,
		0x32, 0x32, 0x64, 0x32, 0x96, 0x64, 0x00, 0x00, 0x00, 0x01, 0x00, 0x32,
		0x00, 0x32, 0x02, 0x26, 0x02, 0x26, 0x00, 0x23, 0x00, 0x0B, 0x00, 0xB8,
		0x00, 0x10, 0x2F, 0xB8, 0x00, 0x22, 0x2F, 0x30, 0x31, 0x37, 0x33, 0x35,
		0x33, 0x35, 0x33, 0x35, 0x33, 0x35, 0x33, 0x35, 0x33, 0x35, 0x33, 0x35,
		0x33, 0x35, 0x33, 0x15, 0x23, 0x15, 0x23, 0x15, 0x23, 0x15, 0x23, 0x15,
		0x23, 0x15, 0x23, 0x15, 0x23, 0x15, 0x23, 0x15, 0x23, 0x32, 0x32, 0x32,
		0x32, 0x32, 0x32, 0x32, 0x32, 0x32, 0x64, 0x32, 0x32, 0x32, 0x32, 0x32,
		0x32, 0x32, 0x32, 0x64, 0x96, 0x32, 0x32, 0x32, 0x32, 0x32, 0x32, 0x32,
		0x32, 0x64, 0x32, 0x32, 0x32, 0x32, 0x32, 0x32, 0x32, 0x32, 0x00, 0x00,
		0x00, 0x01, 0x00, 0x32, 0x00, 0x00, 0x00, 0x96, 0x01, 0xF4, 0x00, 0x03,
		0x00, 0x0A, 0xBA, 0x00, 0x01, 0x00, 0x00, 0x00, 0x03, 0x2B, 0x30, 0x31,
		0x13, 0x33, 0x11, 0x23, 0x32, 0x64, 0x64, 0x01, 0xF4, 0xFE, 0x0C, 0x00,
		0x00, 0x01, 0x00, 0x32, 0x00, 0x00, 0x02, 0x8A, 0x02, 0x58, 0x00, 0x19,
		0x00, 0x2D, 0xBA, 0x00, 0x11, 0x00, 0x03, 0x00, 0x03, 0x2B, 0xB8, 0x00,
		0x11, 0x10, 0xB8, 0x00, 0x05, 0xD0, 0xB8, 0x00, 0x03, 0x10, 0xB8, 0x00,
		0x15, 0xD0, 0x00, 0xBB, 0x00, 0x13, 0x00, 0x01, 0x00, 0x14, 0x00, 0x04,
		0x2B, 0xB8, 0x00, 0x13, 0x10, 0xB8, 0x00, 0x18, 0xD0, 0x30, 0x31, 0x37,
		0x33, 0x35, 0x33, 0x11, 0x33, 0x15, 0x33, 0x35, 0x33, 0x35, 0x33, 0x15,
		0x23, 0x15, 0x23, 0x15, 0x23, 0x15, 0x21, 0x15, 0x21, 0x35, 0x23, 0x15,
		0x23, 0x32, 0x32, 0x32, 0x64, 0x32, 0x32, 0x32, 0x32, 0x32, 0x32, 0x01,
		0x90, 0xFE, 0x0C, 0x32, 0x32, 0xC8, 0x32, 0x01, 0x5E, 0xC8, 0x32, 0x32,
		0x64, 0x32, 0x32, 0xC8, 0x64, 0x96, 0x32, 0x00, 0x00, 0x01, 0x00, 0x32,
		0x00, 0x00, 0x01, 0x5E, 0x02, 0x58, 0x00, 0x13, 0x00, 0x1A, 0xBA, 0x00,
		0x0D, 0x00, 0x03, 0x00, 0x03, 0x2B, 0xB8, 0x00, 0x0D, 0x10, 0xB8, 0x00,
		0x05, 0xD0, 0xB8, 0x00, 0x03, 0x10, 0xB8, 0x00, 0x0F, 0xD0, 0x30, 0x31,
		0x37, 0x33, 0x35, 0x33, 0x11, 0x33, 0x15, 0x33, 0x35, 0x33, 0x15, 0x23,
		0x15, 0x23, 0x11, 0x23, 0x35, 0x23, 0x15, 0x23, 0x32, 0x32, 0x32, 0x64,
		0x32, 0x32, 0x32, 0x32, 0x64, 0x32, 0x32, 0xC8, 0x32, 0x01, 0x5E, 0xC8,
		0x32, 0x64, 0x32, 0xFE, 0xD4, 0x96, 0x32, 0x00, 0x00, 0x01, 0x00, 0x32,
		0x00, 0x00, 0x01, 0xC2, 0x02, 0x58, 0x00, 0x17, 0x00, 0x6B, 0xB8, 0x00,
		0x18, 0x2F, 0xB8, 0x00, 0x10, 0x2F, 0xB8, 0x00, 0x18, 0x10, 0xB8, 0x00,
		0x01, 0xD0, 0xB8, 0x00, 0x01, 0x2F, 0xB8, 0x00, 0x10, 0x10, 0xB8, 0x00,
		0x07, 0xD0, 0xB8, 0x00, 0x01, 0x10, 0xB8, 0x00, 0x0C, 0xDC, 0xB8, 0x00,
		0x10, 0x10, 0xB8, 0x00, 0x0D, 0xDC, 0xB8, 0x00, 0x0C, 0x10, 0xB8, 0x00,
		0x13, 0xD0, 0xB8, 0x00, 0x01, 0x10, 0xB8, 0x00, 0x15, 0xD0, 0xB8, 0x00,
		0x0D, 0x10, 0xB8, 0x00, 0x19, 0xDC, 0x00, 0xBB, 0x00, 0x05, 0x00, 0x01,
		0x00, 0x0A, 0x00, 0x04, 0x2B, 0xBB, 0x00, 0x0C, 0x00, 0x01, 0x00, 0x13,
		0x00, 0x04, 0x2B, 0xB8, 0x00, 0x0C, 0x10, 0xB8, 0x00, 0x00, 0xD0, 0xB8,
		0x00, 0x13, 0x10, 0xB8, 0x00, 0x16, 0xD0, 0x30, 0x31, 0x13, 0x33, 0x35,
		0x33, 0x35, 0x33, 0x15, 0x33, 0x15, 0x23, 0x35, 0x23, 0x15, 0x33, 0x11,
		0x23, 0x11, 0x23, 0x15, 0x23, 0x15, 0x23, 0x35, 0x23, 0x32, 0x32, 0x32,
		0x96, 0x32, 0x32, 0x64, 0xFA, 0x64, 0x32, 0x64, 0x64, 0x32, 0x01, 0x5E,
		0xC8, 0x32, 0x32, 0x64, 0x32, 0x96, 0xFE, 0xA2, 0x01, 0x2C, 0x32, 0xFA,
		0xFA, 0x00, 0x00, 0x00, 0x00, 0x01, 0x00, 0x32, 0x00, 0x00, 0x01, 0xC2,
		0x02, 0x58, 0x00, 0x17, 0x00, 0x6F, 0xB8, 0x00, 0x18, 0x2F, 0xB8, 0x00,
		0x08, 0x2F, 0xB8, 0x00, 0x18, 0x10, 0xB8, 0x00, 0x01, 0xD0, 0xB8, 0x00,
		0x01, 0x2F, 0xB8, 0x00, 0x08, 0x10, 0xB8, 0x00, 0x09, 0xDC, 0xB8, 0x00,
		0x08, 0x10, 0xB8, 0x00, 0x0B, 0xD0, 0xB8, 0x00, 0x01, 0x10, 0xB8, 0x00,
		0x10, 0xDC, 0xB8, 0x00, 0x13, 0xD0, 0xB8, 0x00, 0x01, 0x10, 0xB8, 0x00,
		0x15, 0xD0, 0xB8, 0x00, 0x09, 0x10, 0xB8, 0x00, 0x19, 0xDC, 0x00, 0xBB,
		0x00, 0x05, 0x00, 0x01, 0x00, 0x0E, 0x00, 0x04, 0x2B, 0xBB, 0x00, 0x11,
		0x00, 0x01, 0x00, 0x12, 0x00, 0x04, 0x2B, 0xB8, 0x00, 0x11, 0x10, 0xB8,
		0x00, 0x00, 0xD0, 0xB8, 0x00, 0x05, 0x10, 0xB8, 0x00, 0x08, 0xD0, 0xB8,
		0x00, 0x12, 0x10, 0xB8, 0x00, 0x16, 0xD0, 0x30, 0x31, 0x13, 0x33, 0x35,
		0x33, 0x35, 0x33, 0x15, 0x33, 0x35, 0x33, 0x11, 0x23, 0x11, 0x23, 0x35,
		0x23, 0x15, 0x33, 0x15, 0x23, 0x15, 0x23, 0x35, 0x23, 0x32, 0x32, 0x32,
		0x96, 0x32, 0x64, 0x64, 0x32, 0x64, 0x64, 0x64, 0x64, 0x32, 0x01, 0x5E,
		0xC8, 0x32, 0x32, 0x32, 0xFD, 0xA8, 0x01, 0xC2, 0x32, 0x96, 0x64, 0xFA,
		0xFA, 0x00, 0x00, 0x00, 0x00, 0x02, 0x00, 0x32, 0x00, 0x00, 0x02, 0x26,
		0x02, 0x58, 0x00, 0x0B, 0x00, 0x0F, 0x00, 0x4F, 0xB8, 0x00, 0x10, 0x2F,
		0xB8, 0x00, 0x07, 0x2F, 0xB8, 0x00, 0x10, 0x10, 0xB8, 0x00, 0x00, 0xD0,
		0xB8, 0x00, 0x00, 0x2F, 0xB8, 0x00, 0x07, 0x10, 0xB8, 0x00, 0x06, 0xDC,
		0xB8, 0x00, 0x00, 0x10, 0xB8, 0x00, 0x0F, 0xDC, 0xB8, 0x00, 0x09, 0xD0,
		0xB8, 0x00, 0x07, 0x10, 0xB8, 0x00, 0x0D, 0xD0, 0xB8, 0x00, 0x06, 0x10,
		0xB8, 0x00, 0x11, 0xDC, 0x00, 0xBB, 0x00, 0x03, 0x00, 0x01, 0x00, 0x0E,
		0x00, 0x04, 0x2B, 0xBB, 0x00, 0x0D, 0x00, 0x01, 0x00, 0x08, 0x00, 0x04,
		0x2B, 0x30, 0x31, 0x13, 0x33, 0x35, 0x21, 0x15, 0x33, 0x11, 0x23, 0x35,
		0x21, 0x15, 0x23, 0x13, 0x21, 0x35, 0x21, 0x32, 0x32, 0x01, 0x90, 0x32,
		0x64, 0xFE, 0xD4, 0x64, 0x64, 0x01, 0x2C, 0xFE, 0xD4, 0x02, 0x26, 0x32,
		0x32, 0xFD, 0xDA, 0xC8, 0xC8, 0x01, 0x2C, 0xC8, 0x00, 0x02, 0x00, 0x32,
		0x00, 0x00, 0x02, 0x26, 0x02, 0x58, 0x00, 0x0B, 0x00, 0x0F, 0x00, 0x51,
		0xB8, 0x00, 0x10, 0x2F, 0xB8, 0x00, 0x0D, 0x2F, 0xB8, 0x00, 0x10, 0x10,
		0xB8, 0x00, 0x00, 0xD0, 0xB8, 0x00, 0x00, 0x2F, 0xB8, 0x00, 0x03, 0xDC,
		0xB8, 0x00, 0x0D, 0x10, 0xB8, 0x00, 0x08, 0xDC, 0xB8, 0x00, 0x03, 0x10,
		0xB8, 0x00, 0x0C, 0xD0, 0xB8, 0x00, 0x08, 0x10, 0xB8, 0x00, 0x11, 0xDC,
		0x00, 0xBB, 0x00, 0x0D, 0x00, 0x01, 0x00, 0x0A, 0x00, 0x04, 0x2B, 0xBB,
		0x00, 0x01, 0x00, 0x01, 0x00, 0x02, 0x00, 0x04, 0x2B, 0xBB, 0x00, 0x05,
		0x00, 0x01, 0x00, 0x0E, 0x00, 0x04, 0x2B, 0x30, 0x31, 0x13, 0x21, 0x15,
		0x21, 0x15, 0x21, 0x15, 0x33, 0x15, 0x23, 0x15, 0x21, 0x37, 0x21, 0x35,
		0x21, 0x32, 0x01, 0xC2, 0xFE, 0xA2, 0x01, 0x5E, 0x32, 0x32, 0xFE, 0x3E,
		0x64, 0x01, 0x2C, 0xFE, 0xD4, 0x02, 0x58, 0x64, 0x96, 0x32, 0xFA, 0x32,
		0x64, 0x96, 0x00, 0x00, 0x00, 0x03, 0x00, 0x32, 0x00, 0x00, 0x02, 0x26,
		0x02, 0x58, 0x00, 0x07, 0x00, 0x0B, 0x00, 0x0F, 0x00, 0x59, 0xB8, 0x00,
		0x10, 0x2F, 0xB8, 0x00, 0x08, 0x2F, 0xB8, 0x00, 0x10, 0x10, 0xB8, 0x00,
		0x00, 0xD0, 0xB8, 0x00, 0x00, 0x2F, 0xB8, 0x00, 0x08, 0x10, 0xB8, 0x00,
		0x03, 0xDC, 0xB8, 0x00, 0x00, 0x10, 0xB8, 0x00, 0x09, 0xDC, 0xB8, 0x00,
		0x0C, 0xD0, 0xB8, 0x00, 0x08, 0x10, 0xB8, 0x00, 0x0D, 0xD0, 0xB8, 0x00,
		0x03, 0x10, 0xB8, 0x00, 0x11, 0xDC, 0x00, 0xBB, 0x00, 0x0D, 0x00, 0x01,
		0x00, 0x06, 0x00, 0x04, 0x2B, 0xBB, 0x00, 0x01, 0x00, 0x01, 0x00, 0x08,
		0x00, 0x04, 0x2B, 0xBB, 0x00, 0x0B, 0x00, 0x01, 0x00, 0x0E, 0x00, 0x04,
		0x2B, 0x30, 0x31, 0x13, 0x21, 0x15, 0x33, 0x11, 0x23, 0x15, 0x21, 0x01,
		0x21, 0x15, 0x21, 0x05, 0x21, 0x35, 0x21, 0x32, 0x01, 0xC2, 0x32, 0x32,
		0xFE, 0x3E, 0x01, 0x90, 0xFE, 0xD4, 0x01, 0x2C, 0xFE, 0xD4, 0x01, 0x2C,
		0xFE, 0xD4, 0x02, 0x58, 0x32, 0xFE, 0x0C, 0x32, 0x01, 0xF4, 0x96, 0xFA,
		0x96, 0x00, 0x00, 0x00, 0x00, 0x01, 0x00, 0x32, 0x00, 0x00, 0x01, 0xF4,
		0x02, 0x58, 0x00, 0x05, 0x00, 0x15, 0xBA, 0x00, 0x03, 0x00, 0x00, 0x00,
		0x03, 0x2B, 0x00, 0xBB, 0x00, 0x01, 0x00, 0x01, 0x00, 0x02, 0x00, 0x04,
		0x2B, 0x30, 0x31, 0x13, 0x21, 0x15, 0x21, 0x11, 0x23, 0x32, 0x01, 0xC2,
		0xFE, 0xA2, 0x64, 0x02, 0x58, 0x64, 0xFE, 0x0C, 0x00, 0x02, 0x00, 0x32,
		0xFF, 0x9C, 0x02, 0x58, 0x02, 0x58, 0x00, 0x0B, 0x00, 0x0F, 0x00, 0x5F,
		0xB8, 0x00, 0x10, 0x2F, 0xB8, 0x00, 0x0D, 0x2F, 0xB8, 0x00, 0x10, 0x10,
		0xB8, 0x00, 0x01, 0xD0, 0xB8, 0x00, 0x01, 0x2F, 0xB8, 0x00, 0x0D, 0x10,
		0xB8, 0x00, 0x04, 0xDC, 0xB8, 0x00, 0x07, 0xD0, 0xB8, 0x00, 0x01, 0x10,
		0xB8, 0x00, 0x09, 0xD0, 0xB8, 0x00, 0x01, 0x10, 0xB8, 0x00, 0x0C, 0xDC,
		0xB8, 0x00, 0x04, 0x10, 0xB8, 0x00, 0x11, 0xDC, 0x00, 0xBB, 0x00, 0x03,
		0x00, 0x01, 0x00, 0x0E, 0x00, 0x04, 0x2B, 0xBB, 0x00, 0x04, 0x00, 0x01,
		0x00, 0x08, 0x00, 0x04, 0x2B, 0xB8, 0x00, 0x04, 0x10, 0xB8, 0x00, 0x00,
		0xD0, 0xB8, 0x00, 0x04, 0x10, 0xB8, 0x00, 0x0C, 0xD0, 0x30, 0x31, 0x37,
		0x33, 0x11, 0x21, 0x11, 0x33, 0x15, 0x23, 0x35, 0x21, 0x15, 0x23, 0x37,
		0x33, 0x11, 0x23, 0x32, 0x64, 0x01, 0x5E, 0x64, 0x64, 0xFE, 0xA2, 0x64,
		0xC8, 0x96, 0x96, 0x64, 0x01, 0xF4, 0xFE, 0x0C, 0xC8, 0x64, 0x64, 0xC8,
		0x01, 0x90, 0x00, 0x00, 0x00, 0x01, 0x00, 0x32, 0x00, 0x00, 0x02, 0x26,
		0x02, 0x58, 0x00, 0x0B, 0x00, 0x31, 0xBA, 0x00, 0x03, 0x00, 0x00, 0x00,
		0x03, 0x2B, 0xB8, 0x00, 0x03, 0x10, 0xB8, 0x00, 0x07, 0xD0, 0x00, 0xBB,
		0x00, 0x09, 0x00, 0x01, 0x00, 0x0A, 0x00, 0x04, 0x2B, 0xBB, 0x00, 0x01,
		0x00, 0x01, 0x00, 0x02, 0x00, 0x04, 0x2B, 0xBB, 0x00, 0x05, 0x00, 0x01,
		0x00, 0x06, 0x00, 0x04, 0x2B, 0x30, 0x31, 0x13, 0x21, 0x15, 0x21, 0x15,
		0x21, 0x15, 0x21, 0x15, 0x21, 0x15, 0x21, 0x32, 0x01, 0xF4, 0xFE, 0x70,
		0x01, 0x5E, 0xFE, 0xA2, 0x01, 0x90, 0xFE, 0x0C, 0x02, 0x58, 0x64, 0x96,
		0x64, 0x96, 0x64, 0x00, 0x00, 0x01, 0x00, 0x32, 0x00, 0x00, 0x02, 0x26,
		0x02, 0x58, 0x00, 0x23, 0x01, 0x1F, 0xB8, 0x00, 0x24, 0x2F, 0xB8, 0x00,
		0x00, 0xD0, 0xB8, 0x00, 0x00, 0x2F, 0xB8, 0x00, 0x01, 0xDC, 0xB8, 0x00,
		0x00, 0x10, 0xB8, 0x00, 0x03, 0xDC, 0x41, 0x03, 0x00, 0xDF, 0x00, 0x03,
		0x00, 0x01, 0x5D, 0x41, 0x03, 0x00, 0x90, 0x00, 0x03, 0x00, 0x01, 0x5D,
		0x41, 0x03, 0x00, 0x40, 0x00, 0x03, 0x00, 0x01, 0x5D, 0xB8, 0x00, 0x06,
		0xDC, 0xB8, 0x00, 0x03, 0x10, 0xB8, 0x00, 0x07, 0xDC, 0x41, 0x03, 0x00,
		0xDF, 0x00, 0x07, 0x00, 0x01, 0x5D, 0x41, 0x03, 0x00, 0x90, 0x00, 0x07,
		0x00, 0x01, 0x5D, 0x41, 0x03, 0x00, 0x40, 0x00, 0x07, 0x00, 0x01, 0x5D,
		0xB8, 0x00, 0x0A, 0xDC, 0xB8, 0x00, 0x07, 0x10, 0xB8, 0x00, 0x0D, 0xD0,
		0xB8, 0x00, 0x07, 0x10, 0xB8, 0x00, 0x13, 0xD0, 0xB8, 0x00, 0x06, 0x10,
		0xB8, 0x00, 0x15, 0xD0, 0xB8, 0x00, 0x03, 0x10, 0xB8, 0x00, 0x17, 0xD0,
		0xB8, 0x00, 0x01, 0x10, 0xB8, 0x00, 0x19, 0xD0, 0xB8, 0x00, 0x00, 0x10,
		0xB8, 0x00, 0x1B, 0xD0, 0xB8, 0x00, 0x01, 0x10, 0xB8, 0x00, 0x1F, 0xD0,
		0xB8, 0x00, 0x0A, 0x10, 0xB8, 0x00, 0x25, 0xDC, 0x00, 0xBB, 0x00, 0x11,
		0x00, 0x01, 0x00, 0x12, 0x00, 0x04, 0x2B, 0xBB, 0x00, 0x00, 0x00, 0x01,
		0x00, 0x23, 0x00, 0x04, 0x2B, 0xBB, 0x00, 0x07, 0x00, 0x01, 0x00, 0x0E,
		0x00, 0x04, 0x2B, 0xB8, 0x00, 0x07, 0x10, 0xB8, 0x00, 0x02, 0xD0, 0xB8,
		0x00, 0x00, 0x10, 0xB8, 0x00, 0x04, 0xD0, 0xB8, 0x00, 0x00, 0x10, 0xB8,
		0x00, 0x08, 0xD0, 0xB8, 0x00, 0x23, 0x10, 0xB8, 0x00, 0x0A, 0xD0, 0xB8,
		0x00, 0x07, 0x10, 0xB8, 0x00, 0x0C, 0xD0, 0xB8, 0x00, 0x0E, 0x10, 0xB8,
		0x00, 0x14, 0xD0, 0xB8, 0x00, 0x12, 0x10, 0xB8, 0x00, 0x16, 0xD0, 0xB8,
		0x00, 0x0E, 0x10, 0xB8, 0x00, 0x18, 0xD0, 0xB8, 0x00, 0x12, 0x10, 0xB8,
		0x00, 0x1A, 0xD0, 0xB8, 0x00, 0x11, 0x10, 0xB8, 0x00, 0x1C, 0xD0, 0xB8,
		0x00, 0x0E, 0x10, 0xB8, 0x00, 0x1E, 0xD0, 0xB8, 0x00, 0x07, 0x10, 0xB8,
		0x00, 0x20, 0xD0, 0x30, 0x31, 0x13, 0x33, 0x15, 0x33, 0x35, 0x33, 0x15,
		0x33, 0x35, 0x33, 0x15, 0x23, 0x15, 0x23, 0x15, 0x33, 0x15, 0x33, 0x15,
		0x23, 0x35, 0x23, 0x15, 0x23, 0x35, 0x23, 0x15, 0x23, 0x35, 0x33, 0x35,
		0x33, 0x35, 0x23, 0x35, 0x23, 0x32, 0x64, 0x64, 0x64, 0x64, 0x64, 0x32,
		0x32, 0x32, 0x32, 0x64, 0x64, 0x64, 0x64, 0x64, 0x32, 0x32, 0x32, 0x32,
		0x02, 0x58, 0xFA, 0xFA, 0xFA, 0xFA, 0xC8, 0x32, 0x64, 0x32, 0xC8, 0xFA,
		0xFA, 0xFA, 0xFA, 0xC8, 0x32, 0x64, 0x32, 0x00, 0x00, 0x01, 0x00, 0x32,
		0x00, 0x00, 0x02, 0x26, 0x02, 0x58, 0x00, 0x1B, 0x00, 0x75, 0xB8, 0x00,
		0x1C, 0x2F, 0xB8, 0x00, 0x13, 0x2F, 0xB8, 0x00, 0x1C, 0x10, 0xB8, 0x00,
		0x00, 0xD0, 0xB8, 0x00, 0x00, 0x2F, 0xB8, 0x00, 0x13, 0x10, 0xB8, 0x00,
		0x0A, 0xDC, 0xB8, 0x00, 0x05, 0xD0, 0xB8, 0x00, 0x00, 0x10, 0xB8, 0x00,
		0x0F, 0xD0, 0xB8, 0x00, 0x00, 0x10, 0xB8, 0x00, 0x19, 0xDC, 0xB8, 0x00,
		0x11, 0xD0, 0xB8, 0x00, 0x13, 0x10, 0xB8, 0x00, 0x17, 0xD0, 0xB8, 0x00,
		0x0A, 0x10, 0xB8, 0x00, 0x1D, 0xDC, 0x00, 0xBB, 0x00, 0x13, 0x00, 0x01,
		0x00, 0x0C, 0x00, 0x04, 0x2B, 0xBB, 0x00, 0x03, 0x00, 0x01, 0x00, 0x18,
		0x00, 0x04, 0x2B, 0xBB, 0x00, 0x07, 0x00, 0x01, 0x00, 0x08, 0x00, 0x04,
		0x2B, 0xB8, 0x00, 0x08, 0x10, 0xB8, 0x00, 0x14, 0xD0, 0xB8, 0x00, 0x07,
		0x10, 0xB8, 0x00, 0x16, 0xD0, 0x30, 0x31, 0x13, 0x33, 0x35, 0x21, 0x15,
		0x33, 0x15, 0x23, 0x15, 0x33, 0x15, 0x23, 0x15, 0x21, 0x35, 0x23, 0x35,
		0x33, 0x15, 0x21, 0x35, 0x21, 0x35, 0x21, 0x35, 0x21, 0x15, 0x23, 0x32,
		0x32, 0x01, 0x90, 0x32, 0x32, 0x32, 0x32, 0xFE, 0x70, 0x32, 0x64, 0x01,
		0x2C, 0xFE, 0xA2, 0x01, 0x5E, 0xFE, 0xD4, 0x64, 0x02, 0x26, 0x32, 0x32,
		0xC8, 0x64, 0xC8, 0x32, 0x32, 0x64, 0x32, 0x96, 0x64, 0x96, 0x32, 0x00,
		0x00, 0x01, 0x00, 0x32, 0x00, 0x00, 0x02, 0x26, 0x02, 0x58, 0x00, 0x23,
		0x00, 0x32, 0xB8, 0x00, 0x24, 0x2F, 0xB8, 0x00, 0x01, 0x2F, 0xB8, 0x00,
		0x00, 0xDC, 0xB8, 0x00, 0x24, 0x10, 0xB8, 0x00, 0x11, 0xD0, 0xB8, 0x00,
		0x11, 0x2F, 0xB8, 0x00, 0x0E, 0xDC, 0xB8, 0x00, 0x13, 0xD0, 0xB8, 0x00,
		0x01, 0x10, 0xB8, 0x00, 0x1F, 0xD0, 0xB8, 0x00, 0x00, 0x10, 0xB8, 0x00,
		0x25, 0xDC, 0x30, 0x31, 0x21, 0x23, 0x11, 0x23, 0x15, 0x23, 0x15, 0x23,
		0x15, 0x23, 0x15, 0x23, 0x15, 0x23, 0x15, 0x23, 0x15, 0x23, 0x11, 0x33,
		0x11, 0x33, 0x35, 0x33, 0x35, 0x33, 0x35, 0x33, 0x35, 0x33, 0x35, 0x33,
		0x35, 0x33, 0x35, 0x33, 0x02, 0x26, 0x64, 0x32, 0x32, 0x32, 0x32, 0x32,
		0x32, 0x32, 0x32, 0x64, 0x32, 0x32, 0x32, 0x32, 0x32, 0x32, 0x32, 0x32,
		0x01, 0x5E, 0x32, 0x32, 0x32, 0x32, 0x32, 0x32, 0x32, 0x02, 0x58, 0xFE,
		0xA2, 0x32, 0x32, 0x32, 0x32, 0x32, 0x32, 0x32, 0x00, 0x02, 0x00, 0x32,
		0x00, 0x00, 0x02, 0x26, 0x02, 0xBC, 0x00, 0x23, 0x00, 0x2B, 0x00, 0xA7,
		0xB8, 0x00, 0x2C, 0x2F, 0xB8, 0x00, 0x00, 0xD0, 0xB8, 0x00, 0x00, 0x2F,
		0xB8, 0x00, 0x01, 0xDC, 0xB8, 0x00, 0x00, 0x10, 0xB8, 0x00, 0x05, 0xDC,
		0x41, 0x03, 0x00, 0xDF, 0x00, 0x05, 0x00, 0x01, 0x5D, 0x41, 0x03, 0x00,
		0x40, 0x00, 0x05, 0x00, 0x01, 0x5D, 0x41, 0x03, 0x00, 0x90, 0x00, 0x05,
		0x00, 0x01, 0x5D, 0xB8, 0x00, 0x17, 0xDC, 0xB8, 0x00, 0x09, 0xD0, 0xB8,
		0x00, 0x05, 0x10, 0xB8, 0x00, 0x0E, 0xDC, 0x41, 0x03, 0x00, 0xDF, 0x00,
		0x0E, 0x00, 0x01, 0x5D, 0x41, 0x03, 0x00, 0x90, 0x00, 0x0E, 0x00, 0x01,
		0x5D, 0x41, 0x03, 0x00, 0x40, 0x00, 0x0E, 0x00, 0x01, 0x5D, 0xB8, 0x00,
		0x11, 0xDC, 0xB8, 0x00, 0x0E, 0x10, 0xB8, 0x00, 0x13, 0xD0, 0xB8, 0x00,
		0x05, 0x10, 0xB8, 0x00, 0x1B, 0xD0, 0xB8, 0x00, 0x01, 0x10, 0xB8, 0x00,
		0x1F, 0xD0, 0xB8, 0x00, 0x17, 0x10, 0xB8, 0x00, 0x28, 0xD0, 0xB8, 0x00,
		0x05, 0x10, 0xB8, 0x00, 0x29, 0xD0, 0xB8, 0x00, 0x11, 0x10, 0xB8, 0x00,
		0x2D, 0xDC, 0x00, 0xBB, 0x00, 0x25, 0x00, 0x01, 0x00, 0x26, 0x00, 0x04,
		0x2B, 0xB8, 0x00, 0x26, 0x10, 0xB8, 0x00, 0x2A, 0xD0, 0x30, 0x31, 0x13,
		0x33, 0x11, 0x33, 0x35, 0x33, 0x35, 0x33, 0x35, 0x33, 0x35, 0x33, 0x35,
		0x33, 0x35, 0x33, 0x35, 0x33, 0x11, 0x23, 0x11, 0x23, 0x15, 0x23, 0x15,
		0x23, 0x15, 0x23, 0x15, 0x23, 0x15, 0x23, 0x15, 0x23, 0x15, 0x23, 0x13,
		0x33, 0x15, 0x23, 0x15, 0x23, 0x35, 0x23, 0x32, 0x64, 0x32, 0x32, 0x32,
		0x32, 0x32, 0x32, 0x32, 0x32, 0x64, 0x32, 0x32, 0x32, 0x32, 0x32, 0x32,
		0x32, 0x32, 0x96, 0xC8, 0x32, 0x64, 0x32, 0x02, 0x58, 0xFE, 0xA2, 0x32,
		0x32, 0x32, 0x32, 0x32, 0x32, 0x32, 0xFD, 0xA8, 0x01, 0x5E, 0x32, 0x32,
		0x32, 0x32, 0x32, 0x32, 0x32, 0x02, 0xBC, 0x32, 0x32, 0x32, 0x00, 0x00,
		0x00, 0x01, 0x00, 0x32, 0x00, 0x00, 0x02, 0x26, 0x02, 0x58, 0x00, 0x2B,
		0x00, 0xBF, 0xB8, 0x00, 0x2C, 0x2F, 0xB8, 0x00, 0x00, 0xD0, 0xB8, 0x00,
		0x00, 0x2F, 0xB8, 0x00, 0x01, 0xDC, 0xB8, 0x00, 0x00, 0x10, 0xB8, 0x00,
		0x03, 0xDC, 0x41, 0x03, 0x00, 0xDF, 0x00, 0x03, 0x00, 0x01, 0x5D, 0x41,
		0x03, 0x00, 0x40, 0x00, 0x03, 0x00, 0x01, 0x5D, 0x41, 0x03, 0x00, 0x90,
		0x00, 0x03, 0x00, 0x01, 0x5D, 0xB8, 0x00, 0x15, 0xDC, 0xB8, 0x00, 0x07,
		0xD0, 0xB8, 0x00, 0x03, 0x10, 0xB8, 0x00, 0x0C, 0xDC, 0x41, 0x03, 0x00,
		0xDF, 0x00, 0x0C, 0x00, 0x01, 0x5D, 0x41, 0x03, 0x00, 0x90, 0x00, 0x0C,
		0x00, 0x01, 0x5D, 0x41, 0x03, 0x00, 0x40, 0x00, 0x0C, 0x00, 0x01, 0x5D,
		0xB8, 0x00, 0x0D, 0xDC, 0xB8, 0x00, 0x0C, 0x10, 0xB8, 0x00, 0x11, 0xD0,
		0xB8, 0x00, 0x0C, 0x10, 0xB8, 0x00, 0x19, 0xD0, 0xB8, 0x00, 0x0D, 0x10,
		0xB8, 0x00, 0x1D, 0xD0, 0xB8, 0x00, 0x0C, 0x10, 0xB8, 0x00, 0x1F, 0xD0,
		0xB8, 0x00, 0x15, 0x10, 0xB8, 0x00, 0x23, 0xD0, 0xB8, 0x00, 0x03, 0x10,
		0xB8, 0x00, 0x27, 0xD0, 0xB8, 0x00, 0x01, 0x10, 0xB8, 0x00, 0x29, 0xD0,
		0xB8, 0x00, 0x0D, 0x10, 0xB8, 0x00, 0x2D, 0xDC, 0x00, 0xBB, 0x00, 0x15,
		0x00, 0x01, 0x00, 0x16, 0x00, 0x04, 0x2B, 0xB8, 0x00, 0x15, 0x10, 0xB8,
		0x00, 0x02, 0xD0, 0xB8, 0x00, 0x16, 0x10, 0xB8, 0x00, 0x28, 0xD0, 0x30,
		0x31, 0x13, 0x33, 0x15, 0x33, 0x35, 0x33, 0x35, 0x33, 0x35, 0x33, 0x35,
		0x33, 0x35, 0x33, 0x15, 0x23, 0x15, 0x23, 0x15, 0x23, 0x15, 0x23, 0x15,
		0x33, 0x15, 0x33, 0x15, 0x33, 0x15, 0x33, 0x15, 0x23, 0x35, 0x23, 0x35,
		0x23, 0x35, 0x23, 0x35, 0x23, 0x35, 0x23, 0x15, 0x23, 0x32, 0x64, 0x64,
		0x32, 0x32, 0x32, 0x32, 0x64, 0x32, 0x32, 0x32, 0x32, 0x32, 0x32, 0x32,
		0x32, 0x64, 0x32, 0x32, 0x32, 0x32, 0x64, 0x64, 0x02, 0x58, 0xFA, 0x32,
		0x32, 0x32, 0x32, 0x32, 0x64, 0x32, 0x32, 0x32, 0x64, 0x32, 0x32, 0x32,
		0x64, 0x32, 0x32, 0x32, 0x32, 0x32, 0xFA, 0x00, 0x00, 0x01, 0x00, 0x32,
		0x00, 0x00, 0x02, 0x26, 0x02, 0x58, 0x00, 0x11, 0x00, 0x45, 0xB8, 0x00,
		0x12, 0x2F, 0xB8, 0x00, 0x09, 0x2F, 0xB8, 0x00, 0x12, 0x10, 0xB8, 0x00,
		0x00, 0xD0, 0xB8, 0x00, 0x00, 0x2F, 0xB8, 0x00, 0x03, 0xDC, 0xB8, 0x00,
		0x09, 0x10, 0xB8, 0x00, 0x08, 0xDC, 0xB8, 0x00, 0x03, 0x10, 0xB8, 0x00,
		0x0F, 0xD0, 0xB8, 0x00, 0x08, 0x10, 0xB8, 0x00, 0x13, 0xDC, 0x00, 0xBB,
		0x00, 0x06, 0x00, 0x01, 0x00, 0x03, 0x00, 0x04, 0x2B, 0xB8, 0x00, 0x03,
		0x10, 0xB8, 0x00, 0x0A, 0xD0, 0x30, 0x31, 0x13, 0x33, 0x35, 0x33, 0x35,
		0x33, 0x35, 0x21, 0x11, 0x23, 0x11, 0x23, 0x15, 0x23, 0x15, 0x23, 0x11,
		0x23, 0x32, 0x32, 0x32, 0x32, 0x01, 0x5E, 0x64, 0xC8, 0x32, 0x32, 0x64,
		0x01, 0xC2, 0x32, 0x32, 0x32, 0xFD, 0xA8, 0x01, 0xF4, 0x32, 0x32, 0xFE,
		0x70, 0x00, 0x00, 0x00, 0x00, 0x01, 0x00, 0x32, 0x00, 0x00, 0x02, 0x26,
		0x02, 0x58, 0x00, 0x1F, 0x00, 0x93, 0xB8, 0x00, 0x20, 0x2F, 0xB8, 0x00,
		0x00, 0xD0, 0xB8, 0x00, 0x00, 0x2F, 0xB8, 0x00, 0x03, 0xDC, 0xB8, 0x00,
		0x00, 0x10, 0xB8, 0x00, 0x07, 0xDC, 0x41, 0x03, 0x00, 0xDF, 0x00, 0x07,
		0x00, 0x01, 0x5D, 0x41, 0x03, 0x00, 0x90, 0x00, 0x07, 0x00, 0x01, 0x5D,
		0x41, 0x03, 0x00, 0x40, 0x00, 0x07, 0x00, 0x01, 0x5D, 0xB8, 0x00, 0x0A,
		0xDC, 0xB8, 0x00, 0x07, 0x10, 0xB8, 0x00, 0x0E, 0xDC, 0x41, 0x03, 0x00,
		0xDF, 0x00, 0x0E, 0x00, 0x01, 0x5D, 0x41, 0x03, 0x00, 0x90, 0x00, 0x0E,
		0x00, 0x01, 0x5D, 0x41, 0x03, 0x00, 0x40, 0x00, 0x0E, 0x00, 0x01, 0x5D,
		0xB8, 0x00, 0x11, 0xDC, 0xB8, 0x00, 0x0E, 0x10, 0xB8, 0x00, 0x13, 0xD0,
		0xB8, 0x00, 0x0A, 0x10, 0xB8, 0x00, 0x17, 0xD0, 0xB8, 0x00, 0x07, 0x10,
		0xB8, 0x00, 0x19, 0xD0, 0xB8, 0x00, 0x03, 0x10, 0xB8, 0x00, 0x1D, 0xD0,
		0xB8, 0x00, 0x11, 0x10, 0xB8, 0x00, 0x21, 0xDC, 0x00, 0xBB, 0x00, 0x09,
		0x00, 0x01, 0x00, 0x18, 0x00, 0x04, 0x2B, 0x30, 0x31, 0x13, 0x33, 0x15,
		0x33, 0x15, 0x33, 0x15, 0x33, 0x15, 0x33, 0x35, 0x33, 0x35, 0x33, 0x35,
		0x33, 0x35, 0x33, 0x11, 0x23, 0x11, 0x23, 0x15, 0x23, 0x15, 0x23, 0x35,
		0x23, 0x35, 0x23, 0x11, 0x23, 0x32, 0x32, 0x32, 0x32, 0x32, 0x64, 0x32,
		0x32, 0x32, 0x32, 0x64, 0x32, 0x32, 0x64, 0x32, 0x32, 0x64, 0x02, 0x58,
		0x32, 0x32, 0x32, 0x32, 0x32, 0x32, 0x32, 0x32, 0xFD, 0xA8, 0x01, 0x5E,
		0x32, 0x64, 0x64, 0x32, 0xFE, 0xA2, 0x00, 0x00, 0x00, 0x01, 0x00, 0x32,
		0x00, 0x00, 0x02, 0x26, 0x02, 0x58, 0x00, 0x0B, 0x00, 0x45, 0xB8, 0x00,
		0x0C, 0x2F, 0xB8, 0x00, 0x04, 0x2F, 0xB8, 0x00, 0x0C, 0x10, 0xB8, 0x00,
		0x00, 0xD0, 0xB8, 0x00, 0x00, 0x2F, 0xB8, 0x00, 0x01, 0xDC, 0xB8, 0x00,
		0x04, 0x10, 0xB8, 0x00, 0x05, 0xDC, 0xB8, 0x00, 0x04, 0x10, 0xB8, 0x00,
		0x07, 0xD0, 0xB8, 0x00, 0x01, 0x10, 0xB8, 0x00, 0x09, 0xD0, 0xB8, 0x00,
		0x05, 0x10, 0xB8, 0x00, 0x0D, 0xDC, 0x00, 0xBB, 0x00, 0x03, 0x00, 0x01,
		0x00, 0x08, 0x00, 0x04, 0x2B, 0x30, 0x31, 0x13, 0x33, 0x15, 0x21, 0x35,
		0x33, 0x11, 0x23, 0x35, 0x21, 0x15, 0x23, 0x32, 0x64, 0x01, 0x2C, 0x64,
		0x64, 0xFE, 0xD4, 0x64, 0x02, 0x58, 0xFA, 0xFA, 0xFD, 0xA8, 0xFA, 0xFA,
		0x00, 0x02, 0x00, 0x32, 0x00, 0x00, 0x02, 0x26, 0x02, 0x58, 0x00, 0x0B,
		0x00, 0x0F, 0x00, 0x43, 0xB8, 0x00, 0x10, 0x2F, 0xB8, 0x00, 0x0D, 0x2F,
		0xB8, 0x00, 0x10, 0x10, 0xB8, 0x00, 0x00, 0xD0, 0xB8, 0x00, 0x00, 0x2F,
		0xB8, 0x00, 0x0D, 0x10, 0xB8, 0x00, 0x06, 0xDC, 0xB8, 0x00, 0x00, 0x10,
		0xB8, 0x00, 0x0F, 0xDC, 0xB8, 0x00, 0x06, 0x10, 0xB8, 0x00, 0x11, 0xDC,
		0x00, 0xBB, 0x00, 0x0D, 0x00, 0x01, 0x00, 0x08, 0x00, 0x04, 0x2B, 0xBB,
		0x00, 0x03, 0x00, 0x01, 0x00, 0x0E, 0x00, 0x04, 0x2B, 0x30, 0x31, 0x13,
		0x33, 0x35, 0x21, 0x15, 0x33, 0x11, 0x23, 0x15, 0x21, 0x35, 0x23, 0x37,
		0x21, 0x11, 0x21, 0x32, 0x32, 0x01, 0x90, 0x32, 0x32, 0xFE, 0x70, 0x32,
		0x64, 0x01, 0x2C, 0xFE, 0xD4, 0x02, 0x26, 0x32, 0x32, 0xFE, 0x0C, 0x32,
		0x32, 0x32, 0x01, 0x90, 0x00, 0x01, 0x00, 0x32, 0x00, 0x00, 0x02, 0x26,
		0x02, 0x58, 0x00, 0x07, 0x00, 0x39, 0xB8, 0x00, 0x08, 0x2F, 0xB8, 0x00,
		0x03, 0x2F, 0xB8, 0x00, 0x08, 0x10, 0xB8, 0x00, 0x00, 0xD0, 0xB8, 0x00,
		0x00, 0x2F, 0xB8, 0x00, 0x03, 0x10, 0xB8, 0x00, 0x02, 0xDC, 0xB8, 0x00,
		0x00, 0x10, 0xB8, 0x00, 0x05, 0xDC, 0xB8, 0x00, 0x02, 0x10, 0xB8, 0x00,
		0x09, 0xDC, 0x00, 0xBB, 0x00, 0x01, 0x00, 0x01, 0x00, 0x04, 0x00, 0x04,
		0x2B, 0x30, 0x31, 0x13, 0x21, 0x11, 0x23, 0x11, 0x21, 0x11, 0x23, 0x32,
		0x01, 0xF4, 0x64, 0xFE, 0xD4, 0x64, 0x02, 0x58, 0xFD, 0xA8, 0x01, 0xF4,
		0xFE, 0x0C, 0x00, 0x00, 0x00, 0x02, 0x00, 0x32, 0x00, 0x00, 0x02, 0x26,
		0x02, 0x58, 0x00, 0x09, 0x00, 0x0D, 0x00, 0x47, 0xB8, 0x00, 0x0E, 0x2F,
		0xB8, 0x00, 0x0B, 0x2F, 0xB8, 0x00, 0x0E, 0x10, 0xB8, 0x00, 0x00, 0xD0,
		0xB8, 0x00, 0x00, 0x2F, 0xB8, 0x00, 0x0B, 0x10, 0xB8, 0x00, 0x04, 0xDC,
		0xB8, 0x00, 0x00, 0x10, 0xB8, 0x00, 0x0D, 0xDC, 0xB8, 0x00, 0x07, 0xD0,
		0xB8, 0x00, 0x04, 0x10, 0xB8, 0x00, 0x0F, 0xDC, 0x00, 0xBB, 0x00, 0x01,
		0x00, 0x01, 0x00, 0x0C, 0x00, 0x04, 0x2B, 0xBB, 0x00, 0x0B, 0x00, 0x01,
		0x00, 0x06, 0x00, 0x04, 0x2B, 0x30, 0x31, 0x13, 0x21, 0x15, 0x33, 0x11,
		0x23, 0x15, 0x21, 0x15, 0x23, 0x13, 0x21, 0x35, 0x21, 0x32, 0x01, 0xC2,
		0x32, 0x32, 0xFE, 0xA2, 0x64, 0x64, 0x01, 0x2C, 0xFE, 0xD4, 0x02, 0x58,
		0x32, 0xFE, 0xD4, 0x32, 0xC8, 0x01, 0x2C, 0xC8, 0x00, 0x01, 0x00, 0x32,
		0x00, 0x00, 0x02, 0x26, 0x02, 0x58, 0x00, 0x0B, 0x00, 0x1F, 0xBA, 0x00,
		0x05, 0x00, 0x00, 0x00, 0x03, 0x2B, 0x00, 0xBB, 0x00, 0x07, 0x00, 0x01,
		0x00, 0x08, 0x00, 0x04, 0x2B, 0xBB, 0x00, 0x03, 0x00, 0x01, 0x00, 0x04,
		0x00, 0x04, 0x2B, 0x30, 0x31, 0x13, 0x33, 0x35, 0x21, 0x15, 0x21, 0x11,
		0x21, 0x15, 0x21, 0x35, 0x23, 0x32, 0x32, 0x01, 0xC2, 0xFE, 0x70, 0x01,
		0x90, 0xFE, 0x3E, 0x32, 0x02, 0x26, 0x32, 0x64, 0xFE, 0x70, 0x64, 0x32,
		0x00, 0x01, 0x00, 0x32, 0x00, 0x00, 0x02, 0x26, 0x02, 0x58, 0x00, 0x07,
		0x00, 0x1D, 0xBA, 0x00, 0x04, 0x00, 0x05, 0x00, 0x03, 0x2B, 0x00, 0xBB,
		0x00, 0x01, 0x00, 0x01, 0x00, 0x02, 0x00, 0x04, 0x2B, 0xB8, 0x00, 0x02,
		0x10, 0xB8, 0x00, 0x06, 0xD0, 0x30, 0x31, 0x13, 0x21, 0x15, 0x23, 0x11,
		0x23, 0x11, 0x23, 0x32, 0x01, 0xF4, 0xC8, 0x64, 0xC8, 0x02, 0x58, 0x64,
		0xFE, 0x0C, 0x01, 0xF4, 0x00, 0x01, 0x00, 0x32, 0x00, 0x00, 0x02, 0x26,
		0x02, 0x58, 0x00, 0x13, 0x00, 0x57, 0xB8, 0x00, 0x14, 0x2F, 0xB8, 0x00,
		0x04, 0x2F, 0xB8, 0x00, 0x14, 0x10, 0xB8, 0x00, 0x00, 0xD0, 0xB8, 0x00,
		0x00, 0x2F, 0xB8, 0x00, 0x01, 0xDC, 0xB8, 0x00, 0x04, 0x10, 0xB8, 0x00,
		0x05, 0xDC, 0xB8, 0x00, 0x00, 0x10, 0xB8, 0x00, 0x0B, 0xD0, 0xB8, 0x00,
		0x01, 0x10, 0xB8, 0x00, 0x0D, 0xD0, 0xB8, 0x00, 0x04, 0x10, 0xB8, 0x00,
		0x0F, 0xD0, 0xB8, 0x00, 0x05, 0x10, 0xB8, 0x00, 0x15, 0xDC, 0x00, 0xBB,
		0x00, 0x0F, 0x00, 0x01, 0x00, 0x08, 0x00, 0x04, 0x2B, 0xBB, 0x00, 0x03,
		0x00, 0x01, 0x00, 0x10, 0x00, 0x04, 0x2B, 0x30, 0x31, 0x13, 0x33, 0x15,
		0x21, 0x35, 0x33, 0x11, 0x23, 0x15, 0x21, 0x35, 0x23, 0x35, 0x33, 0x15,
		0x21, 0x35, 0x21, 0x35, 0x23, 0x32, 0x64, 0x01, 0x2C, 0x64, 0x32, 0xFE,
		0x70, 0x32, 0x64, 0x01, 0x2C, 0xFE, 0xA2, 0x32, 0x02, 0x58, 0xFA, 0xFA,
		0xFD, 0xDA, 0x32, 0x32, 0x64, 0x32, 0x96, 0x32, 0x00, 0x03, 0x00, 0x32,
		0x00, 0x00, 0x02, 0x8A, 0x02, 0x58, 0x00, 0x0F, 0x00, 0x13, 0x00, 0x17,
		0x00, 0xD1, 0xB8, 0x00, 0x18, 0x2F, 0xB8, 0x00, 0x00, 0xD0, 0xB8, 0x00,
		0x00, 0x2F, 0xB8, 0x00, 0x0B, 0xDC, 0x41, 0x03, 0x00, 0x50, 0x00, 0x0B,
		0x00, 0x01, 0x5D, 0x41, 0x03, 0x00, 0x0F, 0x00, 0x0B, 0x00, 0x01, 0x5D,
		0x41, 0x03, 0x00, 0x90, 0x00, 0x0B, 0x00, 0x01, 0x5D, 0x41, 0x05, 0x00,
		0x10, 0x00, 0x0B, 0x00, 0x20, 0x00, 0x0B, 0x00, 0x02, 0x5D, 0x41, 0x03,
		0x00, 0xD0, 0x00, 0x0B, 0x00, 0x01, 0x5D, 0xB8, 0x00, 0x15, 0xDC, 0x41,
		0x03, 0x00, 0x50, 0x00, 0x15, 0x00, 0x01, 0x5D, 0x41, 0x03, 0x00, 0x0F,
		0x00, 0x15, 0x00, 0x01, 0x5D, 0x41, 0x05, 0x00, 0x10, 0x00, 0x15, 0x00,
		0x20, 0x00, 0x15, 0x00, 0x02, 0x5D, 0x41, 0x03, 0x00, 0xD0, 0x00, 0x15,
		0x00, 0x01, 0x5D, 0x41, 0x03, 0x00, 0x90, 0x00, 0x15, 0x00, 0x01, 0x5D,
		0xB8, 0x00, 0x06, 0xDC, 0xB8, 0x00, 0x0B, 0x10, 0xB8, 0x00, 0x0A, 0xDC,
		0xB8, 0x00, 0x0B, 0x10, 0xB8, 0x00, 0x11, 0xD0, 0xB8, 0x00, 0x00, 0x10,
		0xB8, 0x00, 0x13, 0xDC, 0xB8, 0x00, 0x0A, 0x10, 0xB8, 0x00, 0x17, 0xD0,
		0xB8, 0x00, 0x06, 0x10, 0xB8, 0x00, 0x19, 0xDC, 0x00, 0xBB, 0x00, 0x02,
		0x00, 0x01, 0x00, 0x13, 0x00, 0x04, 0x2B, 0xBB, 0x00, 0x15, 0x00, 0x01,
		0x00, 0x08, 0x00, 0x04, 0x2B, 0xB8, 0x00, 0x08, 0x10, 0xB8, 0x00, 0x0C,
		0xD0, 0xB8, 0x00, 0x15, 0x10, 0xB8, 0x00, 0x10, 0xD0, 0xB8, 0x00, 0x13,
		0x10, 0xB8, 0x00, 0x16, 0xD0, 0x30, 0x31, 0x13, 0x33, 0x35, 0x21, 0x15,
		0x33, 0x11, 0x23, 0x15, 0x23, 0x15, 0x23, 0x35, 0x23, 0x35, 0x23, 0x37,
		0x33, 0x11, 0x23, 0x13, 0x33, 0x11, 0x23, 0x32, 0x32, 0x01, 0xF4, 0x32,
		0x32, 0xC8, 0x64, 0xC8, 0x32, 0x64, 0x96, 0x96, 0xFA, 0x96, 0x96, 0x02,
		0x26, 0x32, 0x32, 0xFE, 0x70, 0x32, 0x64, 0x64, 0x32, 0x32, 0x01, 0x2C,
		0xFE, 0xD4, 0x01, 0x2C, 0x00, 0x01, 0x00, 0x32, 0x00, 0x00, 0x02, 0x26,
		0x02, 0x58, 0x00, 0x3B, 0x01, 0x27, 0xB8, 0x00, 0x3C, 0x2F, 0xB8, 0x00,
		0x00, 0xD0, 0xB8, 0x00, 0x00, 0x2F, 0xB8, 0x00, 0x01, 0xDC, 0xB8, 0x00,
		0x00, 0x10, 0xB8, 0x00, 0x05, 0xDC, 0x41, 0x03, 0x00, 0xDF, 0x00, 0x05,
		0x00, 0x01, 0x5D, 0x41, 0x03, 0x00, 0x40, 0x00, 0x05, 0x00, 0x01, 0x5D,
		0x41, 0x03, 0x00, 0x90, 0x00, 0x05, 0x00, 0x01, 0x5D, 0xB8, 0x00, 0x08,
		0xDC, 0xB8, 0x00, 0x05, 0x10, 0xB8, 0x00, 0x0C, 0xDC, 0x41, 0x03, 0x00,
		0xDF, 0x00, 0x0C, 0x00, 0x01, 0x5D, 0x41, 0x03, 0x00, 0x40, 0x00, 0x0C,
		0x00, 0x01, 0x5D, 0x41, 0x03, 0x00, 0x90, 0x00, 0x0C, 0x00, 0x01, 0x5D,
		0xB8, 0x00, 0x0D, 0xDC, 0xB8, 0x00, 0x0C, 0x10, 0xB8, 0x00, 0x11, 0xD0,
		0xB8, 0x00, 0x0C, 0x10, 0xB8, 0x00, 0x19, 0xD0, 0xB8, 0x00, 0x0C, 0x10,
		0xB8, 0x00, 0x1F, 0xD0, 0xB8, 0x00, 0x08, 0x10, 0xB8, 0x00, 0x23, 0xD0,
		0xB8, 0x00, 0x05, 0x10, 0xB8, 0x00, 0x25, 0xD0, 0xB8, 0x00, 0x01, 0x10,
		0xB8, 0x00, 0x29, 0xD0, 0xB8, 0x00, 0x00, 0x10, 0xB8, 0x00, 0x2B, 0xD0,
		0xB8, 0x00, 0x01, 0x10, 0xB8, 0x00, 0x2F, 0xD0, 0xB8, 0x00, 0x05, 0x10,
		0xB8, 0x00, 0x33, 0xD0, 0xB8, 0x00, 0x01, 0x10, 0xB8, 0x00, 0x37, 0xD0,
		0xB8, 0x00, 0x0D, 0x10, 0xB8, 0x00, 0x3D, 0xDC, 0x00, 0xBB, 0x00, 0x1D,
		0x00, 0x01, 0x00, 0x1E, 0x00, 0x04, 0x2B, 0xBB, 0x00, 0x00, 0x00, 0x01,
		0x00, 0x3B, 0x00, 0x04, 0x2B, 0xBB, 0x00, 0x14, 0x00, 0x01, 0x00, 0x17,
		0x00, 0x04, 0x2B, 0xB8, 0x00, 0x3B, 0x10, 0xB8, 0x00, 0x04, 0xD0, 0xB8,
		0x00, 0x3B, 0x10, 0xB8, 0x00, 0x08, 0xD0, 0xB8, 0x00, 0x00, 0x10, 0xB8,
		0x00, 0x0C, 0xD0, 0xB8, 0x00, 0x3B, 0x10, 0xB8, 0x00, 0x0E, 0xD0, 0xB8,
		0x00, 0x1D, 0x10, 0xB8, 0x00, 0x22, 0xD0, 0xB8, 0x00, 0x1D, 0x10, 0xB8,
		0x00, 0x26, 0xD0, 0xB8, 0x00, 0x1E, 0x10, 0xB8, 0x00, 0x2A, 0xD0, 0xB8,
		0x00, 0x1D, 0x10, 0xB8, 0x00, 0x2C, 0xD0, 0xB8, 0x00, 0x17, 0x10, 0xB8,
		0x00, 0x32, 0xD0, 0xB8, 0x00, 0x14, 0x10, 0xB8, 0x00, 0x34, 0xD0, 0x30,
		0x31, 0x13, 0x33, 0x15, 0x33, 0x15, 0x33, 0x15, 0x33, 0x35, 0x33, 0x35,
		0x33, 0x35, 0x33, 0x15, 0x23, 0x15, 0x23, 0x15, 0x23, 0x15, 0x23, 0x15,
		0x33, 0x15, 0x33, 0x15, 0x33, 0x15, 0x33, 0x15, 0x23, 0x35, 0x23, 0x35,
		0x23, 0x35, 0x23, 0x15, 0x23, 0x15, 0x23, 0x15, 0x23, 0x35, 0x33, 0x35,
		0x33, 0x35, 0x33, 0x35, 0x33, 0x35, 0x23, 0x35, 0x23, 0x35, 0x23, 0x35,
		0x23, 0x32, 0x64, 0x32, 0x32, 0x64, 0x32, 0x32, 0x64, 0x32, 0x32, 0x32,
		0x32, 0x32, 0x32, 0x32, 0x32, 0x64, 0x32, 0x32, 0x64, 0x32, 0x32, 0x64,
		0x32, 0x32, 0x32, 0x32, 0x32, 0x32, 0x32, 0x32, 0x02, 0x58, 0x32, 0x32,
		0x32, 0x32, 0x32, 0x32, 0x64, 0x32, 0x32, 0x32, 0x64, 0x32, 0x32, 0x32,
		0x64, 0x32, 0x32, 0x32, 0x32, 0x32, 0x32, 0x64, 0x32, 0x32, 0x32, 0x64,
		0x32, 0x32, 0x32, 0x00, 0x00, 0x01, 0x00, 0x32, 0xFF, 0x9C, 0x02, 0x58,
		0x02, 0x58, 0x00, 0x0B, 0x00, 0x41, 0xB8, 0x00, 0x0C, 0x2F, 0xB8, 0x00,
		0x03, 0x2F, 0xB8, 0x00, 0x0C, 0x10, 0xB8, 0x00, 0x00, 0xD0, 0xB8, 0x00,
		0x00, 0x2F, 0xB8, 0x00, 0x01, 0xDC, 0xB8, 0x00, 0x03, 0x10, 0xB8, 0x00,
		0x06, 0xDC, 0xB8, 0x00, 0x09, 0xD0, 0xB8, 0x00, 0x06, 0x10, 0xB8, 0x00,
		0x0D, 0xDC, 0x00, 0xBB, 0x00, 0x06, 0x00, 0x01, 0x00, 0x0A, 0x00, 0x04,
		0x2B, 0xB8, 0x00, 0x06, 0x10, 0xB8, 0x00, 0x02, 0xD0, 0x30, 0x31, 0x13,
		0x33, 0x11, 0x33, 0x11, 0x33, 0x11, 0x33, 0x15, 0x23, 0x35, 0x21, 0x32,
		0x64, 0xFA, 0x64, 0x64, 0x64, 0xFE, 0x3E, 0x02, 0x58, 0xFE, 0x0C, 0x01,
		0xF4, 0xFE, 0x0C, 0xC8, 0x64, 0x00, 0x00, 0x00, 0x00, 0x01, 0x00, 0x32,
		0x00, 0x00, 0x02, 0x26, 0x02, 0x58, 0x00, 0x0B, 0x00, 0x3D, 0xB8, 0x00,
		0x0C, 0x2F, 0xB8, 0x00, 0x04, 0x2F, 0xB8, 0x00, 0x0C, 0x10, 0xB8, 0x00,
		0x00, 0xD0, 0xB8, 0x00, 0x00, 0x2F, 0xB8, 0x00, 0x01, 0xDC, 0xB8, 0x00,
		0x04, 0x10, 0xB8, 0x00, 0x05, 0xDC, 0xB8, 0x00, 0x04, 0x10, 0xB8, 0x00,
		0x07, 0xD0, 0xB8, 0x00, 0x05, 0x10, 0xB8, 0x00, 0x0D, 0xDC, 0x00, 0xBB,
		0x00, 0x03, 0x00, 0x01, 0x00, 0x08, 0x00, 0x04, 0x2B, 0x30, 0x31, 0x13,
		0x33, 0x11, 0x21, 0x11, 0x33, 0x11, 0x23, 0x35, 0x21, 0x35, 0x23, 0x32,
		0x64, 0x01, 0x2C, 0x64, 0x64, 0xFE, 0xA2, 0x32, 0x02, 0x58, 0xFE, 0xD4,
		0x01, 0x2C, 0xFD, 0xA8, 0xC8, 0x32, 0x00, 0x00, 0x00, 0x01, 0x00, 0x32,
		0x00, 0x00, 0x02, 0x26, 0x02, 0x58, 0x00, 0x0B, 0x00, 0x77, 0xB8, 0x00,
		0x0C, 0x2F, 0xB8, 0x00, 0x00, 0xD0, 0xB8, 0x00, 0x00, 0x2F, 0xB8, 0x00,
		0x01, 0xDC, 0xB8, 0x00, 0x00, 0x10, 0xB8, 0x00, 0x03, 0xDC, 0x41, 0x03,
		0x00, 0xDF, 0x00, 0x03, 0x00, 0x01, 0x5D, 0x41, 0x03, 0x00, 0x40, 0x00,
		0x03, 0x00, 0x01, 0x5D, 0x41, 0x03, 0x00, 0x90, 0x00, 0x03, 0x00, 0x01,
		0x5D, 0xB8, 0x00, 0x06, 0xDC, 0xB8, 0x00, 0x03, 0x10, 0xB8, 0x00, 0x07,
		0xDC, 0x41, 0x03, 0x00, 0xDF, 0x00, 0x07, 0x00, 0x01, 0x5D, 0x41, 0x03,
		0x00, 0x40, 0x00, 0x07, 0x00, 0x01, 0x5D, 0x41, 0x03, 0x00, 0x90, 0x00,
		0x07, 0x00, 0x01, 0x5D, 0xB8, 0x00, 0x0A, 0xDC, 0xB8, 0x00, 0x0D, 0xDC,
		0x00, 0xBB, 0x00, 0x07, 0x00, 0x01, 0x00, 0x0A, 0x00, 0x04, 0x2B, 0xB8,
		0x00, 0x07, 0x10, 0xB8, 0x00, 0x02, 0xD0, 0x30, 0x31, 0x13, 0x33, 0x11,
		0x33, 0x11, 0x33, 0x11, 0x33, 0x11, 0x33, 0x11, 0x21, 0x32, 0x64, 0x64,
		0x64, 0x64, 0x64, 0xFE, 0x0C, 0x02, 0x58, 0xFE, 0x0C, 0x01, 0xF4, 0xFE,
		0x0C, 0x01, 0xF4, 0xFD, 0xA8, 0x00, 0x00, 0x00, 0x00, 0x01, 0x00, 0x32,
		0xFF, 0x9C, 0x02, 0x8A, 0x02, 0x58, 0x00, 0x0F, 0x00, 0x87, 0xB8, 0x00,
		0x10, 0x2F, 0xB8, 0x00, 0x00, 0xD0, 0xB8, 0x00, 0x00, 0x2F, 0xB8, 0x00,
		0x01, 0xDC, 0xB8, 0x00, 0x00, 0x10, 0xB8, 0x00, 0x03, 0xDC, 0x41, 0x03,
		0x00, 0xDF, 0x00, 0x03, 0x00, 0x01, 0x5D, 0x41, 0x03, 0x00, 0x90, 0x00,
		0x03, 0x00, 0x01, 0x5D, 0x41, 0x03, 0x00, 0x40, 0x00, 0x03, 0x00, 0x01,
		0x5D, 0xB8, 0x00, 0x06, 0xDC, 0xB8, 0x00, 0x03, 0x10, 0xB8, 0x00, 0x07,
		0xDC, 0x41, 0x03, 0x00, 0xDF, 0x00, 0x07, 0x00, 0x01, 0x5D, 0x41, 0x03,
		0x00, 0x90, 0x00, 0x07, 0x00, 0x01, 0x5D, 0x41, 0x03, 0x00, 0x40, 0x00,
		0x07, 0x00, 0x01, 0x5D, 0xB8, 0x00, 0x0A, 0xDC, 0xB8, 0x00, 0x0D, 0xD0,
		0xB8, 0x00, 0x0A, 0x10, 0xB8, 0x00, 0x11, 0xDC, 0x00, 0xBB, 0x00, 0x0A,
		0x00, 0x01, 0x00, 0x0E, 0x00, 0x04, 0x2B, 0xB8, 0x00, 0x0A, 0x10, 0xB8,
		0x00, 0x02, 0xD0, 0xB8, 0x00, 0x0A, 0x10, 0xB8, 0x00, 0x06, 0xD0, 0x30,
		0x31, 0x13, 0x33, 0x11, 0x33, 0x11, 0x33, 0x11, 0x33, 0x11, 0x33, 0x11,
		0x33, 0x15, 0x23, 0x35, 0x21, 0x32, 0x64, 0x64, 0x64, 0x64, 0x64, 0x64,
		0x64, 0xFE, 0x0C, 0x02, 0x58, 0xFE, 0x0C, 0x01, 0xF4, 0xFE, 0x0C, 0x01,
		0xF4, 0xFE, 0x0C, 0xC8, 0x64, 0x00, 0x00, 0x00, 0x00, 0x02, 0x00, 0x32,
		0x00, 0x00, 0x02, 0x8A, 0x02, 0x58, 0x00, 0x0B, 0x00, 0x0F, 0x00, 0x49,
		0xB8, 0x00, 0x10, 0x2F, 0xB8, 0x00, 0x0D, 0x2F, 0xB8, 0x00, 0x10, 0x10,
		0xB8, 0x00, 0x09, 0xD0, 0xB8, 0x00, 0x09, 0x2F, 0xB8, 0x00, 0x0C, 0xDC,
		0xB8, 0x00, 0x01, 0xD0, 0xB8, 0x00, 0x0D, 0x10, 0xB8, 0x00, 0x06, 0xDC,
		0xB8, 0x00, 0x11, 0xDC, 0x00, 0xBB, 0x00, 0x0D, 0x00, 0x01, 0x00, 0x08,
		0x00, 0x04, 0x2B, 0xBB, 0x00, 0x00, 0x00, 0x01, 0x00, 0x0B, 0x00, 0x04,
		0x2B, 0xBB, 0x00, 0x03, 0x00, 0x01, 0x00, 0x0E, 0x00, 0x04, 0x2B, 0x30,
		0x31, 0x13, 0x33, 0x15, 0x21, 0x15, 0x33, 0x11, 0x23, 0x15, 0x21, 0x11,
		0x23, 0x13, 0x21, 0x35, 0x21, 0x32, 0xC8, 0x01, 0x5E, 0x32, 0x32, 0xFE,
		0x3E, 0x64, 0xC8, 0x01, 0x2C, 0xFE, 0xD4, 0x02, 0x58, 0xC8, 0x32, 0xFE,
		0xD4, 0x32, 0x01, 0xF4, 0xFE, 0x70, 0xC8, 0x00, 0x00, 0x03, 0x00, 0x32,
		0x00, 0x00, 0x02, 0xBC, 0x02, 0x58, 0x00, 0x09, 0x00, 0x0D, 0x00, 0x11,
		0x00, 0x47, 0xBA, 0x00, 0x01, 0x00, 0x00, 0x00, 0x03, 0x2B, 0xBA, 0x00,
		0x06, 0x00, 0x0F, 0x00, 0x03, 0x2B, 0xBA, 0x00, 0x0B, 0x00, 0x0A, 0x00,
		0x03, 0x2B, 0xB8, 0x00, 0x01, 0x10, 0xB8, 0x00, 0x0E, 0xD0, 0xB8, 0x00,
		0x0B, 0x10, 0xB8, 0x00, 0x13, 0xDC, 0x00, 0xBB, 0x00, 0x0F, 0x00, 0x01,
		0x00, 0x08, 0x00, 0x04, 0x2B, 0xBB, 0x00, 0x03, 0x00, 0x01, 0x00, 0x10,
		0x00, 0x04, 0x2B, 0xB8, 0x00, 0x08, 0x10, 0xB8, 0x00, 0x0C, 0xD0, 0x30,
		0x31, 0x13, 0x33, 0x15, 0x21, 0x15, 0x33, 0x11, 0x23, 0x15, 0x21, 0x01,
		0x33, 0x11, 0x23, 0x25, 0x21, 0x35, 0x21, 0x32, 0x64, 0x01, 0x5E, 0x32,
		0x32, 0xFE, 0x3E, 0x02, 0x26, 0x64, 0x64, 0xFE, 0x3E, 0x01, 0x2C, 0xFE,
		0xD4, 0x02, 0x58, 0xC8, 0x32, 0xFE, 0xD4, 0x32, 0x02, 0x58, 0xFD, 0xA8,
		0x64, 0xC8, 0x00, 0x00, 0x00, 0x02, 0x00, 0x32, 0x00, 0x00, 0x02, 0x26,
		0x02, 0x58, 0x00, 0x09, 0x00, 0x0D, 0x00, 0x47, 0xB8, 0x00, 0x0E, 0x2F,
		0xB8, 0x00, 0x0B, 0x2F, 0xB8, 0x00, 0x0E, 0x10, 0xB8, 0x00, 0x00, 0xD0,
		0xB8, 0x00, 0x00, 0x2F, 0xB8, 0x00, 0x01, 0xDC, 0xB8, 0x00, 0x0B, 0x10,
		0xB8, 0x00, 0x06, 0xDC, 0xB8, 0x00, 0x01, 0x10, 0xB8, 0x00, 0x0A, 0xD0,
		0xB8, 0x00, 0x06, 0x10, 0xB8, 0x00, 0x0F, 0xDC, 0x00, 0xBB, 0x00, 0x0B,
		0x00, 0x01, 0x00, 0x08, 0x00, 0x04, 0x2B, 0xBB, 0x00, 0x03, 0x00, 0x01,
		0x00, 0x0C, 0x00, 0x04, 0x2B, 0x30, 0x31, 0x13, 0x33, 0x15, 0x21, 0x15,
		0x33, 0x11, 0x23, 0x15, 0x21, 0x37, 0x21, 0x35, 0x21, 0x32, 0x64, 0x01,
		0x5E, 0x32, 0x32, 0xFE, 0x3E, 0x64, 0x01, 0x2C, 0xFE, 0xD4, 0x02, 0x58,
		0xC8, 0x32, 0xFE, 0xD4, 0x32, 0x64, 0xC8, 0x00, 0x00, 0x01, 0x00, 0x33,
		0x00, 0x00, 0x02, 0x27, 0x02, 0x58, 0x00, 0x0F, 0x00, 0x39, 0xBA, 0x00,
		0x04, 0x00, 0x09, 0x00, 0x03, 0x2B, 0xB8, 0x00, 0x09, 0x10, 0xB8, 0x00,
		0x0D, 0xD0, 0xB8, 0x00, 0x04, 0x10, 0xB8, 0x00, 0x11, 0xDC, 0x00, 0xBB,
		0x00, 0x09, 0x00, 0x01, 0x00, 0x06, 0x00, 0x04, 0x2B, 0xBB, 0x00, 0x01,
		0x00, 0x01, 0x00, 0x0E, 0x00, 0x04, 0x2B, 0xBB, 0x00, 0x0D, 0x00, 0x01,
		0x00, 0x0A, 0x00, 0x04, 0x2B, 0x30, 0x31, 0x13, 0x21, 0x15, 0x33, 0x11,
		0x23, 0x15, 0x21, 0x35, 0x21, 0x35, 0x23, 0x35, 0x33, 0x35, 0x21, 0x33,
		0x01, 0xC2, 0x32, 0x32, 0xFE, 0x3E, 0x01, 0x90, 0xFA, 0xFA, 0xFE, 0x70,
		0x02, 0x58, 0x32, 0xFE, 0x0C, 0x32, 0x64, 0x96, 0x64, 0x96, 0x00, 0x00,
		0x00, 0x02, 0x00, 0x32, 0x00, 0x00, 0x02, 0x58, 0x02, 0x58, 0x00, 0x0B,
		0x00, 0x0F, 0x00, 0x61, 0xBA, 0x00, 0x01, 0x00, 0x00, 0x00, 0x03, 0x2B,
		0xBA, 0x00, 0x0F, 0x00, 0x04, 0x00, 0x03, 0x2B, 0xBA, 0x00, 0x06, 0x00,
		0x0D, 0x00, 0x03, 0x2B, 0xB8, 0x00, 0x04, 0x10, 0xB8, 0x00, 0x07, 0xD0,
		0xB8, 0x00, 0x01, 0x10, 0xB8, 0x00, 0x09, 0xD0, 0xB8, 0x00, 0x06, 0x10,
		0xB8, 0x00, 0x11, 0xDC, 0x00, 0xBB, 0x00, 0x0D, 0x00, 0x01, 0x00, 0x06,
		0x00, 0x04, 0x2B, 0xBB, 0x00, 0x05, 0x00, 0x01, 0x00, 0x0E, 0x00, 0x04,
		0x2B, 0xBB, 0x00, 0x03, 0x00, 0x01, 0x00, 0x08, 0x00, 0x04, 0x2B, 0xB8,
		0x00, 0x05, 0x10, 0xB8, 0x00, 0x00, 0xD0, 0xB8, 0x00, 0x06, 0x10, 0xB8,
		0x00, 0x0A, 0xD0, 0x30, 0x31, 0x13, 0x33, 0x15, 0x33, 0x35, 0x21, 0x11,
		0x21, 0x35, 0x23, 0x15, 0x23, 0x25, 0x33, 0x11, 0x23, 0x32, 0x64, 0x64,
		0x01, 0x5E, 0xFE, 0xA2, 0x64, 0x64, 0x01, 0x2C, 0x96, 0x96, 0x02, 0x58,
		0xFA, 0xFA, 0xFD, 0xA8, 0xFA, 0xFA, 0x64, 0x01, 0x90, 0x00, 0x00, 0x00,
		0x00, 0x02, 0x00, 0x32, 0x00, 0x00, 0x02, 0x26, 0x02, 0x58, 0x00, 0x19,
		0x00, 0x1D, 0x00, 0x5F, 0xB8, 0x00, 0x1E, 0x2F, 0xB8, 0x00, 0x05, 0x2F,
		0xB8, 0x00, 0x1E, 0x10, 0xB8, 0x00, 0x00, 0xD0, 0xB8, 0x00, 0x00, 0x2F,
		0xB8, 0x00, 0x05, 0x10, 0xB8, 0x00, 0x04, 0xDC, 0xB8, 0x00, 0x00, 0x10,
		0xB8, 0x00, 0x0F, 0xD0, 0xB8, 0x00, 0x00, 0x10, 0xB8, 0x00, 0x1D, 0xDC,
		0xB8, 0x00, 0x13, 0xD0, 0xB8, 0x00, 0x05, 0x10, 0xB8, 0x00, 0x1B, 0xD0,
		0xB8, 0x00, 0x04, 0x10, 0xB8, 0x00, 0x1F, 0xDC, 0x00, 0xBB, 0x00, 0x03,
		0x00, 0x01, 0x00, 0x1C, 0x00, 0x04, 0x2B, 0xBB, 0x00, 0x1B, 0x00, 0x01,
		0x00, 0x06, 0x00, 0x04, 0x2B, 0xB8, 0x00, 0x06, 0x10, 0xB8, 0x00, 0x16,
		0xD0, 0x30, 0x31, 0x13, 0x33, 0x35, 0x21, 0x11, 0x23, 0x35, 0x23, 0x15,
		0x23, 0x15, 0x23, 0x15, 0x23, 0x15, 0x23, 0x35, 0x33, 0x35, 0x33, 0x35,
		0x33, 0x35, 0x23, 0x35, 0x23, 0x37, 0x21, 0x35, 0x21, 0x32, 0x32, 0x01,
		0xC2, 0x64, 0x64, 0x32, 0x32, 0x32, 0x96, 0x32, 0x32, 0x32, 0x64, 0x32,
		0x64, 0x01, 0x2C, 0xFE, 0xD4, 0x02, 0x26, 0x32, 0xFD, 0xA8, 0xC8, 0x32,
		0x32, 0x32, 0x32, 0x32, 0x32, 0x32, 0x32, 0x32, 0x32, 0xC8, 0x00, 0x00,
		0x00, 0x02, 0x00, 0x32, 0x00, 0x00, 0x01, 0xC2, 0x01, 0xF4, 0x00, 0x0D,
		0x00, 0x11, 0x00, 0x4D, 0xB8, 0x00, 0x12, 0x2F, 0xB8, 0x00, 0x0C, 0x2F,
		0xB8, 0x00, 0x03, 0xDC, 0xB8, 0x00, 0x12, 0x10, 0xB8, 0x00, 0x07, 0xD0,
		0xB8, 0x00, 0x07, 0x2F, 0xB8, 0x00, 0x0E, 0xDC, 0xB8, 0x00, 0x0C, 0x10,
		0xB8, 0x00, 0x0F, 0xD0, 0xB8, 0x00, 0x03, 0x10, 0xB8, 0x00, 0x13, 0xDC,
		0x00, 0xBB, 0x00, 0x0F, 0x00, 0x01, 0x00, 0x04, 0x00, 0x04, 0x2B, 0xBB,
		0x00, 0x01, 0x00, 0x01, 0x00, 0x0C, 0x00, 0x04, 0x2B, 0xBB, 0x00, 0x0B,
		0x00, 0x01, 0x00, 0x10, 0x00, 0x04, 0x2B, 0x30, 0x31, 0x13, 0x21, 0x15,
		0x33, 0x11, 0x21, 0x35, 0x23, 0x35, 0x33, 0x35, 0x33, 0x35, 0x23, 0x13,
		0x33, 0x35, 0x23, 0x64, 0x01, 0x2C, 0x32, 0xFE, 0xA2, 0x32, 0x32, 0xFA,
		0xFA, 0x32, 0xC8, 0xC8, 0x01, 0xF4, 0x32, 0xFE, 0x3E, 0x32, 0xC8, 0x32,
		0x64, 0xFE, 0xD4, 0x64, 0x00, 0x02, 0x00, 0x32, 0x00, 0x00, 0x01, 0xC2,
		0x02, 0xBC, 0x00, 0x13, 0x00, 0x17, 0x00, 0x69, 0xB8, 0x00, 0x18, 0x2F,
		0xB8, 0x00, 0x15, 0x2F, 0xB8, 0x00, 0x18, 0x10, 0xB8, 0x00, 0x00, 0xD0,
		0xB8, 0x00, 0x00, 0x2F, 0xB8, 0x00, 0x15, 0x10, 0xB8, 0x00, 0x0A, 0xDC,
		0xB8, 0x00, 0x03, 0xD0, 0xB8, 0x00, 0x00, 0x10, 0xB8, 0x00, 0x05, 0xDC,
		0xB8, 0x00, 0x00, 0x10, 0xB8, 0x00, 0x0F, 0xD0, 0xB8, 0x00, 0x05, 0x10,
		0xB8, 0x00, 0x14, 0xD0, 0xB8, 0x00, 0x0A, 0x10, 0xB8, 0x00, 0x19, 0xDC,
		0x00, 0xBB, 0x00, 0x15, 0x00, 0x01, 0x00, 0x0C, 0x00, 0x04, 0x2B, 0xBB,
		0x00, 0x03, 0x00, 0x01, 0x00, 0x04, 0x00, 0x04, 0x2B, 0xBB, 0x00, 0x07,
		0x00, 0x01, 0x00, 0x16, 0x00, 0x04, 0x2B, 0xB8, 0x00, 0x07, 0x10, 0xB8,
		0x00, 0x12, 0xD0, 0x30, 0x31, 0x13, 0x33, 0x35, 0x21, 0x15, 0x21, 0x15,
		0x33, 0x15, 0x33, 0x11, 0x23, 0x15, 0x21, 0x35, 0x23, 0x11, 0x33, 0x35,
		0x23, 0x13, 0x33, 0x11, 0x23, 0x32, 0x32, 0x01, 0x5E, 0xFE, 0xD4, 0xFA,
		0x32, 0x32, 0xFE, 0xD4, 0x32, 0x32, 0x32, 0x64, 0xC8, 0xC8, 0x02, 0x8A,
		0x32, 0x64, 0x64, 0x32, 0xFE, 0x70, 0x32, 0x32, 0x01, 0x90, 0x32, 0xFE,
		0x70, 0x01, 0x2C, 0x00, 0x00, 0x03, 0x00, 0x32, 0x00, 0x00, 0x01, 0xC2,
		0x01, 0xF4, 0x00, 0x0B, 0x00, 0x0F, 0x00, 0x13, 0x00, 0x6D, 0xB8, 0x00,
		0x14, 0x2F, 0xB8, 0x00, 0x0D, 0x2F, 0xB8, 0x00, 0x14, 0x10, 0xB8, 0x00,
		0x00, 0xD0, 0xB8, 0x00, 0x00, 0x2F, 0xB8, 0x00, 0x0D, 0x10, 0xB8, 0x00,
		0x08, 0xDC, 0xB8, 0x00, 0x03, 0xD0, 0xB8, 0x00, 0x00, 0x10, 0xB8, 0x00,
		0x13, 0xDC, 0xB8, 0x00, 0x0C, 0xD0, 0xB8, 0x00, 0x0D, 0x10, 0xB8, 0x00,
		0x11, 0xD0, 0xB8, 0x00, 0x08, 0x10, 0xB8, 0x00, 0x15, 0xDC, 0x00, 0xBB,
		0x00, 0x0D, 0x00, 0x01, 0x00, 0x0A, 0x00, 0x04, 0x2B, 0xBB, 0x00, 0x01,
		0x00, 0x01, 0x00, 0x12, 0x00, 0x04, 0x2B, 0xBB, 0x00, 0x05, 0x00, 0x01,
		0x00, 0x06, 0x00, 0x04, 0x2B, 0xB8, 0x00, 0x06, 0x10, 0xB8, 0x00, 0x0E,
		0xD0, 0xB8, 0x00, 0x05, 0x10, 0xB8, 0x00, 0x10, 0xD0, 0x30, 0x31, 0x13,
		0x21, 0x15, 0x33, 0x15, 0x23, 0x15, 0x33, 0x15, 0x23, 0x15, 0x21, 0x37,
		0x33, 0x35, 0x23, 0x35, 0x33, 0x35, 0x23, 0x32, 0x01, 0x5E, 0x32, 0x32,
		0x32, 0x32, 0xFE, 0xA2, 0x64, 0xC8, 0xC8, 0xC8, 0xC8, 0x01, 0xF4, 0x32,
		0x96, 0x64, 0x96, 0x32, 0x64, 0x64, 0x64, 0x64, 0x00, 0x01, 0x00, 0x32,
		0x00, 0x00, 0x01, 0xC2, 0x01, 0xF4, 0x00, 0x05, 0x00, 0x15, 0xBA, 0x00,
		0x03, 0x00, 0x00, 0x00, 0x03, 0x2B, 0x00, 0xBB, 0x00, 0x01, 0x00, 0x01,
		0x00, 0x02, 0x00, 0x04, 0x2B, 0x30, 0x31, 0x13, 0x21, 0x15, 0x21, 0x11,
		0x23, 0x32, 0x01, 0x90, 0xFE, 0xD4, 0x64, 0x01, 0xF4, 0x64, 0xFE, 0x70,
		0x00, 0x02, 0x00, 0x32, 0xFF, 0x9C, 0x02, 0x58, 0x01, 0xF4, 0x00, 0x0F,
		0x00, 0x13, 0x00, 0x5F, 0xB8, 0x00, 0x14, 0x2F, 0xB8, 0x00, 0x11, 0x2F,
		0xB8, 0x00, 0x14, 0x10, 0xB8, 0x00, 0x01, 0xD0, 0xB8, 0x00, 0x01, 0x2F,
		0xB8, 0x00, 0x11, 0x10, 0xB8, 0x00, 0x08, 0xDC, 0xB8, 0x00, 0x0B, 0xD0,
		0xB8, 0x00, 0x01, 0x10, 0xB8, 0x00, 0x0D, 0xD0, 0xB8, 0x00, 0x01, 0x10,
		0xB8, 0x00, 0x10, 0xDC, 0xB8, 0x00, 0x08, 0x10, 0xB8, 0x00, 0x15, 0xDC,
		0x00, 0xBB, 0x00, 0x05, 0x00, 0x01, 0x00, 0x12, 0x00, 0x04, 0x2B, 0xBB,
		0x00, 0x08, 0x00, 0x01, 0x00, 0x0C, 0x00, 0x04, 0x2B, 0xB8, 0x00, 0x08,
		0x10, 0xB8, 0x00, 0x00, 0xD0, 0xB8, 0x00, 0x08, 0x10, 0xB8, 0x00, 0x10,
		0xD0, 0x30, 0x31, 0x37, 0x33, 0x11, 0x33, 0x35, 0x33, 0x15, 0x33, 0x11,
		0x33, 0x15, 0x23, 0x35, 0x21, 0x15, 0x23, 0x37, 0x33, 0x11, 0x23, 0x32,
		0x64, 0x32, 0xFA, 0x32, 0x64, 0x64, 0xFE, 0xA2, 0x64, 0xC8, 0x96, 0x96,
		0x64, 0x01, 0x5E, 0x32, 0x32, 0xFE, 0xA2, 0xC8, 0x64, 0x64, 0xC8, 0x01,
		0x2C, 0x00, 0x00, 0x00, 0x00, 0x02, 0x00, 0x32, 0x00, 0x00, 0x01, 0xC2,
		0x01, 0xF4, 0x00, 0x0D, 0x00, 0x11, 0x00, 0x51, 0xB8, 0x00, 0x12, 0x2F,
		0xB8, 0x00, 0x0F, 0x2F, 0xB8, 0x00, 0x12, 0x10, 0xB8, 0x00, 0x00, 0xD0,
		0xB8, 0x00, 0x00, 0x2F, 0xB8, 0x00, 0x0F, 0x10, 0xB8, 0x00, 0x06, 0xDC,
		0xB8, 0x00, 0x00, 0x10, 0xB8, 0x00, 0x11, 0xDC, 0xB8, 0x00, 0x07, 0xD0,
		0xB8, 0x00, 0x06, 0x10, 0xB8, 0x00, 0x13, 0xDC, 0x00, 0xBB, 0x00, 0x09,
		0x00, 0x01, 0x00, 0x0A, 0x00, 0x04, 0x2B, 0xBB, 0x00, 0x03, 0x00, 0x01,
		0x00, 0x10, 0x00, 0x04, 0x2B, 0xBB, 0x00, 0x0F, 0x00, 0x01, 0x00, 0x06,
		0x00, 0x04, 0x2B, 0x30, 0x31, 0x13, 0x33, 0x35, 0x21, 0x15, 0x33, 0x15,
		0x21, 0x15, 0x33, 0x15, 0x21, 0x35, 0x23, 0x37, 0x33, 0x35, 0x23, 0x32,
		0x32, 0x01, 0x2C, 0x32, 0xFE, 0xD4, 0xFA, 0xFE, 0xD4, 0x32, 0x64, 0xC8,
		0xC8, 0x01, 0xC2, 0x32, 0x32, 0xFA, 0x64, 0x64, 0x32, 0xFA, 0x64, 0x00,
		0x00, 0x01, 0x00, 0x32, 0x00, 0x00, 0x02, 0x26, 0x01, 0xF4, 0x00, 0x23,
		0x01, 0x1F, 0xB8, 0x00, 0x24, 0x2F, 0xB8, 0x00, 0x00, 0xD0, 0xB8, 0x00,
		0x00, 0x2F, 0xB8, 0x00, 0x01, 0xDC, 0xB8, 0x00, 0x00, 0x10, 0xB8, 0x00,
		0x03, 0xDC, 0x41, 0x03, 0x00, 0xDF, 0x00, 0x03, 0x00, 0x01, 0x5D, 0x41,
		0x03, 0x00, 0x90, 0x00, 0x03, 0x00, 0x01, 0x5D, 0x41, 0x03, 0x00, 0x40,
		0x00, 0x03, 0x00, 0x01, 0x5D, 0xB8, 0x00, 0x06, 0xDC, 0xB8, 0x00, 0x03,
		0x10, 0xB8, 0x00, 0x07, 0xDC, 0x41, 0x03, 0x00, 0xDF, 0x00, 0x07, 0x00,
		0x01, 0x5D, 0x41, 0x03, 0x00, 0x90, 0x00, 0x07, 0x00, 0x01, 0x5D, 0x41,
		0x03, 0x00, 0x40, 0x00, 0x07, 0x00, 0x01, 0x5D, 0xB8, 0x00, 0x0A, 0xDC,
		0xB8, 0x00, 0x07, 0x10, 0xB8, 0x00, 0x0D, 0xD0, 0xB8, 0x00, 0x07, 0x10,
		0xB8, 0x00, 0x13, 0xD0, 0xB8, 0x00, 0x06, 0x10, 0xB8, 0x00, 0x15, 0xD0,
		0xB8, 0x00, 0x03, 0x10, 0xB8, 0x00, 0x17, 0xD0, 0xB8, 0x00, 0x01, 0x10,
		0xB8, 0x00, 0x19, 0xD0, 0xB8, 0x00, 0x00, 0x10, 0xB8, 0x00, 0x1B, 0xD0,
		0xB8, 0x00, 0x01, 0x10, 0xB8, 0x00, 0x1F, 0xD0, 0xB8, 0x00, 0x0A, 0x10,
		0xB8, 0x00, 0x25, 0xDC, 0x00, 0xBB, 0x00, 0x11, 0x00, 0x01, 0x00, 0x12,
		0x00, 0x04, 0x2B, 0xBB, 0x00, 0x00, 0x00, 0x01, 0x00, 0x23, 0x00, 0x04,
		0x2B, 0xBB, 0x00, 0x07, 0x00, 0x01, 0x00, 0x0E, 0x00, 0x04, 0x2B, 0xB8,
		0x00, 0x07, 0x10, 0xB8, 0x00, 0x02, 0xD0, 0xB8, 0x00, 0x00, 0x10, 0xB8,
		0x00, 0x04, 0xD0, 0xB8, 0x00, 0x00, 0x10, 0xB8, 0x00, 0x08, 0xD0, 0xB8,
		0x00, 0x23, 0x10, 0xB8, 0x00, 0x0A, 0xD0, 0xB8, 0x00, 0x07, 0x10, 0xB8,
		0x00, 0x0C, 0xD0, 0xB8, 0x00, 0x0E, 0x10, 0xB8, 0x00, 0x14, 0xD0, 0xB8,
		0x00, 0x12, 0x10, 0xB8, 0x00, 0x16, 0xD0, 0xB8, 0x00, 0x0E, 0x10, 0xB8,
		0x00, 0x18, 0xD0, 0xB8, 0x00, 0x12, 0x10, 0xB8, 0x00, 0x1A, 0xD0, 0xB8,
		0x00, 0x11, 0x10, 0xB8, 0x00, 0x1C, 0xD0, 0xB8, 0x00, 0x0E, 0x10, 0xB8,
		0x00, 0x1E, 0xD0, 0xB8, 0x00, 0x07, 0x10, 0xB8, 0x00, 0x20, 0xD0, 0x30,
		0x31, 0x13, 0x33, 0x15, 0x33, 0x35, 0x33, 0x15, 0x33, 0x35, 0x33, 0x15,
		0x23, 0x15, 0x23, 0x15, 0x33, 0x15, 0x33, 0x15, 0x23, 0x35, 0x23, 0x15,
		0x23, 0x35, 0x23, 0x15, 0x23, 0x35, 0x33, 0x35, 0x33, 0x35, 0x23, 0x35,
		0x23, 0x32, 0x64, 0x64, 0x64, 0x64, 0x64, 0x32, 0x32, 0x32, 0x32, 0x64,
		0x64, 0x64, 0x64, 0x64, 0x32, 0x32, 0x32, 0x32, 0x01, 0xF4, 0xC8, 0xC8,
		0xC8, 0xC8, 0x96, 0x32, 0x64, 0x32, 0x96, 0xC8, 0xC8, 0xC8, 0xC8, 0x96,
		0x32, 0x64, 0x32, 0x00, 0x00, 0x01, 0x00, 0x32, 0x00, 0x00, 0x01, 0xC2,
		0x01, 0xF4, 0x00, 0x13, 0x00, 0x51, 0xBA, 0x00, 0x08, 0x00, 0x0D, 0x00,
		0x03, 0x2B, 0xB8, 0x00, 0x08, 0x10, 0xB8, 0x00, 0x03, 0xD0, 0xB8, 0x00,
		0x0D, 0x10, 0xB8, 0x00, 0x11, 0xD0, 0xB8, 0x00, 0x08, 0x10, 0xB8, 0x00,
		0x15, 0xDC, 0x00, 0xBB, 0x00, 0x0D, 0x00, 0x01, 0x00, 0x0A, 0x00, 0x04,
		0x2B, 0xBB, 0x00, 0x01, 0x00, 0x01, 0x00, 0x12, 0x00, 0x04, 0x2B, 0xBB,
		0x00, 0x05, 0x00, 0x01, 0x00, 0x06, 0x00, 0x04, 0x2B, 0xB8, 0x00, 0x06,
		0x10, 0xB8, 0x00, 0x0E, 0xD0, 0xB8, 0x00, 0x05, 0x10, 0xB8, 0x00, 0x10,
		0xD0, 0x30, 0x31, 0x13, 0x21, 0x15, 0x33, 0x15, 0x23, 0x15, 0x33, 0x15,
		0x23, 0x15, 0x21, 0x35, 0x21, 0x35, 0x23, 0x35, 0x33, 0x35, 0x21, 0x32,
		0x01, 0x5E, 0x32, 0x32, 0x32, 0x32, 0xFE, 0xA2, 0x01, 0x2C, 0xFA, 0xFA,
		0xFE, 0xD4, 0x01, 0xF4, 0x32, 0x96, 0x64, 0x96, 0x32, 0x64, 0x64, 0x64,
		0x64, 0x00, 0x00, 0x00, 0x00, 0x01, 0x00, 0x32, 0x00, 0x00, 0x01, 0xC2,
		0x01, 0xF4, 0x00, 0x17, 0x00, 0x3A, 0xB8, 0x00, 0x18, 0x2F, 0xB8, 0x00,
		0x0A, 0x2F, 0xB8, 0x00, 0x18, 0x10, 0xB8, 0x00, 0x00, 0xD0, 0xB8, 0x00,
		0x00, 0x2F, 0xB8, 0x00, 0x01, 0xDC, 0xB8, 0x00, 0x0A, 0x10, 0xB8, 0x00,
		0x0B, 0xDC, 0xB8, 0x00, 0x0A, 0x10, 0xB8, 0x00, 0x0D, 0xD0, 0xB8, 0x00,
		0x01, 0x10, 0xB8, 0x00, 0x15, 0xD0, 0xB8, 0x00, 0x0B, 0x10, 0xB8, 0x00,
		0x19, 0xDC, 0x30, 0x31, 0x13, 0x33, 0x15, 0x33, 0x35, 0x33, 0x35, 0x33,
		0x35, 0x33, 0x35, 0x33, 0x11, 0x23, 0x35, 0x23, 0x15, 0x23, 0x15, 0x23,
		0x15, 0x23, 0x15, 0x23, 0x32, 0x64, 0x32, 0x32, 0x32, 0x32, 0x64, 0x64,
		0x32, 0x32, 0x32, 0x32, 0x64, 0x01, 0xF4, 0xFA, 0x32, 0x32, 0x32, 0x64,
		0xFE, 0x0C, 0xFA, 0x32, 0x32, 0x32, 0x64, 0x00, 0x00, 0x02, 0x00, 0x32,
		0x00, 0x00, 0x01, 0xC2, 0x02, 0xBC, 0x00, 0x17, 0x00, 0x1F, 0x00, 0xD1,
		0xB8, 0x00, 0x20, 0x2F, 0xB8, 0x00, 0x00, 0xD0, 0xB8, 0x00, 0x00, 0x2F,
		0xB8, 0x00, 0x01, 0xDC, 0xB8, 0x00, 0x00, 0x10, 0xB8, 0x00, 0x03, 0xDC,
		0x41, 0x03, 0x00, 0x0F, 0x00, 0x03, 0x00, 0x01, 0x5D, 0x41, 0x03, 0x00,
		0xEF, 0x00, 0x03, 0x00, 0x01, 0x5D, 0x41, 0x05, 0x00, 0x10, 0x00, 0x03,
		0x00, 0x20, 0x00, 0x03, 0x00, 0x02, 0x5D, 0x41, 0x03, 0x00, 0x80, 0x00,
		0x03, 0x00, 0x01, 0x5D, 0xB8, 0x00, 0x0F, 0xDC, 0xB8, 0x00, 0x07, 0xD0,
		0xB8, 0x00, 0x03, 0x10, 0xB8, 0x00, 0x0A, 0xDC, 0x41, 0x03, 0x00, 0xEF,
		0x00, 0x0A, 0x00, 0x01, 0x5D, 0x41, 0x03, 0x00, 0x0F, 0x00, 0x0A, 0x00,
		0x01, 0x5D, 0x41, 0x05, 0x00, 0x10, 0x00, 0x0A, 0x00, 0x20, 0x00, 0x0A,
		0x00, 0x02, 0x5D, 0x41, 0x03, 0x00, 0x80, 0x00, 0x0A, 0x00, 0x01, 0x5D,
		0xB8, 0x00, 0x0B, 0xDC, 0xB8, 0x00, 0x0A, 0x10, 0xB8, 0x00, 0x0D, 0xD0,
		0xB8, 0x00, 0x03, 0x10, 0xB8, 0x00, 0x13, 0xD0, 0xB8, 0x00, 0x01, 0x10,
		0xB8, 0x00, 0x15, 0xD0, 0xB8, 0x00, 0x0A, 0x10, 0xB8, 0x00, 0x19, 0xD0,
		0xB8, 0x00, 0x0F, 0x10, 0xB8, 0x00, 0x1C, 0xD0, 0xB8, 0x00, 0x03, 0x10,
		0xB8, 0x00, 0x1D, 0xD0, 0xB8, 0x00, 0x01, 0x10, 0xB8, 0x00, 0x1F, 0xD0,
		0xB8, 0x00, 0x0B, 0x10, 0xB8, 0x00, 0x21, 0xDC, 0x00, 0xBB, 0x00, 0x19,
		0x00, 0x01, 0x00, 0x1A, 0x00, 0x04, 0x2B, 0xB8, 0x00, 0x1A, 0x10, 0xB8,
		0x00, 0x1E, 0xD0, 0x30, 0x31, 0x13, 0x33, 0x15, 0x33, 0x35, 0x33, 0x35,
		0x33, 0x35, 0x33, 0x35, 0x33, 0x11, 0x23, 0x35, 0x23, 0x15, 0x23, 0x15,
		0x23, 0x15, 0x23, 0x15, 0x23, 0x13, 0x33, 0x15, 0x23, 0x15, 0x23, 0x35,
		0x23, 0x32, 0x64, 0x32, 0x32, 0x32, 0x32, 0x64, 0x64, 0x32, 0x32, 0x32,
		0x32, 0x64, 0x64, 0xC8, 0x32, 0x64, 0x32, 0x01, 0xF4, 0xFA, 0x32, 0x32,
		0x32, 0x64, 0xFE, 0x0C, 0xFA, 0x32, 0x32, 0x32, 0x64, 0x02, 0xBC, 0x32,
		0x32, 0x32, 0x00, 0x00, 0x00, 0x01, 0x00, 0x32, 0x00, 0x00, 0x01, 0xC2,
		0x01, 0xF4, 0x00, 0x23, 0x00, 0xD9, 0xB8, 0x00, 0x24, 0x2F, 0xB8, 0x00,
		0x00, 0xD0, 0xB8, 0x00, 0x00, 0x2F, 0xB8, 0x00, 0x01, 0xDC, 0xB8, 0x00,
		0x00, 0x10, 0xB8, 0x00, 0x03, 0xDC, 0x41, 0x03, 0x00, 0x0F, 0x00, 0x03,
		0x00, 0x01, 0x5D, 0x41, 0x03, 0x00, 0xEF, 0x00, 0x03, 0x00, 0x01, 0x5D,
		0x41, 0x05, 0x00, 0x10, 0x00, 0x03, 0x00, 0x20, 0x00, 0x03, 0x00, 0x02,
		0x5D, 0x41, 0x03, 0x00, 0x80, 0x00, 0x03, 0x00, 0x01, 0x5D, 0xB8, 0x00,
		0x11, 0xDC, 0xB8, 0x00, 0x07, 0xD0, 0xB8, 0x00, 0x03, 0x10, 0xB8, 0x00,
		0x0A, 0xDC, 0x41, 0x03, 0x00, 0xEF, 0x00, 0x0A, 0x00, 0x01, 0x5D, 0x41,
		0x03, 0x00, 0x0F, 0x00, 0x0A, 0x00, 0x01, 0x5D, 0x41, 0x05, 0x00, 0x10,
		0x00, 0x0A, 0x00, 0x20, 0x00, 0x0A, 0x00, 0x02, 0x5D, 0x41, 0x03, 0x00,
		0x80, 0x00, 0x0A, 0x00, 0x01, 0x5D, 0xB8, 0x00, 0x0B, 0xDC, 0xB8, 0x00,
		0x0A, 0x10, 0xB8, 0x00, 0x0F, 0xD0, 0xB8, 0x00, 0x0A, 0x10, 0xB8, 0x00,
		0x13, 0xD0, 0xB8, 0x00, 0x0B, 0x10, 0xB8, 0x00, 0x17, 0xD0, 0xB8, 0x00,
		0x0A, 0x10, 0xB8, 0x00, 0x19, 0xD0, 0xB8, 0x00, 0x11, 0x10, 0xB8, 0x00,
		0x1B, 0xD0, 0xB8, 0x00, 0x03, 0x10, 0xB8, 0x00, 0x1F, 0xD0, 0xB8, 0x00,
		0x01, 0x10, 0xB8, 0x00, 0x22, 0xD0, 0xB8, 0x00, 0x0B, 0x10, 0xB8, 0x00,
		0x25, 0xDC, 0x00, 0xBB, 0x00, 0x02, 0x00, 0x01, 0x00, 0x21, 0x00, 0x04,
		0x2B, 0xB8, 0x00, 0x02, 0x10, 0xB8, 0x00, 0x10, 0xD0, 0xB8, 0x00, 0x21,
		0x10, 0xB8, 0x00, 0x12, 0xD0, 0x30, 0x31, 0x13, 0x33, 0x15, 0x33, 0x35,
		0x33, 0x35, 0x33, 0x35, 0x33, 0x35, 0x33, 0x15, 0x23, 0x15, 0x23, 0x15,
		0x23, 0x15, 0x33, 0x15, 0x33, 0x15, 0x33, 0x15, 0x23, 0x35, 0x23, 0x35,
		0x23, 0x35, 0x23, 0x35, 0x23, 0x15, 0x23, 0x32, 0x64, 0x32, 0x32, 0x32,
		0x32, 0x64, 0x32, 0x32, 0x32, 0x32, 0x32, 0x32, 0x64, 0x32, 0x32, 0x32,
		0x32, 0x64, 0x01, 0xF4, 0xC8, 0x32, 0x32, 0x32, 0x32, 0x64, 0x32, 0x32,
		0x64, 0x32, 0x32, 0x64, 0x32, 0x32, 0x32, 0x32, 0xC8, 0x00, 0x00, 0x00,
		0x00, 0x01, 0x00, 0x32, 0x00, 0x00, 0x01, 0xC2, 0x01, 0xF4, 0x00, 0x11,
		0x00, 0x45, 0xB8, 0x00, 0x12, 0x2F, 0xB8, 0x00, 0x09, 0x2F, 0xB8, 0x00,
		0x12, 0x10, 0xB8, 0x00, 0x00, 0xD0, 0xB8, 0x00, 0x00, 0x2F, 0xB8, 0x00,
		0x03, 0xDC, 0xB8, 0x00, 0x09, 0x10, 0xB8, 0x00, 0x08, 0xDC, 0xB8, 0x00,
		0x03, 0x10, 0xB8, 0x00, 0x0F, 0xD0, 0xB8, 0x00, 0x08, 0x10, 0xB8, 0x00,
		0x13, 0xDC, 0x00, 0xBB, 0x00, 0x06, 0x00, 0x01, 0x00, 0x03, 0x00, 0x04,
		0x2B, 0xB8, 0x00, 0x03, 0x10, 0xB8, 0x00, 0x0A, 0xD0, 0x30, 0x31, 0x13,
		0x33, 0x35, 0x33, 0x35, 0x33, 0x35, 0x33, 0x11, 0x23, 0x11, 0x23, 0x15,
		0x23, 0x15, 0x23, 0x11, 0x23, 0x32, 0x32, 0x32, 0x32, 0xFA, 0x64, 0x64,
		0x32, 0x32, 0x64, 0x01, 0x5E, 0x32, 0x32, 0x32, 0xFE, 0x0C, 0x01, 0x90,
		0x32, 0x32, 0xFE, 0xD4, 0x00, 0x01, 0x00, 0x32, 0x00, 0x00, 0x02, 0x26,
		0x01, 0xF4, 0x00, 0x1B, 0x00, 0xA5, 0xB8, 0x00, 0x1C, 0x2F, 0xB8, 0x00,
		0x00, 0xD0, 0xB8, 0x00, 0x00, 0x2F, 0xB8, 0x00, 0x01, 0xDC, 0xB8, 0x00,
		0x00, 0x10, 0xB8, 0x00, 0x05, 0xDC, 0x41, 0x03, 0x00, 0xDF, 0x00, 0x05,
		0x00, 0x01, 0x5D, 0x41, 0x03, 0x00, 0x90, 0x00, 0x05, 0x00, 0x01, 0x5D,
		0x41, 0x03, 0x00, 0x40, 0x00, 0x05, 0x00, 0x01, 0x5D, 0xB8, 0x00, 0x08,
		0xDC, 0xB8, 0x00, 0x05, 0x10, 0xB8, 0x00, 0x0C, 0xDC, 0x41, 0x03, 0x00,
		0xDF, 0x00, 0x0C, 0x00, 0x01, 0x5D, 0x41, 0x03, 0x00, 0x90, 0x00, 0x0C,
		0x00, 0x01, 0x5D, 0x41, 0x03, 0x00, 0x40, 0x00, 0x0C, 0x00, 0x01, 0x5D,
		0xB8, 0x00, 0x0D, 0xDC, 0xB8, 0x00, 0x0C, 0x10, 0xB8, 0x00, 0x0F, 0xD0,
		0xB8, 0x00, 0x05, 0x10, 0xB8, 0x00, 0x15, 0xD0, 0xB8, 0x00, 0x01, 0x10,
		0xB8, 0x00, 0x19, 0xD0, 0xB8, 0x00, 0x0D, 0x10, 0xB8, 0x00, 0x1D, 0xDC,
		0x00, 0xBB, 0x00, 0x13, 0x00, 0x01, 0x00, 0x14, 0x00, 0x04, 0x2B, 0xBB,
		0x00, 0x03, 0x00, 0x01, 0x00, 0x06, 0x00, 0x04, 0x2B, 0xB8, 0x00, 0x03,
		0x10, 0xB8, 0x00, 0x0A, 0xD0, 0xB8, 0x00, 0x13, 0x10, 0xB8, 0x00, 0x16,
		0xD0, 0x30, 0x31, 0x13, 0x33, 0x15, 0x33, 0x15, 0x33, 0x15, 0x33, 0x35,
		0x33, 0x35, 0x33, 0x35, 0x33, 0x11, 0x23, 0x35, 0x23, 0x15, 0x23, 0x15,
		0x23, 0x35, 0x23, 0x35, 0x23, 0x15, 0x23, 0x32, 0x64, 0x32, 0x32, 0x64,
		0x32, 0x32, 0x64, 0x64, 0x32, 0x32, 0x64, 0x32, 0x32, 0x64, 0x01, 0xF4,
		0x64, 0x32, 0x32, 0x32, 0x32, 0x64, 0xFE, 0x0C, 0xFA, 0x32, 0x64, 0x64,
		0x32, 0xFA, 0x00, 0x00, 0x00, 0x01, 0x00, 0x32, 0x00, 0x00, 0x01, 0xC2,
		0x01, 0xF4, 0x00, 0x0B, 0x00, 0x45, 0xB8, 0x00, 0x0C, 0x2F, 0xB8, 0x00,
		0x04, 0x2F, 0xB8, 0x00, 0x0C, 0x10, 0xB8, 0x00, 0x00, 0xD0, 0xB8, 0x00,
		0x00, 0x2F, 0xB8, 0x00, 0x01, 0xDC, 0xB8, 0x00, 0x04, 0x10, 0xB8, 0x00,
		0x05, 0xDC, 0xB8, 0x00, 0x04, 0x10, 0xB8, 0x00, 0x07, 0xD0, 0xB8, 0x00,
		0x01, 0x10, 0xB8, 0x00, 0x09, 0xD0, 0xB8, 0x00, 0x05, 0x10, 0xB8, 0x00,
		0x0D, 0xDC, 0x00, 0xBB, 0x00, 0x03, 0x00, 0x01, 0x00, 0x08, 0x00, 0x04,
		0x2B, 0x30, 0x31, 0x13, 0x33, 0x15, 0x33, 0x35, 0x33, 0x11, 0x23, 0x35,
		0x23, 0x15, 0x23, 0x32, 0x64, 0xC8, 0x64, 0x64, 0xC8, 0x64, 0x01, 0xF4,
		0xC8, 0xC8, 0xFE, 0x0C, 0xC8, 0xC8, 0x00, 0x00, 0x00, 0x02, 0x00, 0x32,
		0x00, 0x00, 0x01, 0xC2, 0x01, 0xF4, 0x00, 0x0B, 0x00, 0x0F, 0x00, 0x43,
		0xB8, 0x00, 0x10, 0x2F, 0xB8, 0x00, 0x0D, 0x2F, 0xB8, 0x00, 0x10, 0x10,
		0xB8, 0x00, 0x00, 0xD0, 0xB8, 0x00, 0x00, 0x2F, 0xB8, 0x00, 0x0D, 0x10,
		0xB8, 0x00, 0x06, 0xDC, 0xB8, 0x00, 0x00, 0x10, 0xB8, 0x00, 0x0F, 0xDC,
		0xB8, 0x00, 0x06, 0x10, 0xB8, 0x00, 0x11, 0xDC, 0x00, 0xBB, 0x00, 0x0D,
		0x00, 0x01, 0x00, 0x08, 0x00, 0x04, 0x2B, 0xBB, 0x00, 0x03, 0x00, 0x01,
		0x00, 0x0E, 0x00, 0x04, 0x2B, 0x30, 0x31, 0x13, 0x33, 0x35, 0x21, 0x15,
		0x33, 0x11, 0x23, 0x15, 0x21, 0x35, 0x23, 0x37, 0x33, 0x11, 0x23, 0x32,
		0x32, 0x01, 0x2C, 0x32, 0x32, 0xFE, 0xD4, 0x32, 0x64, 0xC8, 0xC8, 0x01,
		0xC2, 0x32, 0x32, 0xFE, 0x70, 0x32, 0x32, 0x32, 0x01, 0x2C, 0x00, 0x00,
		0x00, 0x01, 0x00, 0x32, 0x00, 0x00, 0x01, 0xC2, 0x01, 0xF4, 0x00, 0x0F,
		0x00, 0x45, 0xB8, 0x00, 0x10, 0x2F, 0xB8, 0x00, 0x09, 0x2F, 0xB8, 0x00,
		0x10, 0x10, 0xB8, 0x00, 0x00, 0xD0, 0xB8, 0x00, 0x00, 0x2F, 0xB8, 0x00,
		0x01, 0xDC, 0xB8, 0x00, 0x09, 0x10, 0xB8, 0x00, 0x08, 0xDC, 0xB8, 0x00,
		0x01, 0x10, 0xB8, 0x00, 0x0D, 0xD0, 0xB8, 0x00, 0x08, 0x10, 0xB8, 0x00,
		0x11, 0xDC, 0x00, 0xBB, 0x00, 0x05, 0x00, 0x01, 0x00, 0x0A, 0x00, 0x04,
		0x2B, 0xB8, 0x00, 0x05, 0x10, 0xB8, 0x00, 0x00, 0xD0, 0x30, 0x31, 0x13,
		0x33, 0x15, 0x33, 0x35, 0x33, 0x15, 0x33, 0x11, 0x23, 0x11, 0x23, 0x15,
		0x23, 0x11, 0x23, 0x32, 0x64, 0x32, 0xC8, 0x32, 0x64, 0x96, 0x32, 0x64,
		0x01, 0xF4, 0x32, 0x32, 0x32, 0xFE, 0x3E, 0x01, 0x90, 0x32, 0xFE, 0xA2,
		0x00, 0x02, 0x00, 0x32, 0xFF, 0x38, 0x01, 0xC2, 0x01, 0xF4, 0x00, 0x09,
		0x00, 0x0D, 0x00, 0x47, 0xB8, 0x00, 0x0E, 0x2F, 0xB8, 0x00, 0x0B, 0x2F,
		0xB8, 0x00, 0x0E, 0x10, 0xB8, 0x00, 0x00, 0xD0, 0xB8, 0x00, 0x00, 0x2F,
		0xB8, 0x00, 0x0B, 0x10, 0xB8, 0x00, 0x04, 0xDC, 0xB8, 0x00, 0x00, 0x10,
		0xB8, 0x00, 0x0D, 0xDC, 0xB8, 0x00, 0x07, 0xD0, 0xB8, 0x00, 0x04, 0x10,
		0xB8, 0x00, 0x0F, 0xDC, 0x00, 0xBB, 0x00, 0x01, 0x00, 0x01, 0x00, 0x0C,
		0x00, 0x04, 0x2B, 0xBB, 0x00, 0x0B, 0x00, 0x01, 0x00, 0x06, 0x00, 0x04,
		0x2B, 0x30, 0x31, 0x13, 0x21, 0x15, 0x33, 0x11, 0x23, 0x15, 0x23, 0x15,
		0x23, 0x13, 0x33, 0x11, 0x23, 0x32, 0x01, 0x5E, 0x32, 0x32, 0xFA, 0x64,
		0x64, 0xC8, 0xC8, 0x01, 0xF4, 0x32, 0xFE, 0x70, 0x32, 0xC8, 0x01, 0x2C,
		0x01, 0x2C, 0x00, 0x00, 0x00, 0x01, 0x00, 0x32, 0x00, 0x00, 0x01, 0xC2,
		0x01, 0xF4, 0x00, 0x0B, 0x00, 0x1F, 0xBA, 0x00, 0x05, 0x00, 0x00, 0x00,
		0x03, 0x2B, 0x00, 0xBB, 0x00, 0x07, 0x00, 0x01, 0x00, 0x08, 0x00, 0x04,
		0x2B, 0xBB, 0x00, 0x03, 0x00, 0x01, 0x00, 0x04, 0x00, 0x04, 0x2B, 0x30,
		0x31, 0x13, 0x33, 0x35, 0x21, 0x15, 0x21, 0x11, 0x21, 0x15, 0x21, 0x35,
		0x23, 0x32, 0x32, 0x01, 0x5E, 0xFE, 0xD4, 0x01, 0x2C, 0xFE, 0xA2, 0x32,
		0x01, 0xC2, 0x32, 0x64, 0xFE, 0xD4, 0x64, 0x32, 0x00, 0x01, 0x00, 0x32,
		0x00, 0x00, 0x01, 0xC2, 0x01, 0xF4, 0x00, 0x07, 0x00, 0x1D, 0xBA, 0x00,
		0x04, 0x00, 0x05, 0x00, 0x03, 0x2B, 0x00, 0xBB, 0x00, 0x01, 0x00, 0x01,
		0x00, 0x02, 0x00, 0x04, 0x2B, 0xB8, 0x00, 0x02, 0x10, 0xB8, 0x00, 0x06,
		0xD0, 0x30, 0x31, 0x13, 0x21, 0x15, 0x23, 0x11, 0x23, 0x11, 0x23, 0x32,
		0x01, 0x90, 0x96, 0x64, 0x96, 0x01, 0xF4, 0x64, 0xFE, 0x70, 0x01, 0x90,
		0x00, 0x01, 0x00, 0x32, 0xFF, 0x38, 0x01, 0xC2, 0x01, 0xF4, 0x00, 0x0F,
		0x00, 0x43, 0xB8, 0x00, 0x10, 0x2F, 0xB8, 0x00, 0x0B, 0x2F, 0xB8, 0x00,
		0x10, 0x10, 0xB8, 0x00, 0x00, 0xD0, 0xB8, 0x00, 0x00, 0x2F, 0xB8, 0x00,
		0x01, 0xDC, 0xB8, 0x00, 0x0B, 0x10, 0xB8, 0x00, 0x03, 0xD0, 0xB8, 0x00,
		0x0B, 0x10, 0xB8, 0x00, 0x06, 0xDC, 0xB8, 0x00, 0x11, 0xDC, 0x00, 0xBB,
		0x00, 0x0B, 0x00, 0x01, 0x00, 0x08, 0x00, 0x04, 0x2B, 0xBB, 0x00, 0x03,
		0x00, 0x01, 0x00, 0x0C, 0x00, 0x04, 0x2B, 0x30, 0x31, 0x13, 0x33, 0x11,
		0x33, 0x11, 0x33, 0x11, 0x23, 0x15, 0x21, 0x35, 0x33, 0x35, 0x23, 0x35,
		0x23, 0x32, 0x64, 0xC8, 0x64, 0x32, 0xFE, 0xD4, 0xFA, 0xFA, 0x32, 0x01,
		0xF4, 0xFE, 0x70, 0x01, 0x90, 0xFD, 0x76, 0x32, 0x64, 0x64, 0x32, 0x00,
		0x00, 0x03, 0x00, 0x32, 0xFF, 0x9C, 0x02, 0x26, 0x02, 0x26, 0x00, 0x13,
		0x00, 0x17, 0x00, 0x1B, 0x00, 0xB5, 0xB8, 0x00, 0x1C, 0x2F, 0xB8, 0x00,
		0x00, 0xD0, 0xB8, 0x00, 0x00, 0x2F, 0xB8, 0x00, 0x03, 0xDC, 0x41, 0x03,
		0x00, 0xDF, 0x00, 0x03, 0x00, 0x01, 0x5D, 0x41, 0x03, 0x00, 0x40, 0x00,
		0x03, 0x00, 0x01, 0x5D, 0x41, 0x03, 0x00, 0x90, 0x00, 0x03, 0x00, 0x01,
		0x5D, 0xB8, 0x00, 0x06, 0xDC, 0xB8, 0x00, 0x03, 0x10, 0xB8, 0x00, 0x14,
		0xDC, 0x41, 0x03, 0x00, 0xDF, 0x00, 0x14, 0x00, 0x01, 0x5D, 0x41, 0x03,
		0x00, 0x40, 0x00, 0x14, 0x00, 0x01, 0x5D, 0x41, 0x03, 0x00, 0x90, 0x00,
		0x14, 0x00, 0x01, 0x5D, 0xB8, 0x00, 0x09, 0xDC, 0xB8, 0x00, 0x06, 0x10,
		0xB8, 0x00, 0x0E, 0xD0, 0xB8, 0x00, 0x03, 0x10, 0xB8, 0x00, 0x0F, 0xD0,
		0xB8, 0x00, 0x03, 0x10, 0xB8, 0x00, 0x19, 0xD0, 0xB8, 0x00, 0x00, 0x10,
		0xB8, 0x00, 0x1B, 0xDC, 0xB8, 0x00, 0x09, 0x10, 0xB8, 0x00, 0x1D, 0xDC,
		0x00, 0xBB, 0x00, 0x17, 0x00, 0x01, 0x00, 0x0C, 0x00, 0x04, 0x2B, 0xBB,
		0x00, 0x07, 0x00, 0x01, 0x00, 0x14, 0x00, 0x04, 0x2B, 0xB8, 0x00, 0x07,
		0x10, 0xB8, 0x00, 0x02, 0xD0, 0xB8, 0x00, 0x0C, 0x10, 0xB8, 0x00, 0x10,
		0xD0, 0xB8, 0x00, 0x17, 0x10, 0xB8, 0x00, 0x18, 0xD0, 0xB8, 0x00, 0x14,
		0x10, 0xB8, 0x00, 0x1A, 0xD0, 0x30, 0x31, 0x13, 0x33, 0x35, 0x33, 0x35,
		0x33, 0x15, 0x33, 0x15, 0x33, 0x11, 0x23, 0x15, 0x23, 0x15, 0x23, 0x35,
		0x23, 0x35, 0x23, 0x01, 0x23, 0x11, 0x33, 0x21, 0x33, 0x11, 0x23, 0x32,
		0x32, 0x96, 0x64, 0x96, 0x32, 0x32, 0x96, 0x64, 0x96, 0x32, 0x01, 0x90,
		0x64, 0x64, 0xFE, 0xD4, 0x64, 0x64, 0x01, 0xC2, 0x32, 0x32, 0x32, 0x32,
		0xFE, 0x70, 0x32, 0x64, 0x64, 0x32, 0x01, 0x5E, 0xFE, 0xD4, 0x01, 0x2C,
		0x00, 0x01, 0x00, 0x32, 0x00, 0x00, 0x01, 0xC2, 0x01, 0xF4, 0x00, 0x2B,
		0x01, 0x31, 0xB8, 0x00, 0x2C, 0x2F, 0xB8, 0x00, 0x00, 0xD0, 0xB8, 0x00,
		0x00, 0x2F, 0xB8, 0x00, 0x01, 0xDC, 0xB8, 0x00, 0x00, 0x10, 0xB8, 0x00,
		0x03, 0xDC, 0x41, 0x03, 0x00, 0xEF, 0x00, 0x03, 0x00, 0x01, 0x5D, 0x41,
		0x03, 0x00, 0x0F, 0x00, 0x03, 0x00, 0x01, 0x5D, 0x41, 0x05, 0x00, 0x10,
		0x00, 0x03, 0x00, 0x20, 0x00, 0x03, 0x00, 0x02, 0x5D, 0x41, 0x03, 0x00,
		0x80, 0x00, 0x03, 0x00, 0x01, 0x5D, 0xB8, 0x00, 0x06, 0xDC, 0xB8, 0x00,
		0x03, 0x10, 0xB8, 0x00, 0x08, 0xDC, 0x41, 0x03, 0x00, 0xEF, 0x00, 0x08,
		0x00, 0x01, 0x5D, 0x41, 0x03, 0x00, 0x0F, 0x00, 0x08, 0x00, 0x01, 0x5D,
		0x41, 0x03, 0x00, 0x80, 0x00, 0x08, 0x00, 0x01, 0x5D, 0x41, 0x05, 0x00,
		0x10, 0x00, 0x08, 0x00, 0x20, 0x00, 0x08, 0x00, 0x02, 0x5D, 0xB8, 0x00,
		0x09, 0xDC, 0xB8, 0x00, 0x08, 0x10, 0xB8, 0x00, 0x0D, 0xD0, 0xB8, 0x00,
		0x08, 0x10, 0xB8, 0x00, 0x11, 0xD0, 0xB8, 0x00, 0x08, 0x10, 0xB8, 0x00,
		0x17, 0xD0, 0xB8, 0x00, 0x06, 0x10, 0xB8, 0x00, 0x19, 0xD0, 0xB8, 0x00,
		0x03, 0x10, 0xB8, 0x00, 0x1B, 0xD0, 0xB8, 0x00, 0x01, 0x10, 0xB8, 0x00,
		0x1D, 0xD0, 0xB8, 0x00, 0x00, 0x10, 0xB8, 0x00, 0x1F, 0xD0, 0xB8, 0x00,
		0x01, 0x10, 0xB8, 0x00, 0x23, 0xD0, 0xB8, 0x00, 0x03, 0x10, 0xB8, 0x00,
		0x25, 0xD0, 0xB8, 0x00, 0x01, 0x10, 0xB8, 0x00, 0x27, 0xD0, 0xB8, 0x00,
		0x09, 0x10, 0xB8, 0x00, 0x2D, 0xDC, 0x00, 0xBB, 0x00, 0x15, 0x00, 0x01,
		0x00, 0x16, 0x00, 0x04, 0x2B, 0xBB, 0x00, 0x00, 0x00, 0x01, 0x00, 0x2B,
		0x00, 0x04, 0x2B, 0xBB, 0x00, 0x0E, 0x00, 0x01, 0x00, 0x11, 0x00, 0x04,
		0x2B, 0xB8, 0x00, 0x2B, 0x10, 0xB8, 0x00, 0x04, 0xD0, 0xB8, 0x00, 0x00,
		0x10, 0xB8, 0x00, 0x08, 0xD0, 0xB8, 0x00, 0x2B, 0x10, 0xB8, 0x00, 0x0A,
		0xD0, 0xB8, 0x00, 0x15, 0x10, 0xB8, 0x00, 0x1A, 0xD0, 0xB8, 0x00, 0x16,
		0x10, 0xB8, 0x00, 0x1E, 0xD0, 0xB8, 0x00, 0x15, 0x10, 0xB8, 0x00, 0x20,
		0xD0, 0xB8, 0x00, 0x11, 0x10, 0xB8, 0x00, 0x24, 0xD0, 0xB8, 0x00, 0x0E,
		0x10, 0xB8, 0x00, 0x26, 0xD0, 0x30, 0x31, 0x13, 0x33, 0x15, 0x33, 0x15,
		0x33, 0x35, 0x33, 0x35, 0x33, 0x15, 0x23, 0x15, 0x23, 0x15, 0x23, 0x15,
		0x33, 0x15, 0x33, 0x15, 0x33, 0x15, 0x23, 0x35, 0x23, 0x35, 0x23, 0x15,
		0x23, 0x15, 0x23, 0x35, 0x33, 0x35, 0x33, 0x35, 0x33, 0x35, 0x23, 0x35,
		0x23, 0x35, 0x23, 0x32, 0x64, 0x32, 0x64, 0x32, 0x64, 0x32, 0x32, 0x32,
		0x32, 0x32, 0x32, 0x64, 0x32, 0x64, 0x32, 0x64, 0x32, 0x32, 0x32, 0x32,
		0x32, 0x32, 0x01, 0xF4, 0x32, 0x32, 0x32, 0x32, 0x64, 0x32, 0x32, 0x64,
		0x32, 0x32, 0x64, 0x32, 0x32, 0x32, 0x32, 0x64, 0x32, 0x32, 0x64, 0x32,
		0x32, 0x00, 0x00, 0x00, 0x00, 0x01, 0x00, 0x32, 0xFF, 0x9C, 0x02, 0x26,
		0x01, 0xF4, 0x00, 0x0B, 0x00, 0x39, 0xB8, 0x00, 0x0C, 0x2F, 0xB8, 0x00,
		0x03, 0x2F, 0xB8, 0x00, 0x0C, 0x10, 0xB8, 0x00, 0x00, 0xD0, 0xB8, 0x00,
		0x00, 0x2F, 0xB8, 0x00, 0x01, 0xDC, 0xB8, 0x00, 0x03, 0x10, 0xB8, 0x00,
		0x06, 0xDC, 0xB8, 0x00, 0x09, 0xD0, 0x00, 0xBB, 0x00, 0x06, 0x00, 0x01,
		0x00, 0x0A, 0x00, 0x04, 0x2B, 0xB8, 0x00, 0x06, 0x10, 0xB8, 0x00, 0x02,
		0xD0, 0x30, 0x31, 0x13, 0x33, 0x11, 0x33, 0x11, 0x33, 0x11, 0x33, 0x15,
		0x23, 0x35, 0x21, 0x32, 0x64, 0xC8, 0x64, 0x64, 0x64, 0xFE, 0x70, 0x01,
		0xF4, 0xFE, 0x70, 0x01, 0x90, 0xFE, 0x70, 0xC8, 0x64, 0x00, 0x00, 0x00,
		0x00, 0x01, 0x00, 0x32, 0x00, 0x00, 0x01, 0xC2, 0x01, 0xF4, 0x00, 0x0B,
		0x00, 0x3D, 0xB8, 0x00, 0x0C, 0x2F, 0xB8, 0x00, 0x04, 0x2F, 0xB8, 0x00,
		0x0C, 0x10, 0xB8, 0x00, 0x00, 0xD0, 0xB8, 0x00, 0x00, 0x2F, 0xB8, 0x00,
		0x01, 0xDC, 0xB8, 0x00, 0x04, 0x10, 0xB8, 0x00, 0x05, 0xDC, 0xB8, 0x00,
		0x04, 0x10, 0xB8, 0x00, 0x07, 0xD0, 0xB8, 0x00, 0x05, 0x10, 0xB8, 0x00,
		0x0D, 0xDC, 0x00, 0xBB, 0x00, 0x03, 0x00, 0x01, 0x00, 0x08, 0x00, 0x04,
		0x2B, 0x30, 0x31, 0x13, 0x33, 0x15, 0x33, 0x35, 0x33, 0x11, 0x23, 0x35,
		0x23, 0x35, 0x23, 0x32, 0x64, 0xC8, 0x64, 0x64, 0xFA, 0x32, 0x01, 0xF4,
		0xC8, 0xC8, 0xFE, 0x0C, 0xC8, 0x32, 0x00, 0x00, 0x00, 0x01, 0x00, 0x32,
		0x00, 0x00, 0x02, 0x26, 0x01, 0xF4, 0x00, 0x0B, 0x00, 0x77, 0xB8, 0x00,
		0x0C, 0x2F, 0xB8, 0x00, 0x00, 0xD0, 0xB8, 0x00, 0x00, 0x2F, 0xB8, 0x00,
		0x01, 0xDC, 0xB8, 0x00, 0x00, 0x10, 0xB8, 0x00, 0x03, 0xDC, 0x41, 0x03,
		0x00, 0xDF, 0x00, 0x03, 0x00, 0x01, 0x5D, 0x41, 0x03, 0x00, 0x40, 0x00,
		0x03, 0x00, 0x01, 0x5D, 0x41, 0x03, 0x00, 0x90, 0x00, 0x03, 0x00, 0x01,
		0x5D, 0xB8, 0x00, 0x06, 0xDC, 0xB8, 0x00, 0x03, 0x10, 0xB8, 0x00, 0x07,
		0xDC, 0x41, 0x03, 0x00, 0xDF, 0x00, 0x07, 0x00, 0x01, 0x5D, 0x41, 0x03,
		0x00, 0x40, 0x00, 0x07, 0x00, 0x01, 0x5D, 0x41, 0x03, 0x00, 0x90, 0x00,
		0x07, 0x00, 0x01, 0x5D, 0xB8, 0x00, 0x0A, 0xDC, 0xB8, 0x00, 0x0D, 0xDC,
		0x00, 0xBB, 0x00, 0x07, 0x00, 0x01, 0x00, 0x0A, 0x00, 0x04, 0x2B, 0xB8,
		0x00, 0x07, 0x10, 0xB8, 0x00, 0x02, 0xD0, 0x30, 0x31, 0x13, 0x33, 0x11,
		0x33, 0x11, 0x33, 0x11, 0x33, 0x11, 0x33, 0x11, 0x21, 0x32, 0x64, 0x64,
		0x64, 0x64, 0x64, 0xFE, 0x0C, 0x01, 0xF4, 0xFE, 0x70, 0x01, 0x90, 0xFE,
		0x70, 0x01, 0x90, 0xFE, 0x0C, 0x00, 0x00, 0x00, 0x00, 0x01, 0x00, 0x32,
		0xFF, 0x9C, 0x02, 0x8A, 0x01, 0xF4, 0x00, 0x0F, 0x00, 0x87, 0xB8, 0x00,
		0x10, 0x2F, 0xB8, 0x00, 0x00, 0xD0, 0xB8, 0x00, 0x00, 0x2F, 0xB8, 0x00,
		0x01, 0xDC, 0xB8, 0x00, 0x00, 0x10, 0xB8, 0x00, 0x03, 0xDC, 0x41, 0x03,
		0x00, 0xDF, 0x00, 0x03, 0x00, 0x01, 0x5D, 0x41, 0x03, 0x00, 0x90, 0x00,
		0x03, 0x00, 0x01, 0x5D, 0x41, 0x03, 0x00, 0x40, 0x00, 0x03, 0x00, 0x01,
		0x5D, 0xB8, 0x00, 0x06, 0xDC, 0xB8, 0x00, 0x03, 0x10, 0xB8, 0x00, 0x07,
		0xDC, 0x41, 0x03, 0x00, 0xDF, 0x00, 0x07, 0x00, 0x01, 0x5D, 0x41, 0x03,
		0x00, 0x90, 0x00, 0x07, 0x00, 0x01, 0x5D, 0x41, 0x03, 0x00, 0x40, 0x00,
		0x07, 0x00, 0x01, 0x5D, 0xB8, 0x00, 0x0A, 0xDC, 0xB8, 0x00, 0x0D, 0xD0,
		0xB8, 0x00, 0x0A, 0x10, 0xB8, 0x00, 0x11, 0xDC, 0x00, 0xBB, 0x00, 0x0A,
		0x00, 0x01, 0x00, 0x0E, 0x00, 0x04, 0x2B, 0xB8, 0x00, 0x0A, 0x10, 0xB8,
		0x00, 0x02, 0xD0, 0xB8, 0x00, 0x0A, 0x10, 0xB8, 0x00, 0x06, 0xD0, 0x30,
		0x31, 0x13, 0x33, 0x11, 0x33, 0x11, 0x33, 0x11, 0x33, 0x11, 0x33, 0x11,
		0x33, 0x15, 0x23, 0x35, 0x21, 0x32, 0x64, 0x64, 0x64, 0x64, 0x64, 0x64,
		0x64, 0xFE, 0x0C, 0x01, 0xF4, 0xFE, 0x70, 0x01, 0x90, 0xFE, 0x70, 0x01,
		0x90, 0xFE, 0x70, 0xC8, 0x64, 0x00, 0x00, 0x00, 0x00, 0x02, 0x00, 0x32,
		0x00, 0x00, 0x02, 0x26, 0x01, 0xF4, 0x00, 0x0B, 0x00, 0x0F, 0x00, 0x49,
		0xB8, 0x00, 0x10, 0x2F, 0xB8, 0x00, 0x0E, 0x2F, 0xB8, 0x00, 0x10, 0x10,
		0xB8, 0x00, 0x09, 0xD0, 0xB8, 0x00, 0x09, 0x2F, 0xB8, 0x00, 0x0D, 0xDC,
		0xB8, 0x00, 0x01, 0xD0, 0xB8, 0x00, 0x0E, 0x10, 0xB8, 0x00, 0x06, 0xDC,
		0xB8, 0x00, 0x11, 0xDC, 0x00, 0xBB, 0x00, 0x0E, 0x00, 0x01, 0x00, 0x08,
		0x00, 0x04, 0x2B, 0xBB, 0x00, 0x00, 0x00, 0x01, 0x00, 0x0B, 0x00, 0x04,
		0x2B, 0xBB, 0x00, 0x02, 0x00, 0x01, 0x00, 0x0C, 0x00, 0x04, 0x2B, 0x30,
		0x31, 0x13, 0x33, 0x15, 0x33, 0x15, 0x33, 0x15, 0x23, 0x15, 0x21, 0x11,
		0x23, 0x17, 0x15, 0x33, 0x35, 0x32, 0xC8, 0xFA, 0x32, 0x32, 0xFE, 0xA2,
		0x64, 0xC8, 0xC8, 0x01, 0xF4, 0xC8, 0x32, 0xC8, 0x32, 0x01, 0x90, 0xC8,
		0x64, 0x64, 0x00, 0x00, 0x00, 0x03, 0x00, 0x32, 0x00, 0x00, 0x02, 0x58,
		0x01, 0xF4, 0x00, 0x09, 0x00, 0x0D, 0x00, 0x11, 0x00, 0x47, 0xBA, 0x00,
		0x01, 0x00, 0x00, 0x00, 0x03, 0x2B, 0xBA, 0x00, 0x06, 0x00, 0x0F, 0x00,
		0x03, 0x2B, 0xBA, 0x00, 0x0B, 0x00, 0x0A, 0x00, 0x03, 0x2B, 0xB8, 0x00,
		0x01, 0x10, 0xB8, 0x00, 0x0E, 0xD0, 0xB8, 0x00, 0x0B, 0x10, 0xB8, 0x00,
		0x13, 0xDC, 0x00, 0xBB, 0x00, 0x0F, 0x00, 0x01, 0x00, 0x08, 0x00, 0x04,
		0x2B, 0xBB, 0x00, 0x03, 0x00, 0x01, 0x00, 0x10, 0x00, 0x04, 0x2B, 0xB8,
		0x00, 0x08, 0x10, 0xB8, 0x00, 0x0C, 0xD0, 0x30, 0x31, 0x13, 0x33, 0x15,
		0x33, 0x15, 0x33, 0x15, 0x23, 0x15, 0x21, 0x01, 0x33, 0x11, 0x23, 0x25,
		0x33, 0x35, 0x23, 0x32, 0x64, 0xFA, 0x32, 0x32, 0xFE, 0xA2, 0x01, 0xC2,
		0x64, 0x64, 0xFE, 0xA2, 0xC8, 0xC8, 0x01, 0xF4, 0xC8, 0x32, 0xC8, 0x32,
		0x01, 0xF4, 0xFE, 0x0C, 0x64, 0x64, 0x00, 0x00, 0x00, 0x02, 0x00, 0x32,
		0x00, 0x00, 0x01, 0xC2, 0x01, 0xF4, 0x00, 0x09, 0x00, 0x0D, 0x00, 0x47,
		0xB8, 0x00, 0x0E, 0x2F, 0xB8, 0x00, 0x0B, 0x2F, 0xB8, 0x00, 0x0E, 0x10,
		0xB8, 0x00, 0x00, 0xD0, 0xB8, 0x00, 0x00, 0x2F, 0xB8, 0x00, 0x01, 0xDC,
		0xB8, 0x00, 0x0B, 0x10, 0xB8, 0x00, 0x06, 0xDC, 0xB8, 0x00, 0x01, 0x10,
		0xB8, 0x00, 0x0A, 0xD0, 0xB8, 0x00, 0x06, 0x10, 0xB8, 0x00, 0x0F, 0xDC,
		0x00, 0xBB, 0x00, 0x0B, 0x00, 0x01, 0x00, 0x08, 0x00, 0x04, 0x2B, 0xBB,
		0x00, 0x03, 0x00, 0x01, 0x00, 0x0C, 0x00, 0x04, 0x2B, 0x30, 0x31, 0x13,
		0x33, 0x15, 0x33, 0x15, 0x33, 0x15, 0x23, 0x15, 0x21, 0x37, 0x33, 0x35,
		0x23, 0x32, 0x64, 0xFA, 0x32, 0x32, 0xFE, 0xA2, 0x64, 0xC8, 0xC8, 0x01,
		0xF4, 0xC8, 0x32, 0xC8, 0x32, 0x64, 0x64, 0x00, 0x00, 0x01, 0x00, 0x32,
		0x00, 0x00, 0x01, 0xC2, 0x01, 0xF4, 0x00, 0x0F, 0x00, 0x39, 0xBA, 0x00,
		0x04, 0x00, 0x09, 0x00, 0x03, 0x2B, 0xB8, 0x00, 0x09, 0x10, 0xB8, 0x00,
		0x0D, 0xD0, 0xB8, 0x00, 0x04, 0x10, 0xB8, 0x00, 0x11, 0xDC, 0x00, 0xBB,
		0x00, 0x09, 0x00, 0x01, 0x00, 0x06, 0x00, 0x04, 0x2B, 0xBB, 0x00, 0x01,
		0x00, 0x01, 0x00, 0x0E, 0x00, 0x04, 0x2B, 0xBB, 0x00, 0x0D, 0x00, 0x01,
		0x00, 0x0A, 0x00, 0x04, 0x2B, 0x30, 0x31, 0x13, 0x21, 0x15, 0x33, 0x11,
		0x23, 0x15, 0x21, 0x35, 0x21, 0x35, 0x23, 0x35, 0x33, 0x35, 0x21, 0x32,
		0x01, 0x5E, 0x32, 0x32, 0xFE, 0xA2, 0x01, 0x2C, 0xC8, 0xC8, 0xFE, 0xD4,
		0x01, 0xF4, 0x32, 0xFE, 0x70, 0x32, 0x64, 0x64, 0x64, 0x64, 0x00, 0x00,
		0x00, 0x02, 0x00, 0x33, 0x00, 0x00, 0x02, 0x27, 0x01, 0xF4, 0x00, 0x0B,
		0x00, 0x0F, 0x00, 0xA7, 0xB8, 0x00, 0x10, 0x2F, 0xB8, 0x00, 0x00, 0xD0,
		0xB8, 0x00, 0x00, 0x2F, 0xB8, 0x00, 0x01, 0xDC, 0xB8, 0x00, 0x00, 0x10,
		0xB8, 0x00, 0x03, 0xDC, 0x41, 0x03, 0x00, 0xDF, 0x00, 0x03, 0x00, 0x01,
		0x5D, 0x41, 0x03, 0x00, 0x40, 0x00, 0x03, 0x00, 0x01, 0x5D, 0x41, 0x03,
		0x00, 0x90, 0x00, 0x03, 0x00, 0x01, 0x5D, 0xB8, 0x00, 0x0D, 0xDC, 0x41,
		0x03, 0x00, 0xDF, 0x00, 0x0D, 0x00, 0x01, 0x5D, 0x41, 0x03, 0x00, 0x90,
		0x00, 0x0D, 0x00, 0x01, 0x5D, 0x41, 0x03, 0x00, 0x40, 0x00, 0x0D, 0x00,
		0x01, 0x5D, 0xB8, 0x00, 0x06, 0xDC, 0xB8, 0x00, 0x03, 0x10, 0xB8, 0x00,
		0x07, 0xD0, 0xB8, 0x00, 0x01, 0x10, 0xB8, 0x00, 0x0A, 0xD0, 0xB8, 0x00,
		0x03, 0x10, 0xB8, 0x00, 0x0F, 0xDC, 0xB8, 0x00, 0x06, 0x10, 0xB8, 0x00,
		0x11, 0xDC, 0x00, 0xBB, 0x00, 0x0D, 0x00, 0x01, 0x00, 0x06, 0x00, 0x04,
		0x2B, 0xBB, 0x00, 0x05, 0x00, 0x01, 0x00, 0x0E, 0x00, 0x04, 0x2B, 0xBB,
		0x00, 0x03, 0x00, 0x01, 0x00, 0x08, 0x00, 0x04, 0x2B, 0xB8, 0x00, 0x05,
		0x10, 0xB8, 0x00, 0x00, 0xD0, 0xB8, 0x00, 0x06, 0x10, 0xB8, 0x00, 0x0A,
		0xD0, 0x30, 0x31, 0x13, 0x33, 0x15, 0x33, 0x35, 0x21, 0x11, 0x21, 0x35,
		0x23, 0x15, 0x23, 0x25, 0x33, 0x11, 0x23, 0x33, 0x64, 0x64, 0x01, 0x2C,
		0xFE, 0xD4, 0x64, 0x64, 0x01, 0x2C, 0x64, 0x64, 0x01, 0xF4, 0xC8, 0xC8,
		0xFE, 0x0C, 0xC8, 0xC8, 0x64, 0x01, 0x2C, 0x00, 0x00, 0x02, 0x00, 0x32,
		0x00, 0x00, 0x01, 0xC2, 0x01, 0xF4, 0x00, 0x17, 0x00, 0x1B, 0x00, 0x57,
		0xB8, 0x00, 0x1C, 0x2F, 0xB8, 0x00, 0x05, 0x2F, 0xB8, 0x00, 0x1C, 0x10,
		0xB8, 0x00, 0x00, 0xD0, 0xB8, 0x00, 0x00, 0x2F, 0xB8, 0x00, 0x05, 0x10,
		0xB8, 0x00, 0x04, 0xDC, 0xB8, 0x00, 0x00, 0x10, 0xB8, 0x00, 0x0D, 0xD0,
		0xB8, 0x00, 0x00, 0x10, 0xB8, 0x00, 0x1B, 0xDC, 0xB8, 0x00, 0x11, 0xD0,
		0xB8, 0x00, 0x05, 0x10, 0xB8, 0x00, 0x19, 0xD0, 0xB8, 0x00, 0x04, 0x10,
		0xB8, 0x00, 0x1D, 0xDC, 0x00, 0xBB, 0x00, 0x03, 0x00, 0x01, 0x00, 0x1A,
		0x00, 0x04, 0x2B, 0xBB, 0x00, 0x18, 0x00, 0x01, 0x00, 0x14, 0x00, 0x04,
		0x2B, 0x30, 0x31, 0x13, 0x33, 0x35, 0x21, 0x11, 0x23, 0x35, 0x23, 0x15,
		0x23, 0x15, 0x23, 0x15, 0x23, 0x35, 0x33, 0x35, 0x33, 0x35, 0x33, 0x35,
		0x23, 0x35, 0x23, 0x37, 0x33, 0x35, 0x23, 0x32, 0x32, 0x01, 0x5E, 0x64,
		0x32, 0x32, 0x32, 0x96, 0x32, 0x32, 0x32, 0x64, 0x32, 0x64, 0xC8, 0xC8,
		0x01, 0xC2, 0x32, 0xFE, 0x0C, 0x96, 0x32, 0x32, 0x32, 0x32, 0x32, 0x32,
		0x32, 0x32, 0x32, 0x64, 0x00, 0x04, 0x00, 0x32, 0x00, 0x00, 0x01, 0xC2,
		0x02, 0xBC, 0x00, 0x0D, 0x00, 0x11, 0x00, 0x15, 0x00, 0x19, 0x00, 0x6B,
		0xB8, 0x00, 0x1A, 0x2F, 0xB8, 0x00, 0x0F, 0x2F, 0xB8, 0x00, 0x1A, 0x10,
		0xB8, 0x00, 0x00, 0xD0, 0xB8, 0x00, 0x00, 0x2F, 0xB8, 0x00, 0x0F, 0x10,
		0xB8, 0x00, 0x06, 0xDC, 0xB8, 0x00, 0x00, 0x10, 0xB8, 0x00, 0x11, 0xDC,
		0xB8, 0x00, 0x07, 0xD0, 0xB8, 0x00, 0x06, 0x10, 0xB8, 0x00, 0x1B, 0xDC,
		0x00, 0xBB, 0x00, 0x09, 0x00, 0x01, 0x00, 0x0A, 0x00, 0x04, 0x2B, 0xBB,
		0x00, 0x13, 0x00, 0x01, 0x00, 0x14, 0x00, 0x04, 0x2B, 0xBB, 0x00, 0x0F,
		0x00, 0x01, 0x00, 0x06, 0x00, 0x04, 0x2B, 0xBB, 0x00, 0x03, 0x00, 0x01,
		0x00, 0x10, 0x00, 0x04, 0x2B, 0xB8, 0x00, 0x13, 0x10, 0xB8, 0x00, 0x16,
		0xD0, 0xB8, 0x00, 0x14, 0x10, 0xB8, 0x00, 0x18, 0xD0, 0x30, 0x31, 0x13,
		0x33, 0x35, 0x21, 0x15, 0x33, 0x15, 0x21, 0x15, 0x33, 0x15, 0x21, 0x35,
		0x23, 0x37, 0x33, 0x35, 0x23, 0x03, 0x33, 0x15, 0x23, 0x37, 0x33, 0x15,
		0x23, 0x32, 0x32, 0x01, 0x2C, 0x32, 0xFE, 0xD4, 0xFA, 0xFE, 0xD4, 0x32,
		0x64, 0xC8, 0xC8, 0x32, 0x64, 0x64, 0xC8, 0x64, 0x64, 0x01, 0xC2, 0x32,
		0x32, 0xFA, 0x64, 0x64, 0x32, 0xFA, 0x64, 0x01, 0x2C, 0x64, 0x64, 0x64,
		0x00, 0x03, 0x00, 0x32, 0x00, 0x00, 0x02, 0x26, 0x02, 0xBC, 0x00, 0x0B,
		0x00, 0x0F, 0x00, 0x13, 0x00, 0x53, 0xBA, 0x00, 0x0F, 0x00, 0x00, 0x00,
		0x03, 0x2B, 0xB8, 0x00, 0x0F, 0x10, 0xB8, 0x00, 0x03, 0xD0, 0xB8, 0x00,
		0x0F, 0x10, 0xB8, 0x00, 0x07, 0xD0, 0x00, 0xBB, 0x00, 0x09, 0x00, 0x01,
		0x00, 0x0A, 0x00, 0x04, 0x2B, 0xBB, 0x00, 0x0D, 0x00, 0x01, 0x00, 0x0E,
		0x00, 0x04, 0x2B, 0xBB, 0x00, 0x01, 0x00, 0x01, 0x00, 0x02, 0x00, 0x04,
		0x2B, 0xBB, 0x00, 0x05, 0x00, 0x01, 0x00, 0x06, 0x00, 0x04, 0x2B, 0xB8,
		0x00, 0x0D, 0x10, 0xB8, 0x00, 0x10, 0xD0, 0xB8, 0x00, 0x0E, 0x10, 0xB8,
		0x00, 0x12, 0xD0, 0x30, 0x31, 0x13, 0x21, 0x15, 0x21, 0x15, 0x21, 0x15,
		0x21, 0x15, 0x21, 0x15, 0x21, 0x13, 0x33, 0x15, 0x23, 0x37, 0x33, 0x15,
		0x23, 0x32, 0x01, 0xF4, 0xFE, 0x70, 0x01, 0x5E, 0xFE, 0xA2, 0x01, 0x90,
		0xFE, 0x0C, 0x64, 0x64, 0x64, 0xC8, 0x64, 0x64, 0x02, 0x26, 0x64, 0x64,
		0x64, 0x96, 0x64, 0x02, 0xBC, 0x64, 0x64, 0x64, 0x00, 0x02, 0x00, 0x32,
		0x00, 0x00, 0x01, 0xF4, 0x02, 0xBC, 0x00, 0x05, 0x00, 0x0D, 0x00, 0x1F,
		0xBA, 0x00, 0x03, 0x00, 0x00, 0x00, 0x03, 0x2B, 0x00, 0xBB, 0x00, 0x09,
		0x00, 0x01, 0x00, 0x0C, 0x00, 0x04, 0x2B, 0xBB, 0x00, 0x01, 0x00, 0x01,
		0x00, 0x02, 0x00, 0x04, 0x2B, 0x30, 0x31, 0x13, 0x21, 0x15, 0x21, 0x11,
		0x23, 0x13, 0x33, 0x35, 0x33, 0x15, 0x23, 0x15, 0x23, 0x32, 0x01, 0xC2,
		0xFE, 0xA2, 0x64, 0x96, 0x32, 0x96, 0x32, 0x96, 0x02, 0x26, 0x64, 0xFE,
		0x3E, 0x02, 0x8A, 0x32, 0x32, 0x32, 0x00, 0x00, 0x00, 0x02, 0x00, 0x32,
		0x00, 0x00, 0x01, 0xC2, 0x02, 0xBC, 0x00, 0x05, 0x00, 0x0D, 0x00, 0x27,
		0xBA, 0x00, 0x03, 0x00, 0x00, 0x00, 0x03, 0x2B, 0xB8, 0x00, 0x03, 0x10,
		0xB8, 0x00, 0x06, 0xD0, 0x00, 0xBB, 0x00, 0x09, 0x00, 0x01, 0x00, 0x0C,
		0x00, 0x04, 0x2B, 0xBB, 0x00, 0x01, 0x00, 0x01, 0x00, 0x02, 0x00, 0x04,
		0x2B, 0x30, 0x31, 0x13, 0x21, 0x15, 0x21, 0x11, 0x23, 0x13, 0x33, 0x35,
		0x33, 0x15, 0x23, 0x15, 0x23, 0x32, 0x01, 0x90, 0xFE, 0xD4, 0x64, 0x64,
		0x32, 0x96, 0x32, 0x96, 0x01, 0xF4, 0x64, 0xFE, 0x70, 0x02, 0x8A, 0x32,
		0x32, 0x32, 0x00, 0x00, 0x00, 0x01, 0x00, 0x32, 0x00, 0x00, 0x01, 0xF4,
		0x02, 0xBC, 0x00, 0x07, 0x00, 0x39, 0xB8, 0x00, 0x08, 0x2F, 0xB8, 0x00,
		0x02, 0x2F, 0xB8, 0x00, 0x08, 0x10, 0xB8, 0x00, 0x00, 0xD0, 0xB8, 0x00,
		0x00, 0x2F, 0xB8, 0x00, 0x02, 0x10, 0xB8, 0x00, 0x03, 0xDC, 0xB8, 0x00,
		0x00, 0x10, 0xB8, 0x00, 0x05, 0xDC, 0xB8, 0x00, 0x03, 0x10, 0xB8, 0x00,
		0x09, 0xDC, 0x00, 0xBB, 0x00, 0x01, 0x00, 0x01, 0x00, 0x04, 0x00, 0x04,
		0x2B, 0x30, 0x31, 0x13, 0x21, 0x35, 0x33, 0x15, 0x21, 0x11, 0x23, 0x32,
		0x01, 0x5E, 0x64, 0xFE, 0xA2, 0x64, 0x02, 0x58, 0x64, 0xC8, 0xFE, 0x0C,
		0x00, 0x01, 0x00, 0x32, 0x00, 0x00, 0x01, 0xC2, 0x02, 0x58, 0x00, 0x07,
		0x00, 0x39, 0xB8, 0x00, 0x08, 0x2F, 0xB8, 0x00, 0x02, 0x2F, 0xB8, 0x00,
		0x08, 0x10, 0xB8, 0x00, 0x00, 0xD0, 0xB8, 0x00, 0x00, 0x2F, 0xB8, 0x00,
		0x02, 0x10, 0xB8, 0x00, 0x03, 0xDC, 0xB8, 0x00, 0x00, 0x10, 0xB8, 0x00,
		0x05, 0xDC, 0xB8, 0x00, 0x03, 0x10, 0xB8, 0x00, 0x09, 0xDC, 0x00, 0xBB,
		0x00, 0x01, 0x00, 0x01, 0x00, 0x04, 0x00, 0x04, 0x2B, 0x30, 0x31, 0x13,
		0x21, 0x35, 0x33, 0x15, 0x21, 0x11, 0x23, 0x32, 0x01, 0x2C, 0x64, 0xFE,
		0xD4, 0x64, 0x01, 0xF4, 0x64, 0xC8, 0xFE, 0x70, 0x00, 0x04, 0x00, 0x32,
		0x00, 0x00, 0x02, 0xEE, 0x02, 0x58, 0x00, 0x23, 0x00, 0x27, 0x00, 0x2B,
		0x00, 0x2F, 0x00, 0x97, 0xBA, 0x00, 0x03, 0x00, 0x00, 0x00, 0x03, 0x2B,
		0xBA, 0x00, 0x12, 0x00, 0x15, 0x00, 0x03, 0x2B, 0xBA, 0x00, 0x2D, 0x00,
		0x24, 0x00, 0x03, 0x2B, 0xBA, 0x00, 0x25, 0x00, 0x2C, 0x00, 0x03, 0x2B,
		0xB8, 0x00, 0x15, 0x10, 0xB8, 0x00, 0x0F, 0xD0, 0xB8, 0x00, 0x03, 0x10,
		0xB8, 0x00, 0x21, 0xD0, 0xB8, 0x00, 0x24, 0x10, 0xB8, 0x00, 0x28, 0xD0,
		0xB8, 0x00, 0x25, 0x10, 0xB8, 0x00, 0x29, 0xD0, 0xB8, 0x00, 0x25, 0x10,
		0xB8, 0x00, 0x31, 0xDC, 0x00, 0xBB, 0x00, 0x01, 0x00, 0x01, 0x00, 0x08,
		0x00, 0x04, 0x2B, 0xBB, 0x00, 0x0B, 0x00, 0x01, 0x00, 0x0C, 0x00, 0x04,
		0x2B, 0xB8, 0x00, 0x01, 0x10, 0xB8, 0x00, 0x10, 0xD0, 0xB8, 0x00, 0x0C,
		0x10, 0xB8, 0x00, 0x1E, 0xD0, 0xB8, 0x00, 0x0B, 0x10, 0xB8, 0x00, 0x20,
		0xD0, 0xB8, 0x00, 0x01, 0x10, 0xB8, 0x00, 0x24, 0xD0, 0xB8, 0x00, 0x08,
		0x10, 0xB8, 0x00, 0x26, 0xD0, 0xB8, 0x00, 0x0B, 0x10, 0xB8, 0x00, 0x28,
		0xD0, 0xB8, 0x00, 0x0C, 0x10, 0xB8, 0x00, 0x2A, 0xD0, 0x30, 0x31, 0x13,
		0x33, 0x15, 0x33, 0x15, 0x33, 0x15, 0x33, 0x15, 0x33, 0x15, 0x33, 0x15,
		0x33, 0x15, 0x33, 0x11, 0x33, 0x11, 0x23, 0x35, 0x23, 0x35, 0x23, 0x35,
		0x23, 0x35, 0x23, 0x35, 0x23, 0x35, 0x23, 0x35, 0x23, 0x11, 0x23, 0x01,
		0x33, 0x15, 0x23, 0x15, 0x33, 0x15, 0x23, 0x37, 0x23, 0x15, 0x33, 0x32,
		0x32, 0x32, 0x32, 0x32, 0x32, 0x32, 0x32, 0x32, 0x64, 0x32, 0x32, 0x32,
		0x32, 0x32, 0x32, 0x32, 0x32, 0x64, 0x02, 0x26, 0x96, 0x96, 0x96, 0x96,
		0x64, 0x32, 0x32, 0x02, 0x58, 0x32, 0x32, 0x32, 0x32, 0x32, 0x32, 0x32,
		0x01, 0x5E, 0xFD, 0xA8, 0x32, 0x32, 0x32, 0x32, 0x32, 0x32, 0x32, 0xFE,
		0xA2, 0x02, 0x58, 0xC8, 0x32, 0x32, 0xFA, 0x64, 0x00, 0x01, 0x00, 0x32,
		0x00, 0x00, 0x01, 0xC2, 0x01, 0xF4, 0x00, 0x0F, 0x00, 0x59, 0xB8, 0x00,
		0x10, 0x2F, 0xB8, 0x00, 0x07, 0x2F, 0xB8, 0x00, 0x10, 0x10, 0xB8, 0x00,
		0x00, 0xD0, 0xB8, 0x00, 0x00, 0x2F, 0xB8, 0x00, 0x07, 0x10, 0xB8, 0x00,
		0x04, 0xDC, 0xB8, 0x00, 0x00, 0x10, 0xB8, 0x00, 0x05, 0xDC, 0xB8, 0x00,
		0x09, 0xD0, 0xB8, 0x00, 0x04, 0x10, 0xB8, 0x00, 0x0B, 0xD0, 0xB8, 0x00,
		0x04, 0x10, 0xB8, 0x00, 0x11, 0xDC, 0x00, 0xBB, 0x00, 0x0B, 0x00, 0x01,
		0x00, 0x0C, 0x00, 0x04, 0x2B, 0xBB, 0x00, 0x03, 0x00, 0x01, 0x00, 0x04,
		0x00, 0x04, 0x2B, 0xBB, 0x00, 0x07, 0x00, 0x01, 0x00, 0x08, 0x00, 0x04,
		0x2B, 0x30, 0x31, 0x13, 0x33, 0x35, 0x21, 0x15, 0x21, 0x15, 0x33, 0x15,
		0x23, 0x15, 0x21, 0x15, 0x21, 0x35, 0x23, 0x32, 0x32, 0x01, 0x5E, 0xFE,
		0xD4, 0xC8, 0xC8, 0x01, 0x2C, 0xFE, 0xA2, 0x32, 0x01, 0xC2, 0x32, 0x64,
		0x64, 0x64, 0x64, 0x64, 0x32, 0x00, 0x00, 0x00, 0x00, 0x01, 0x00, 0x32,
		0x00, 0x00, 0x02, 0x26, 0x02, 0x58, 0x00, 0x0F, 0x00, 0x31, 0xBA, 0x00,
		0x05, 0x00, 0x00, 0x00, 0x03, 0x2B, 0xB8, 0x00, 0x05, 0x10, 0xB8, 0x00,
		0x09, 0xD0, 0x00, 0xBB, 0x00, 0x0B, 0x00, 0x01, 0x00, 0x0C, 0x00, 0x04,
		0x2B, 0xBB, 0x00, 0x03, 0x00, 0x01, 0x00, 0x04, 0x00, 0x04, 0x2B, 0xBB,
		0x00, 0x07, 0x00, 0x01, 0x00, 0x08, 0x00, 0x04, 0x2B, 0x30, 0x31, 0x13,
		0x33, 0x35, 0x21, 0x15, 0x21, 0x15, 0x33, 0x15, 0x23, 0x15, 0x21, 0x15,
		0x21, 0x35, 0x23, 0x32, 0x32, 0x01, 0xC2, 0xFE, 0x70, 0xFA, 0xFA, 0x01,
		0x90, 0xFE, 0x3E, 0x32, 0x02, 0x26, 0x32, 0x64, 0x96, 0x64, 0x96, 0x64,
		0x32, 0x00, 0x00, 0x00, 0x00, 0x01, 0x00, 0x32, 0x00, 0x00, 0x00, 0xFA,
		0x02, 0x58, 0x00, 0x0B, 0x00, 0x2F, 0xBA, 0x00, 0x04, 0x00, 0x09, 0x00,
		0x03, 0x2B, 0x00, 0xBB, 0x00, 0x05, 0x00, 0x01, 0x00, 0x06, 0x00, 0x04,
		0x2B, 0xBB, 0x00, 0x01, 0x00, 0x01, 0x00, 0x02, 0x00, 0x04, 0x2B, 0xB8,
		0x00, 0x05, 0x10, 0xB8, 0x00, 0x08, 0xD0, 0xB8, 0x00, 0x02, 0x10, 0xB8,
		0x00, 0x0A, 0xD0, 0x30, 0x31, 0x13, 0x33, 0x15, 0x23, 0x11, 0x33, 0x15,
		0x23, 0x35, 0x33, 0x11, 0x23, 0x32, 0xC8, 0x32, 0x32, 0xC8, 0x32, 0x32,
		0x02, 0x58, 0x64, 0xFE, 0x70, 0x64, 0x64, 0x01, 0x90, 0x00, 0x00, 0x00,
		0x00, 0x02, 0x00, 0x32, 0x00, 0x00, 0x00, 0x96, 0x02, 0xBC, 0x00, 0x03,
		0x00, 0x07, 0x00, 0x25, 0xBA, 0x00, 0x01, 0x00, 0x00, 0x00, 0x03, 0x2B,
		0xB8, 0x00, 0x00, 0x10, 0xB8, 0x00, 0x04, 0xD0, 0xB8, 0x00, 0x01, 0x10,
		0xB8, 0x00, 0x05, 0xD0, 0x00, 0xBB, 0x00, 0x05, 0x00, 0x01, 0x00, 0x06,
		0x00, 0x04, 0x2B, 0x30, 0x31, 0x13, 0x33, 0x11, 0x23, 0x11, 0x33, 0x15,
		0x23, 0x32, 0x64, 0x64, 0x64, 0x64, 0x01, 0xF4, 0xFE, 0x0C, 0x02, 0xBC,
		0x64, 0x00, 0x00, 0x00, 0x00, 0x01, 0x00, 0x32, 0x00, 0x00, 0x02, 0x26,
		0x02, 0x58, 0x00, 0x11, 0x00, 0x59, 0xB8, 0x00, 0x12, 0x2F, 0xB8, 0x00,
		0x0F, 0x2F, 0xB8, 0x00, 0x12, 0x10, 0xB8, 0x00, 0x00, 0xD0, 0xB8, 0x00,
		0x00, 0x2F, 0xB8, 0x00, 0x0F, 0x10, 0xB8, 0x00, 0x0A, 0xDC, 0xB8, 0x00,
		0x03, 0xD0, 0xB8, 0x00, 0x00, 0x10, 0xB8, 0x00, 0x05, 0xDC, 0xB8, 0x00,
		0x00, 0x10, 0xB8, 0x00, 0x0D, 0xD0, 0xB8, 0x00, 0x0A, 0x10, 0xB8, 0x00,
		0x13, 0xDC, 0x00, 0xBB, 0x00, 0x0F, 0x00, 0x01, 0x00, 0x0C, 0x00, 0x04,
		0x2B, 0xBB, 0x00, 0x03, 0x00, 0x01, 0x00, 0x04, 0x00, 0x04, 0x2B, 0xBB,
		0x00, 0x07, 0x00, 0x01, 0x00, 0x10, 0x00, 0x04, 0x2B, 0x30, 0x31, 0x13,
		0x33, 0x35, 0x21, 0x15, 0x21, 0x15, 0x21, 0x15, 0x33, 0x15, 0x23, 0x15,
		0x21, 0x35, 0x21, 0x35, 0x21, 0x32, 0x32, 0x01, 0xC2, 0xFE, 0x70, 0x01,
		0x5E, 0x32, 0x32, 0xFE, 0x3E, 0x01, 0x90, 0xFE, 0x70, 0x02, 0x26, 0x32,
		0x64, 0x96, 0x32, 0xFA, 0x32, 0x64, 0x96, 0x00, 0x00, 0x01, 0x00, 0x32,
		0x00, 0x00, 0x01, 0xC2, 0x01, 0xF4, 0x00, 0x13, 0x00, 0x59, 0xB8, 0x00,
		0x14, 0x2F, 0xB8, 0x00, 0x0F, 0x2F, 0xB8, 0x00, 0x14, 0x10, 0xB8, 0x00,
		0x00, 0xD0, 0xB8, 0x00, 0x00, 0x2F, 0xB8, 0x00, 0x0F, 0x10, 0xB8, 0x00,
		0x0A, 0xDC, 0xB8, 0x00, 0x03, 0xD0, 0xB8, 0x00, 0x00, 0x10, 0xB8, 0x00,
		0x05, 0xDC, 0xB8, 0x00, 0x00, 0x10, 0xB8, 0x00, 0x0D, 0xD0, 0xB8, 0x00,
		0x0A, 0x10, 0xB8, 0x00, 0x15, 0xDC, 0x00, 0xBB, 0x00, 0x0F, 0x00, 0x01,
		0x00, 0x0C, 0x00, 0x04, 0x2B, 0xBB, 0x00, 0x03, 0x00, 0x01, 0x00, 0x04,
		0x00, 0x04, 0x2B, 0xBB, 0x00, 0x07, 0x00, 0x01, 0x00, 0x10, 0x00, 0x04,
		0x2B, 0x30, 0x31, 0x13, 0x33, 0x35, 0x21, 0x15, 0x21, 0x15, 0x33, 0x15,
		0x33, 0x15, 0x23, 0x15, 0x21, 0x35, 0x21, 0x35, 0x23, 0x35, 0x23, 0x32,
		0x32, 0x01, 0x5E, 0xFE, 0xD4, 0xFA, 0x32, 0x32, 0xFE, 0xA2, 0x01, 0x2C,
		0xFA, 0x32, 0x01, 0xC2, 0x32, 0x64, 0x64, 0x32, 0xC8, 0x32, 0x64, 0x64,
		0x32, 0x00, 0x00, 0x00, 0x00, 0x03, 0x00, 0x32, 0x00, 0x00, 0x01, 0x5E,
		0x02, 0xBC, 0x00, 0x03, 0x00, 0x07, 0x00, 0x0B, 0x00, 0x35, 0xBA, 0x00,
		0x01, 0x00, 0x00, 0x00, 0x03, 0x2B, 0xB8, 0x00, 0x00, 0x10, 0xB8, 0x00,
		0x05, 0xD0, 0xB8, 0x00, 0x01, 0x10, 0xB8, 0x00, 0x08, 0xD0, 0x00, 0xBB,
		0x00, 0x05, 0x00, 0x01, 0x00, 0x06, 0x00, 0x04, 0x2B, 0xB8, 0x00, 0x05,
		0x10, 0xB8, 0x00, 0x08, 0xD0, 0xB8, 0x00, 0x06, 0x10, 0xB8, 0x00, 0x0A,
		0xD0, 0x30, 0x31, 0x13, 0x33, 0x11, 0x23, 0x03, 0x33, 0x15, 0x23, 0x37,
		0x33, 0x15, 0x23, 0x96, 0x64, 0x64, 0x64, 0x64, 0x64, 0xC8, 0x64, 0x64,
		0x01, 0xF4, 0xFE, 0x0C, 0x02, 0xBC, 0x64, 0x64, 0x64, 0x00, 0x00, 0x00,
		0x00, 0x03, 0x00, 0x32, 0x00, 0x00, 0x01, 0x5E, 0x02, 0xBC, 0x00, 0x0B,
		0x00, 0x0F, 0x00, 0x13, 0x00, 0x59, 0xBA, 0x00, 0x04, 0x00, 0x09, 0x00,
		0x03, 0x2B, 0xB8, 0x00, 0x09, 0x10, 0xB8, 0x00, 0x0D, 0xD0, 0xB8, 0x00,
		0x04, 0x10, 0xB8, 0x00, 0x10, 0xD0, 0x00, 0xBB, 0x00, 0x05, 0x00, 0x01,
		0x00, 0x06, 0x00, 0x04, 0x2B, 0xBB, 0x00, 0x0D, 0x00, 0x01, 0x00, 0x0E,
		0x00, 0x04, 0x2B, 0xBB, 0x00, 0x01, 0x00, 0x01, 0x00, 0x02, 0x00, 0x04,
		0x2B, 0xB8, 0x00, 0x05, 0x10, 0xB8, 0x00, 0x08, 0xD0, 0xB8, 0x00, 0x02,
		0x10, 0xB8, 0x00, 0x0A, 0xD0, 0xB8, 0x00, 0x0D, 0x10, 0xB8, 0x00, 0x10,
		0xD0, 0xB8, 0x00, 0x0E, 0x10, 0xB8, 0x00, 0x12, 0xD0, 0x30, 0x31, 0x13,
		0x33, 0x15, 0x23, 0x11, 0x33, 0x15, 0x23, 0x35, 0x33, 0x11, 0x23, 0x27,
		0x33, 0x15, 0x23, 0x37, 0x33, 0x15, 0x23, 0x64, 0xC8, 0x32, 0x32, 0xC8,
		0x32, 0x32, 0x32, 0x64, 0x64, 0xC8, 0x64, 0x64, 0x02, 0x26, 0x64, 0xFE,
		0xA2, 0x64, 0x64, 0x01, 0x5E, 0xFA, 0x64, 0x64, 0x64, 0x00, 0x00, 0x00,
		0x00, 0x01, 0x00, 0x32, 0x00, 0x00, 0x02, 0x26, 0x02, 0x58, 0x00, 0x0D,
		0x00, 0x3F, 0xB8, 0x00, 0x0E, 0x2F, 0xB8, 0x00, 0x0B, 0x2F, 0xB8, 0x00,
		0x0E, 0x10, 0xB8, 0x00, 0x07, 0xD0, 0xB8, 0x00, 0x07, 0x2F, 0xB8, 0x00,
		0x0A, 0xDC, 0xB8, 0x00, 0x00, 0xD0, 0xB8, 0x00, 0x0B, 0x10, 0xB8, 0x00,
		0x02, 0xDC, 0xB8, 0x00, 0x0F, 0xDC, 0x00, 0xBB, 0x00, 0x0B, 0x00, 0x01,
		0x00, 0x04, 0x00, 0x04, 0x2B, 0xBB, 0x00, 0x01, 0x00, 0x01, 0x00, 0x0C,
		0x00, 0x04, 0x2B, 0x30, 0x31, 0x13, 0x21, 0x11, 0x23, 0x15, 0x21, 0x35,
		0x23, 0x35, 0x33, 0x15, 0x21, 0x11, 0x21, 0x96, 0x01, 0x90, 0x32, 0xFE,
		0x70, 0x32, 0x64, 0x01, 0x2C, 0xFE, 0xD4, 0x02, 0x58, 0xFD, 0xDA, 0x32,
		0x32, 0xC8, 0x96, 0x01, 0x90, 0x00, 0x00, 0x00, 0x00, 0x02, 0x00, 0x32,
		0xFF, 0x38, 0x00, 0xFA, 0x02, 0xBC, 0x00, 0x07, 0x00, 0x0B, 0x00, 0x37,
		0xBA, 0x00, 0x04, 0x00, 0x01, 0x00, 0x03, 0x2B, 0xB8, 0x00, 0x01, 0x10,
		0xB8, 0x00, 0x08, 0xD0, 0xB8, 0x00, 0x04, 0x10, 0xB8, 0x00, 0x09, 0xD0,
		0xB8, 0x00, 0x04, 0x10, 0xB8, 0x00, 0x0D, 0xDC, 0x00, 0xBB, 0x00, 0x01,
		0x00, 0x01, 0x00, 0x06, 0x00, 0x04, 0x2B, 0xBB, 0x00, 0x09, 0x00, 0x01,
		0x00, 0x0A, 0x00, 0x04, 0x2B, 0x30, 0x31, 0x17, 0x33, 0x11, 0x33, 0x11,
		0x23, 0x15, 0x23, 0x13, 0x33, 0x15, 0x23, 0x32, 0x64, 0x64, 0x32, 0x96,
		0x64, 0x64, 0x64, 0x64, 0x02, 0x58, 0xFD, 0x76, 0x32, 0x03, 0x84, 0x64,
		0x00, 0x02, 0x00, 0x32, 0x00, 0x00, 0x02, 0xBC, 0x01, 0xF4, 0x00, 0x15,
		0x00, 0x19, 0x00, 0xA3, 0xB8, 0x00, 0x1A, 0x2F, 0xB8, 0x00, 0x01, 0xD0,
		0xB8, 0x00, 0x01, 0x2F, 0xB8, 0x00, 0x12, 0xDC, 0xB8, 0x00, 0x05, 0xD0,
		0xB8, 0x00, 0x01, 0x10, 0xB8, 0x00, 0x0F, 0xDC, 0x41, 0x03, 0x00, 0x10,
		0x00, 0x0F, 0x00, 0x01, 0x5D, 0x41, 0x03, 0x00, 0x60, 0x00, 0x0F, 0x00,
		0x01, 0x5D, 0x41, 0x03, 0x00, 0x90, 0x00, 0x0F, 0x00, 0x01, 0x5D, 0xB8,
		0x00, 0x16, 0xDC, 0x41, 0x03, 0x00, 0x60, 0x00, 0x16, 0x00, 0x01, 0x5D,
		0x41, 0x03, 0x00, 0x90, 0x00, 0x16, 0x00, 0x01, 0x5D, 0x41, 0x03, 0x00,
		0x10, 0x00, 0x16, 0x00, 0x01, 0x5D, 0xB8, 0x00, 0x0B, 0xDC, 0xB8, 0x00,
		0x0F, 0x10, 0xB8, 0x00, 0x18, 0xDC, 0xB8, 0x00, 0x0B, 0x10, 0xB8, 0x00,
		0x1B, 0xDC, 0x00, 0xBB, 0x00, 0x19, 0x00, 0x01, 0x00, 0x0E, 0x00, 0x04,
		0x2B, 0xBB, 0x00, 0x06, 0x00, 0x01, 0x00, 0x11, 0x00, 0x04, 0x2B, 0xBB,
		0x00, 0x09, 0x00, 0x01, 0x00, 0x16, 0x00, 0x04, 0x2B, 0xB8, 0x00, 0x19,
		0x10, 0xB8, 0x00, 0x00, 0xD0, 0xB8, 0x00, 0x11, 0x10, 0xB8, 0x00, 0x02,
		0xD0, 0xB8, 0x00, 0x0E, 0x10, 0xB8, 0x00, 0x14, 0xD0, 0x30, 0x31, 0x37,
		0x33, 0x11, 0x33, 0x35, 0x33, 0x35, 0x33, 0x15, 0x33, 0x15, 0x33, 0x15,
		0x23, 0x15, 0x21, 0x11, 0x23, 0x11, 0x23, 0x15, 0x23, 0x25, 0x23, 0x15,
		0x33, 0x32, 0x32, 0x32, 0x32, 0xFA, 0xC8, 0x32, 0x32, 0xFE, 0xD4, 0x96,
		0x32, 0x64, 0x02, 0x26, 0x96, 0x96, 0x64, 0x01, 0x2C, 0x32, 0x32, 0xC8,
		0x32, 0xC8, 0x32, 0x01, 0x90, 0xFE, 0xA2, 0x32, 0xC8, 0x64, 0x00, 0x00,
		0x00, 0x02, 0x00, 0x32, 0x00, 0x00, 0x02, 0x8A, 0x01, 0xF4, 0x00, 0x11,
		0x00, 0x15, 0x00, 0xD9, 0xB8, 0x00, 0x16, 0x2F, 0xB8, 0x00, 0x00, 0xD0,
		0xB8, 0x00, 0x00, 0x2F, 0xB8, 0x00, 0x01, 0xDC, 0xB8, 0x00, 0x00, 0x10,
		0xB8, 0x00, 0x03, 0xDC, 0x41, 0x03, 0x00, 0x50, 0x00, 0x03, 0x00, 0x01,
		0x5D, 0x41, 0x03, 0x00, 0x0F, 0x00, 0x03, 0x00, 0x01, 0x5D, 0x41, 0x05,
		0x00, 0x10, 0x00, 0x03, 0x00, 0x20, 0x00, 0x03, 0x00, 0x02, 0x5D, 0x41,
		0x03, 0x00, 0x90, 0x00, 0x03, 0x00, 0x01, 0x5D, 0x41, 0x03, 0x00, 0xD0,
		0x00, 0x03, 0x00, 0x01, 0x5D, 0xB8, 0x00, 0x06, 0xDC, 0xB8, 0x00, 0x03,
		0x10, 0xB8, 0x00, 0x13, 0xDC, 0x41, 0x03, 0x00, 0x50, 0x00, 0x13, 0x00,
		0x01, 0x5D, 0x41, 0x03, 0x00, 0x0F, 0x00, 0x13, 0x00, 0x01, 0x5D, 0x41,
		0x05, 0x00, 0x10, 0x00, 0x13, 0x00, 0x20, 0x00, 0x13, 0x00, 0x02, 0x5D,
		0x41, 0x03, 0x00, 0x90, 0x00, 0x13, 0x00, 0x01, 0x5D, 0x41, 0x03, 0x00,
		0xD0, 0x00, 0x13, 0x00, 0x01, 0x5D, 0xB8, 0x00, 0x0A, 0xDC, 0xB8, 0x00,
		0x03, 0x10, 0xB8, 0x00, 0x0D, 0xD0, 0xB8, 0x00, 0x01, 0x10, 0xB8, 0x00,
		0x10, 0xD0, 0xB8, 0x00, 0x06, 0x10, 0xB8, 0x00, 0x15, 0xD0, 0xB8, 0x00,
		0x0A, 0x10, 0xB8, 0x00, 0x17, 0xDC, 0x00, 0xBB, 0x00, 0x13, 0x00, 0x01,
		0x00, 0x0C, 0x00, 0x04, 0x2B, 0xBB, 0x00, 0x03, 0x00, 0x01, 0x00, 0x0E,
		0x00, 0x04, 0x2B, 0xB8, 0x00, 0x03, 0x10, 0xB8, 0x00, 0x06, 0xD0, 0xB8,
		0x00, 0x0C, 0x10, 0xB8, 0x00, 0x10, 0xD0, 0xB8, 0x00, 0x0E, 0x10, 0xB8,
		0x00, 0x14, 0xD0, 0x30, 0x31, 0x13, 0x33, 0x15, 0x33, 0x35, 0x33, 0x15,
		0x33, 0x15, 0x33, 0x15, 0x23, 0x15, 0x21, 0x35, 0x23, 0x15, 0x23, 0x25,
		0x33, 0x35, 0x23, 0x32, 0x64, 0x96, 0x64, 0xC8, 0x32, 0x32, 0xFE, 0xD4,
		0x96, 0x64, 0x01, 0x5E, 0x96, 0x96, 0x01, 0xF4, 0xC8, 0xC8, 0xC8, 0x32,
		0xC8, 0x32, 0xC8, 0xC8, 0x64, 0x64, 0x00, 0x00, 0x00, 0x01, 0x00, 0x32,
		0x00, 0x00, 0x03, 0x20, 0x02, 0x58, 0x00, 0x19, 0x00, 0x69, 0xB8, 0x00,
		0x1A, 0x2F, 0xB8, 0x00, 0x11, 0x2F, 0xB8, 0x00, 0x1A, 0x10, 0xB8, 0x00,
		0x01, 0xD0, 0xB8, 0x00, 0x01, 0x2F, 0xB8, 0x00, 0x16, 0xDC, 0xB8, 0x00,
		0x05, 0xD0, 0xB8, 0x00, 0x11, 0x10, 0xB8, 0x00, 0x0E, 0xDC, 0xB8, 0x00,
		0x09, 0xD0, 0x00, 0xBB, 0x00, 0x0F, 0x00, 0x01, 0x00, 0x10, 0x00, 0x04,
		0x2B, 0xBB, 0x00, 0x06, 0x00, 0x01, 0x00, 0x03, 0x00, 0x04, 0x2B, 0xBB,
		0x00, 0x0B, 0x00, 0x01, 0x00, 0x0C, 0x00, 0x04, 0x2B, 0xB8, 0x00, 0x0F,
		0x10, 0xB8, 0x00, 0x00, 0xD0, 0xB8, 0x00, 0x03, 0x10, 0xB8, 0x00, 0x08,
		0xD0, 0xB8, 0x00, 0x03, 0x10, 0xB8, 0x00, 0x12, 0xD0, 0xB8, 0x00, 0x10,
		0x10, 0xB8, 0x00, 0x18, 0xD0, 0x30, 0x31, 0x37, 0x33, 0x11, 0x33, 0x35,
		0x33, 0x35, 0x21, 0x15, 0x21, 0x15, 0x33, 0x15, 0x23, 0x15, 0x21, 0x15,
		0x21, 0x11, 0x23, 0x15, 0x23, 0x11, 0x23, 0x15, 0x23, 0x32, 0x32, 0x32,
		0x32, 0x02, 0x58, 0xFE, 0xD4, 0xFA, 0xFA, 0x01, 0x2C, 0xFE, 0x70, 0x96,
		0x32, 0x32, 0x64, 0x64, 0x01, 0x90, 0x32, 0x32, 0x64, 0x96, 0x64, 0x96,
		0x64, 0x01, 0xF4, 0x32, 0xFE, 0x70, 0x32, 0x00, 0x00, 0x02, 0x00, 0x32,
		0x00, 0x00, 0x02, 0xEE, 0x02, 0x58, 0x00, 0x11, 0x00, 0x15, 0x00, 0x9B,
		0xB8, 0x00, 0x16, 0x2F, 0xB8, 0x00, 0x00, 0xD0, 0xB8, 0x00, 0x00, 0x2F,
		0xB8, 0x00, 0x01, 0xDC, 0xB8, 0x00, 0x00, 0x10, 0xB8, 0x00, 0x03, 0xDC,
		0x41, 0x03, 0x00, 0x30, 0x00, 0x03, 0x00, 0x01, 0x5D, 0x41, 0x03, 0x00,
		0x60, 0x00, 0x03, 0x00, 0x01, 0x5D, 0xB8, 0x00, 0x06, 0xDC, 0xB8, 0x00,
		0x03, 0x10, 0xB8, 0x00, 0x13, 0xDC, 0x41, 0x03, 0x00, 0x60, 0x00, 0x13,
		0x00, 0x01, 0x5D, 0x41, 0x03, 0x00, 0x30, 0x00, 0x13, 0x00, 0x01, 0x5D,
		0xB8, 0x00, 0x0A, 0xDC, 0xB8, 0x00, 0x03, 0x10, 0xB8, 0x00, 0x0D, 0xD0,
		0xB8, 0x00, 0x01, 0x10, 0xB8, 0x00, 0x10, 0xD0, 0xB8, 0x00, 0x06, 0x10,
		0xB8, 0x00, 0x15, 0xD0, 0xB8, 0x00, 0x0A, 0x10, 0xB8, 0x00, 0x17, 0xDC,
		0x00, 0xBB, 0x00, 0x13, 0x00, 0x01, 0x00, 0x0C, 0x00, 0x04, 0x2B, 0xBB,
		0x00, 0x03, 0x00, 0x01, 0x00, 0x0E, 0x00, 0x04, 0x2B, 0xB8, 0x00, 0x03,
		0x10, 0xB8, 0x00, 0x06, 0xD0, 0xB8, 0x00, 0x0C, 0x10, 0xB8, 0x00, 0x10,
		0xD0, 0xB8, 0x00, 0x0E, 0x10, 0xB8, 0x00, 0x14, 0xD0, 0x30, 0x31, 0x13,
		0x33, 0x15, 0x33, 0x35, 0x33, 0x15, 0x33, 0x15, 0x33, 0x15, 0x23, 0x15,
		0x21, 0x35, 0x23, 0x15, 0x23, 0x25, 0x33, 0x35, 0x23, 0x32, 0x64, 0xC8,
		0x64, 0xFA, 0x32, 0x32, 0xFE, 0xA2, 0xC8, 0x64, 0x01, 0x90, 0xC8, 0xC8,
		0x02, 0x58, 0xFA, 0xFA, 0xFA, 0x32, 0xFA, 0x32, 0xFA, 0xFA, 0x64, 0x96,
		0x00, 0x02, 0x00, 0x32, 0x00, 0x00, 0x02, 0x26, 0x02, 0xBC, 0x00, 0x2B,
		0x00, 0x33, 0x01, 0x03, 0xB8, 0x00, 0x34, 0x2F, 0xB8, 0x00, 0x00, 0xD0,
		0xB8, 0x00, 0x00, 0x2F, 0xB8, 0x00, 0x01, 0xDC, 0xB8, 0x00, 0x00, 0x10,
		0xB8, 0x00, 0x03, 0xDC, 0x41, 0x03, 0x00, 0xDF, 0x00, 0x03, 0x00, 0x01,
		0x5D, 0x41, 0x03, 0x00, 0x40, 0x00, 0x03, 0x00, 0x01, 0x5D, 0x41, 0x03,
		0x00, 0x90, 0x00, 0x03, 0x00, 0x01, 0x5D, 0xB8, 0x00, 0x15, 0xDC, 0xB8,
		0x00, 0x07, 0xD0, 0xB8, 0x00, 0x03, 0x10, 0xB8, 0x00, 0x0C, 0xDC, 0x41,
		0x03, 0x00, 0xDF, 0x00, 0x0C, 0x00, 0x01, 0x5D, 0x41, 0x03, 0x00, 0x90,
		0x00, 0x0C, 0x00, 0x01, 0x5D, 0x41, 0x03, 0x00, 0x40, 0x00, 0x0C, 0x00,
		0x01, 0x5D, 0xB8, 0x00, 0x0D, 0xDC, 0xB8, 0x00, 0x0C, 0x10, 0xB8, 0x00,
		0x11, 0xD0, 0xB8, 0x00, 0x0C, 0x10, 0xB8, 0x00, 0x19, 0xD0, 0xB8, 0x00,
		0x0C, 0x10, 0xB8, 0x00, 0x1F, 0xD0, 0xB8, 0x00, 0x15, 0x10, 0xB8, 0x00,
		0x23, 0xD0, 0xB8, 0x00, 0x03, 0x10, 0xB8, 0x00, 0x27, 0xD0, 0xB8, 0x00,
		0x01, 0x10, 0xB8, 0x00, 0x29, 0xD0, 0xB8, 0x00, 0x03, 0x10, 0xB8, 0x00,
		0x2D, 0xD0, 0xB8, 0x00, 0x15, 0x10, 0xB8, 0x00, 0x31, 0xD0, 0xB8, 0x00,
		0x0D, 0x10, 0xB8, 0x00, 0x35, 0xDC, 0x00, 0xBB, 0x00, 0x1D, 0x00, 0x01,
		0x00, 0x1E, 0x00, 0x04, 0x2B, 0xBB, 0x00, 0x32, 0x00, 0x01, 0x00, 0x08,
		0x00, 0x04, 0x2B, 0xBB, 0x00, 0x15, 0x00, 0x01, 0x00, 0x16, 0x00, 0x04,
		0x2B, 0xB8, 0x00, 0x32, 0x10, 0xB8, 0x00, 0x00, 0xD0, 0xB8, 0x00, 0x15,
		0x10, 0xB8, 0x00, 0x02, 0xD0, 0xB8, 0x00, 0x32, 0x10, 0xB8, 0x00, 0x0C,
		0xD0, 0xB8, 0x00, 0x08, 0x10, 0xB8, 0x00, 0x0E, 0xD0, 0xB8, 0x00, 0x1D,
		0x10, 0xB8, 0x00, 0x22, 0xD0, 0xB8, 0x00, 0x16, 0x10, 0xB8, 0x00, 0x28,
		0xD0, 0xB8, 0x00, 0x1E, 0x10, 0xB8, 0x00, 0x2A, 0xD0, 0x30, 0x31, 0x13,
		0x33, 0x15, 0x33, 0x35, 0x33, 0x35, 0x33, 0x35, 0x33, 0x35, 0x33, 0x35,
		0x33, 0x15, 0x23, 0x15, 0x23, 0x15, 0x23, 0x15, 0x23, 0x15, 0x33, 0x15,
		0x33, 0x15, 0x33, 0x15, 0x33, 0x15, 0x23, 0x35, 0x23, 0x35, 0x23, 0x35,
		0x23, 0x35, 0x23, 0x35, 0x23, 0x15, 0x23, 0x13, 0x33, 0x35, 0x33, 0x15,
		0x23, 0x15, 0x23, 0x32, 0x64, 0x64, 0x32, 0x32, 0x32, 0x32, 0x64, 0x32,
		0x32, 0x32, 0x32, 0x32, 0x32, 0x32, 0x32, 0x64, 0x32, 0x32, 0x32, 0x32,
		0x64, 0x64, 0x96, 0x32, 0x96, 0x32, 0x96, 0x02, 0x58, 0xFA, 0x32, 0x32,
		0x32, 0x32, 0x32, 0x64, 0x32, 0x32, 0x32, 0x64, 0x32, 0x32, 0x32, 0x64,
		0x32, 0x32, 0x32, 0x32, 0x32, 0xFA, 0x02, 0x8A, 0x32, 0x32, 0x32, 0x00,
		0x00, 0x02, 0x00, 0x32, 0x00, 0x00, 0x01, 0xC2, 0x02, 0xBC, 0x00, 0x23,
		0x00, 0x2B, 0x01, 0x2F, 0xB8, 0x00, 0x2C, 0x2F, 0xB8, 0x00, 0x00, 0xD0,
		0xB8, 0x00, 0x00, 0x2F, 0xB8, 0x00, 0x01, 0xDC, 0xB8, 0x00, 0x00, 0x10,
		0xB8, 0x00, 0x03, 0xDC, 0x41, 0x03, 0x00, 0x0F, 0x00, 0x03, 0x00, 0x01,
		0x5D, 0x41, 0x03, 0x00, 0xEF, 0x00, 0x03, 0x00, 0x01, 0x5D, 0x41, 0x05,
		0x00, 0x10, 0x00, 0x03, 0x00, 0x20, 0x00, 0x03, 0x00, 0x02, 0x5D, 0x41,
		0x03, 0x00, 0x80, 0x00, 0x03, 0x00, 0x01, 0x5D, 0xB8, 0x00, 0x11, 0xDC,
		0xB8, 0x00, 0x08, 0xD0, 0xB8, 0x00, 0x03, 0x10, 0xB8, 0x00, 0x0A, 0xDC,
		0x41, 0x03, 0x00, 0xEF, 0x00, 0x0A, 0x00, 0x01, 0x5D, 0x41, 0x03, 0x00,
		0x0F, 0x00, 0x0A, 0x00, 0x01, 0x5D, 0x41, 0x05, 0x00, 0x10, 0x00, 0x0A,
		0x00, 0x20, 0x00, 0x0A, 0x00, 0x02, 0x5D, 0x41, 0x03, 0x00, 0x80, 0x00,
		0x0A, 0x00, 0x01, 0x5D, 0xB8, 0x00, 0x0B, 0xDC, 0xB8, 0x00, 0x0A, 0x10,
		0xB8, 0x00, 0x0F, 0xD0, 0xB8, 0x00, 0x0A, 0x10, 0xB8, 0x00, 0x13, 0xD0,
		0xB8, 0x00, 0x0A, 0x10, 0xB8, 0x00, 0x19, 0xD0, 0xB8, 0x00, 0x11, 0x10,
		0xB8, 0x00, 0x1B, 0xD0, 0xB8, 0x00, 0x03, 0x10, 0xB8, 0x00, 0x1F, 0xD0,
		0xB8, 0x00, 0x01, 0x10, 0xB8, 0x00, 0x22, 0xD0, 0xB8, 0x00, 0x01, 0x10,
		0xB8, 0x00, 0x24, 0xD0, 0xB8, 0x00, 0x03, 0x10, 0xB8, 0x00, 0x25, 0xD0,
		0xB8, 0x00, 0x0A, 0x10, 0xB8, 0x00, 0x27, 0xD0, 0xB8, 0x00, 0x11, 0x10,
		0xB8, 0x00, 0x29, 0xD0, 0xB8, 0x00, 0x0B, 0x10, 0xB8, 0x00, 0x2D, 0xDC,
		0x00, 0xBB, 0x00, 0x17, 0x00, 0x01, 0x00, 0x18, 0x00, 0x04, 0x2B, 0xBB,
		0x00, 0x26, 0x00, 0x01, 0x00, 0x2B, 0x00, 0x04, 0x2B, 0xBB, 0x00, 0x02,
		0x00, 0x01, 0x00, 0x21, 0x00, 0x04, 0x2B, 0xBB, 0x00, 0x01, 0x00, 0x01,
		0x00, 0x06, 0x00, 0x04, 0x2B, 0xB8, 0x00, 0x01, 0x10, 0xB8, 0x00, 0x0A,
		0xD0, 0xB8, 0x00, 0x06, 0x10, 0xB8, 0x00, 0x0C, 0xD0, 0xB8, 0x00, 0x02,
		0x10, 0xB8, 0x00, 0x10, 0xD0, 0xB8, 0x00, 0x21, 0x10, 0xB8, 0x00, 0x12,
		0xD0, 0xB8, 0x00, 0x17, 0x10, 0xB8, 0x00, 0x1C, 0xD0, 0xB8, 0x00, 0x18,
		0x10, 0xB8, 0x00, 0x22, 0xD0, 0x30, 0x31, 0x13, 0x33, 0x15, 0x33, 0x35,
		0x33, 0x35, 0x33, 0x35, 0x33, 0x35, 0x33, 0x15, 0x23, 0x15, 0x23, 0x15,
		0x23, 0x15, 0x33, 0x15, 0x33, 0x15, 0x33, 0x15, 0x23, 0x35, 0x23, 0x35,
		0x23, 0x35, 0x23, 0x35, 0x23, 0x15, 0x23, 0x13, 0x33, 0x35, 0x33, 0x15,
		0x23, 0x15, 0x23, 0x32, 0x64, 0x32, 0x32, 0x32, 0x32, 0x64, 0x32, 0x32,
		0x32, 0x32, 0x32, 0x32, 0x64, 0x32, 0x32, 0x32, 0x32, 0x64, 0x64, 0x32,
		0x96, 0x32, 0x96, 0x01, 0xF4, 0xC8, 0x32, 0x32, 0x32, 0x32, 0x64, 0x32,
		0x32, 0x64, 0x32, 0x32, 0x64, 0x32, 0x32, 0x32, 0x32, 0xC8, 0x02, 0x8A,
		0x32, 0x32, 0x32, 0x00, 0x00, 0x01, 0x00, 0x32, 0x00, 0x00, 0x02, 0x26,
		0x02, 0x8A, 0x00, 0x13, 0x00, 0x63, 0xB8, 0x00, 0x14, 0x2F, 0xB8, 0x00,
		0x0D, 0x2F, 0xB8, 0x00, 0x14, 0x10, 0xB8, 0x00, 0x01, 0xD0, 0xB8, 0x00,
		0x01, 0x2F, 0xB8, 0x00, 0x04, 0xDC, 0xB8, 0x00, 0x07, 0xD0, 0xB8, 0x00,
		0x0D, 0x10, 0xB8, 0x00, 0x0C, 0xDC, 0xB8, 0x00, 0x04, 0x10, 0xB8, 0x00,
		0x0F, 0xD0, 0xB8, 0x00, 0x01, 0x10, 0xB8, 0x00, 0x11, 0xD0, 0xB8, 0x00,
		0x0C, 0x10, 0xB8, 0x00, 0x15, 0xDC, 0x00, 0xBB, 0x00, 0x05, 0x00, 0x01,
		0x00, 0x06, 0x00, 0x04, 0x2B, 0xBB, 0x00, 0x09, 0x00, 0x01, 0x00, 0x0E,
		0x00, 0x04, 0x2B, 0xB8, 0x00, 0x05, 0x10, 0xB8, 0x00, 0x00, 0xD0, 0xB8,
		0x00, 0x06, 0x10, 0xB8, 0x00, 0x12, 0xD0, 0x30, 0x31, 0x13, 0x33, 0x35,
		0x33, 0x15, 0x33, 0x15, 0x23, 0x15, 0x33, 0x15, 0x33, 0x11, 0x23, 0x11,
		0x23, 0x11, 0x23, 0x11, 0x23, 0x32, 0x64, 0x64, 0x96, 0x96, 0xFA, 0x32,
		0x64, 0xC8, 0x64, 0x64, 0x02, 0x58, 0x32, 0x32, 0x64, 0x64, 0x32, 0xFE,
		0xA2, 0x01, 0x2C, 0xFE, 0xD4, 0x01, 0xF4, 0x00, 0x00, 0x01, 0x00, 0x32,
		0x00, 0x00, 0x02, 0x26, 0x02, 0xBC, 0x00, 0x0F, 0x00, 0x47, 0xB8, 0x00,
		0x10, 0x2F, 0xB8, 0x00, 0x09, 0x2F, 0xB8, 0x00, 0x10, 0x10, 0xB8, 0x00,
		0x0D, 0xD0, 0xB8, 0x00, 0x0D, 0x2F, 0xB8, 0x00, 0x0C, 0xDC, 0xB8, 0x00,
		0x03, 0xD0, 0xB8, 0x00, 0x09, 0x10, 0xB8, 0x00, 0x08, 0xDC, 0xB8, 0x00,
		0x11, 0xDC, 0x00, 0xBB, 0x00, 0x01, 0x00, 0x01, 0x00, 0x02, 0x00, 0x04,
		0x2B, 0xBB, 0x00, 0x05, 0x00, 0x01, 0x00, 0x0A, 0x00, 0x04, 0x2B, 0xB8,
		0x00, 0x02, 0x10, 0xB8, 0x00, 0x0E, 0xD0, 0x30, 0x31, 0x13, 0x21, 0x15,
		0x23, 0x15, 0x33, 0x15, 0x33, 0x11, 0x23, 0x11, 0x23, 0x11, 0x23, 0x11,
		0x23, 0x32, 0x01, 0x2C, 0x64, 0xFA, 0x32, 0x64, 0xC8, 0x64, 0x64, 0x02,
		0xBC, 0x64, 0x96, 0x32, 0xFE, 0x70, 0x01, 0x5E, 0xFE, 0xA2, 0x02, 0x58,
		0x00, 0x01, 0x00, 0x32, 0xFF, 0x9C, 0x02, 0x26, 0x02, 0x58, 0x00, 0x0B,
		0x00, 0x7B, 0xB8, 0x00, 0x0C, 0x2F, 0xB8, 0x00, 0x00, 0xD0, 0xB8, 0x00,
		0x00, 0x2F, 0xB8, 0x00, 0x01, 0xDC, 0xB8, 0x00, 0x00, 0x10, 0xB8, 0x00,
		0x09, 0xDC, 0x41, 0x03, 0x00, 0xDF, 0x00, 0x09, 0x00, 0x01, 0x5D, 0x41,
		0x03, 0x00, 0x90, 0x00, 0x09, 0x00, 0x01, 0x5D, 0x41, 0x03, 0x00, 0x40,
		0x00, 0x09, 0x00, 0x01, 0x5D, 0xB8, 0x00, 0x03, 0xDC, 0x41, 0x03, 0x00,
		0xDF, 0x00, 0x03, 0x00, 0x01, 0x5D, 0x41, 0x03, 0x00, 0x40, 0x00, 0x03,
		0x00, 0x01, 0x5D, 0x41, 0x03, 0x00, 0x90, 0x00, 0x03, 0x00, 0x01, 0x5D,
		0xB8, 0x00, 0x06, 0xDC, 0xB8, 0x00, 0x09, 0x10, 0xB8, 0x00, 0x08, 0xDC,
		0xB8, 0x00, 0x06, 0x10, 0xB8, 0x00, 0x0D, 0xDC, 0x00, 0xBB, 0x00, 0x03,
		0x00, 0x01, 0x00, 0x06, 0x00, 0x04, 0x2B, 0xB8, 0x00, 0x06, 0x10, 0xB8,
		0x00, 0x0A, 0xD0, 0x30, 0x31, 0x13, 0x33, 0x11, 0x21, 0x11, 0x33, 0x11,
		0x23, 0x15, 0x23, 0x35, 0x23, 0x32, 0x64, 0x01, 0x2C, 0x64, 0xC8, 0x64,
		0xC8, 0x02, 0x58, 0xFE, 0x3E, 0x01, 0xC2, 0xFD, 0xDA, 0x96, 0x96, 0x00,
		0x00, 0x01, 0x00, 0x32, 0xFF, 0x9C, 0x01, 0xC2, 0x01, 0xF4, 0x00, 0x0B,
		0x00, 0x95, 0xB8, 0x00, 0x0C, 0x2F, 0xB8, 0x00, 0x00, 0xD0, 0xB8, 0x00,
		0x00, 0x2F, 0xB8, 0x00, 0x01, 0xDC, 0xB8, 0x00, 0x00, 0x10, 0xB8, 0x00,
		0x09, 0xDC, 0x41, 0x03, 0x00, 0x0F, 0x00, 0x09, 0x00, 0x01, 0x5D, 0x41,
		0x03, 0x00, 0xEF, 0x00, 0x09, 0x00, 0x01, 0x5D, 0x41, 0x03, 0x00, 0x80,
		0x00, 0x09, 0x00, 0x01, 0x5D, 0x41, 0x05, 0x00, 0x10, 0x00, 0x09, 0x00,
		0x20, 0x00, 0x09, 0x00, 0x02, 0x5D, 0xB8, 0x00, 0x03, 0xDC, 0x41, 0x03,
		0x00, 0x0F, 0x00, 0x03, 0x00, 0x01, 0x5D, 0x41, 0x03, 0x00, 0xEF, 0x00,
		0x03, 0x00, 0x01, 0x5D, 0x41, 0x03, 0x00, 0x80, 0x00, 0x03, 0x00, 0x01,
		0x5D, 0x41, 0x05, 0x00, 0x10, 0x00, 0x03, 0x00, 0x20, 0x00, 0x03, 0x00,
		0x02, 0x5D, 0xB8, 0x00, 0x06, 0xDC, 0xB8, 0x00, 0x09, 0x10, 0xB8, 0x00,
		0x08, 0xDC, 0xB8, 0x00, 0x06, 0x10, 0xB8, 0x00, 0x0D, 0xDC, 0x00, 0xBB,
		0x00, 0x03, 0x00, 0x01, 0x00, 0x07, 0x00, 0x04, 0x2B, 0xB8, 0x00, 0x07,
		0x10, 0xB8, 0x00, 0x0A, 0xD0, 0x30, 0x31, 0x13, 0x33, 0x11, 0x33, 0x11,
		0x33, 0x11, 0x23, 0x15, 0x23, 0x35, 0x23, 0x32, 0x64, 0xC8, 0x64, 0x96,
		0x64, 0x96, 0x01, 0xF4, 0xFE, 0x70, 0x01, 0x90, 0xFE, 0x0C, 0x64, 0x64,
		0x00, 0x01, 0x00, 0x32, 0xFF, 0x9C, 0x02, 0x26, 0x02, 0x8A, 0x00, 0x17,
		0x00, 0x6D, 0xB8, 0x00, 0x18, 0x2F, 0xB8, 0x00, 0x11, 0x2F, 0xB8, 0x00,
		0x18, 0x10, 0xB8, 0x00, 0x01, 0xD0, 0xB8, 0x00, 0x01, 0x2F, 0xB8, 0x00,
		0x04, 0xDC, 0xB8, 0x00, 0x07, 0xD0, 0xB8, 0x00, 0x11, 0x10, 0xB8, 0x00,
		0x0C, 0xDC, 0xB8, 0x00, 0x04, 0x10, 0xB8, 0x00, 0x13, 0xD0, 0xB8, 0x00,
		0x01, 0x10, 0xB8, 0x00, 0x15, 0xD0, 0xB8, 0x00, 0x0C, 0x10, 0xB8, 0x00,
		0x19, 0xDC, 0x00, 0xBB, 0x00, 0x10, 0x00, 0x01, 0x00, 0x0F, 0x00, 0x04,
		0x2B, 0xBB, 0x00, 0x05, 0x00, 0x01, 0x00, 0x06, 0x00, 0x04, 0x2B, 0xBB,
		0x00, 0x09, 0x00, 0x01, 0x00, 0x12, 0x00, 0x04, 0x2B, 0xB8, 0x00, 0x05,
		0x10, 0xB8, 0x00, 0x00, 0xD0, 0xB8, 0x00, 0x06, 0x10, 0xB8, 0x00, 0x16,
		0xD0, 0x30, 0x31, 0x13, 0x33, 0x35, 0x33, 0x15, 0x33, 0x15, 0x23, 0x15,
		0x33, 0x15, 0x33, 0x11, 0x23, 0x15, 0x23, 0x35, 0x33, 0x11, 0x23, 0x15,
		0x23, 0x11, 0x23, 0x32, 0x64, 0x64, 0x96, 0x96, 0xFA, 0x32, 0x32, 0x64,
		0x32, 0xC8, 0x64, 0x64, 0x02, 0x58, 0x32, 0x32, 0x64, 0x64, 0x32, 0xFE,
		0x70, 0x32, 0x64, 0x01, 0x2C, 0xFA, 0x01, 0xC2, 0x00, 0x01, 0x00, 0x32,
		0x00, 0x00, 0x02, 0x58, 0x02, 0x58, 0x00, 0x13, 0x00, 0x59, 0xB8, 0x00,
		0x14, 0x2F, 0xB8, 0x00, 0x0D, 0x2F, 0xB8, 0x00, 0x14, 0x10, 0xB8, 0x00,
		0x11, 0xD0, 0xB8, 0x00, 0x11, 0x2F, 0xB8, 0x00, 0x10, 0xDC, 0xB8, 0x00,
		0x03, 0xD0, 0xB8, 0x00, 0x0D, 0x10, 0xB8, 0x00, 0x08, 0xDC, 0xB8, 0x00,
		0x15, 0xDC, 0x00, 0xBB, 0x00, 0x0D, 0x00, 0x01, 0x00, 0x0A, 0x00, 0x04,
		0x2B, 0xBB, 0x00, 0x01, 0x00, 0x01, 0x00, 0x02, 0x00, 0x04, 0x2B, 0xBB,
		0x00, 0x05, 0x00, 0x01, 0x00, 0x0E, 0x00, 0x04, 0x2B, 0xB8, 0x00, 0x0A,
		0x10, 0xB8, 0x00, 0x10, 0xD0, 0xB8, 0x00, 0x02, 0x10, 0xB8, 0x00, 0x12,
		0xD0, 0x30, 0x31, 0x13, 0x21, 0x15, 0x23, 0x15, 0x21, 0x15, 0x33, 0x11,
		0x23, 0x15, 0x23, 0x35, 0x33, 0x35, 0x23, 0x11, 0x23, 0x11, 0x23, 0x32,
		0x01, 0x2C, 0x64, 0x01, 0x2C, 0x32, 0x32, 0xFA, 0xC8, 0xFA, 0x64, 0x64,
		0x02, 0x58, 0x64, 0x64, 0x32, 0xFE, 0xD4, 0x32, 0x64, 0xC8, 0xFE, 0xD4,
		0x01, 0xF4, 0x00, 0x00, 0x00, 0x02, 0x00, 0x32, 0xFF, 0x38, 0x01, 0xC2,
		0x02, 0x8A, 0x00, 0x0F, 0x00, 0x17, 0x00, 0x69, 0xB8, 0x00, 0x18, 0x2F,
		0xB8, 0x00, 0x0B, 0x2F, 0xB8, 0x00, 0x18, 0x10, 0xB8, 0x00, 0x00, 0xD0,
		0xB8, 0x00, 0x00, 0x2F, 0xB8, 0x00, 0x01, 0xDC, 0xB8, 0x00, 0x0B, 0x10,
		0xB8, 0x00, 0x03, 0xD0, 0xB8, 0x00, 0x0B, 0x10, 0xB8, 0x00, 0x06, 0xDC,
		0xB8, 0x00, 0x01, 0x10, 0xB8, 0x00, 0x10, 0xD0, 0xB8, 0x00, 0x0B, 0x10,
		0xB8, 0x00, 0x11, 0xD0, 0xB8, 0x00, 0x06, 0x10, 0xB8, 0x00, 0x19, 0xDC,
		0x00, 0xBB, 0x00, 0x0B, 0x00, 0x01, 0x00, 0x08, 0x00, 0x04, 0x2B, 0xBB,
		0x00, 0x11, 0x00, 0x01, 0x00, 0x12, 0x00, 0x04, 0x2B, 0xBB, 0x00, 0x03,
		0x00, 0x01, 0x00, 0x0C, 0x00, 0x04, 0x2B, 0xB8, 0x00, 0x12, 0x10, 0xB8,
		0x00, 0x16, 0xD0, 0x30, 0x31, 0x13, 0x33, 0x11, 0x33, 0x11, 0x33, 0x11,
		0x23, 0x15, 0x21, 0x35, 0x33, 0x35, 0x23, 0x35, 0x23, 0x13, 0x33, 0x15,
		0x23, 0x15, 0x23, 0x35, 0x23, 0x32, 0x64, 0xC8, 0x64, 0x32, 0xFE, 0xD4,
		0xFA, 0xFA, 0x32, 0x64, 0xC8, 0x32, 0x64, 0x32, 0x01, 0xF4, 0xFE, 0x70,
		0x01, 0x90, 0xFD, 0x76, 0x32, 0x64, 0x64, 0x32, 0x02, 0x58, 0x32, 0x32,
		0x32, 0x00, 0x00, 0x00, 0x00, 0x02, 0x00, 0x32, 0x00, 0x00, 0x02, 0x26,
		0x02, 0xBC, 0x00, 0x1F, 0x00, 0x27, 0x00, 0xEF, 0xB8, 0x00, 0x28, 0x2F,
		0xB8, 0x00, 0x00, 0xD0, 0xB8, 0x00, 0x00, 0x2F, 0xB8, 0x00, 0x01, 0xDC,
		0xB8, 0x00, 0x00, 0x10, 0xB8, 0x00, 0x05, 0xDC, 0x41, 0x03, 0x00, 0xDF,
		0x00, 0x05, 0x00, 0x01, 0x5D, 0x41, 0x03, 0x00, 0x90, 0x00, 0x05, 0x00,
		0x01, 0x5D, 0x41, 0x03, 0x00, 0x40, 0x00, 0x05, 0x00, 0x01, 0x5D, 0xB8,
		0x00, 0x08, 0xDC, 0xB8, 0x00, 0x05, 0x10, 0xB8, 0x00, 0x0B, 0xDC, 0x41,
		0x03, 0x00, 0xDF, 0x00, 0x0B, 0x00, 0x01, 0x5D, 0x41, 0x03, 0x00, 0x90,
		0x00, 0x0B, 0x00, 0x01, 0x5D, 0x41, 0x03, 0x00, 0x40, 0x00, 0x0B, 0x00,
		0x01, 0x5D, 0xB8, 0x00, 0x0E, 0xDC, 0xB8, 0x00, 0x0B, 0x10, 0xB8, 0x00,
		0x11, 0xD0, 0xB8, 0x00, 0x08, 0x10, 0xB8, 0x00, 0x15, 0xD0, 0xB8, 0x00,
		0x05, 0x10, 0xB8, 0x00, 0x17, 0xD0, 0xB8, 0x00, 0x01, 0x10, 0xB8, 0x00,
		0x1B, 0xD0, 0xB8, 0x00, 0x08, 0x10, 0xB8, 0x00, 0x24, 0xD0, 0xB8, 0x00,
		0x05, 0x10, 0xB8, 0x00, 0x25, 0xD0, 0xB8, 0x00, 0x0E, 0x10, 0xB8, 0x00,
		0x29, 0xDC, 0x00, 0xBB, 0x00, 0x21, 0x00, 0x01, 0x00, 0x22, 0x00, 0x04,
		0x2B, 0xBB, 0x00, 0x06, 0x00, 0x01, 0x00, 0x18, 0x00, 0x04, 0x2B, 0xBB,
		0x00, 0x01, 0x00, 0x01, 0x00, 0x02, 0x00, 0x04, 0x2B, 0xB8, 0x00, 0x02,
		0x10, 0xB8, 0x00, 0x0A, 0xD0, 0xB8, 0x00, 0x01, 0x10, 0xB8, 0x00, 0x0C,
		0xD0, 0xB8, 0x00, 0x06, 0x10, 0xB8, 0x00, 0x10, 0xD0, 0xB8, 0x00, 0x18,
		0x10, 0xB8, 0x00, 0x14, 0xD0, 0xB8, 0x00, 0x06, 0x10, 0xB8, 0x00, 0x1C,
		0xD0, 0xB8, 0x00, 0x01, 0x10, 0xB8, 0x00, 0x24, 0xD0, 0xB8, 0x00, 0x22,
		0x10, 0xB8, 0x00, 0x26, 0xD0, 0x30, 0x31, 0x13, 0x33, 0x15, 0x33, 0x15,
		0x33, 0x15, 0x33, 0x35, 0x33, 0x35, 0x33, 0x35, 0x33, 0x15, 0x23, 0x15,
		0x23, 0x15, 0x23, 0x15, 0x23, 0x15, 0x23, 0x35, 0x23, 0x35, 0x23, 0x35,
		0x23, 0x35, 0x23, 0x13, 0x33, 0x15, 0x23, 0x15, 0x23, 0x35, 0x23, 0x32,
		0x64, 0x32, 0x32, 0x64, 0x32, 0x32, 0x64, 0x32, 0x32, 0x32, 0x32, 0x64,
		0x32, 0x32, 0x32, 0x32, 0x96, 0xC8, 0x32, 0x64, 0x32, 0x02, 0x58, 0x96,
		0x32, 0x32, 0x32, 0x32, 0x96, 0xC8, 0x32, 0x32, 0x32, 0xFA, 0xFA, 0x32,
		0x32, 0x32, 0x01, 0x2C, 0x32, 0x32, 0x32, 0x00, 0x00, 0x01, 0x00, 0x32,
		0x00, 0xFA, 0x01, 0x90, 0x01, 0x5E, 0x00, 0x03, 0x00, 0x0D, 0x00, 0xBB,
		0x00, 0x01, 0x00, 0x01, 0x00, 0x02, 0x00, 0x04, 0x2B, 0x30, 0x31, 0x13,
		0x21, 0x15, 0x21, 0x32, 0x01, 0x5E, 0xFE, 0xA2, 0x01, 0x5E, 0x64, 0x00,
		0x00, 0x01, 0x00, 0x32, 0xFF, 0x9C, 0x02, 0x26, 0x01, 0xF4, 0x00, 0x1B,
		0x00, 0x88, 0xB8, 0x00, 0x1C, 0x2F, 0xB8, 0x00, 0x00, 0xD0, 0xB8, 0x00,
		0x00, 0x2F, 0xB8, 0x00, 0x01, 0xDC, 0xB8, 0x00, 0x00, 0x10, 0xB8, 0x00,
		0x05, 0xDC, 0x41, 0x03, 0x00, 0xDF, 0x00, 0x05, 0x00, 0x01, 0x5D, 0x41,
		0x03, 0x00, 0x90, 0x00, 0x05, 0x00, 0x01, 0x5D, 0x41, 0x03, 0x00, 0x40,
		0x00, 0x05, 0x00, 0x01, 0x5D, 0xB8, 0x00, 0x08, 0xDC, 0xB8, 0x00, 0x05,
		0x10, 0xB8, 0x00, 0x0C, 0xDC, 0x41, 0x03, 0x00, 0xDF, 0x00, 0x0C, 0x00,
		0x01, 0x5D, 0x41, 0x03, 0x00, 0x90, 0x00, 0x0C, 0x00, 0x01, 0x5D, 0x41,
		0x03, 0x00, 0x40, 0x00, 0x0C, 0x00, 0x01, 0x5D, 0xB8, 0x00, 0x0D, 0xDC,
		0xB8, 0x00, 0x0C, 0x10, 0xB8, 0x00, 0x0F, 0xD0, 0xB8, 0x00, 0x08, 0x10,
		0xB8, 0x00, 0x13, 0xD0, 0xB8, 0x00, 0x05, 0x10, 0xB8, 0x00, 0x15, 0xD0,
		0xB8, 0x00, 0x01, 0x10, 0xB8, 0x00, 0x19, 0xD0, 0xB8, 0x00, 0x0D, 0x10,
		0xB8, 0x00, 0x1D, 0xDC, 0x30, 0x31, 0x13, 0x33, 0x15, 0x33, 0x15, 0x33,
		0x15, 0x33, 0x35, 0x33, 0x35, 0x33, 0x35, 0x33, 0x11, 0x23, 0x35, 0x23,
		0x15, 0x23, 0x15, 0x23, 0x35, 0x23, 0x35, 0x23, 0x15, 0x23, 0x32, 0x64,
		0x32, 0x32, 0x64, 0x32, 0x32, 0x64, 0x64, 0x32, 0x32, 0x64, 0x32, 0x32,
		0x64, 0x01, 0xF4, 0xFA, 0x32, 0x32, 0x32, 0x32, 0xFA, 0xFE, 0x0C, 0x64,
		0x32, 0x32, 0x32, 0x32, 0xC8, 0x00, 0x00, 0x00, 0x00, 0x00, 0x00, 0x00,
		0x00, 0x00, 0x00, 0x00, 0x00, 0x00, 0x00, 0x3E, 0x00, 0x6E, 0x00, 0x8E,
		0x00, 0xD8, 0x01, 0x20, 0x01, 0x54, 0x01, 0x9C, 0x01, 0xE8, 0x02, 0x1C,
		0x02, 0x88, 0x02, 0xD4, 0x02, 0xFE, 0x03, 0x36, 0x03, 0xA6, 0x03, 0xC6,
		0x04, 0x34, 0x04, 0xB0, 0x05, 0x22, 0x05, 0x66, 0x05, 0xB4, 0x05, 0xDA,
		0x06, 0x2E, 0x06, 0x56, 0x06, 0x9A, 0x06, 0xD2, 0x07, 0x00, 0x07, 0x3A,
		0x07, 0xCE, 0x07, 0xE8, 0x08, 0x5C, 0x08, 0xA8, 0x08, 0xE6, 0x09, 0x24,
		0x09, 0xA4, 0x09, 0xFE, 0x0A, 0x48, 0x0A, 0x68, 0x0A, 0x98, 0x0B, 0x12,
		0x0B, 0x86, 0x0C, 0x5E, 0x0C, 0xE0, 0x0D, 0x3C, 0x0D, 0x5C, 0x0D, 0x8E,
		0x0D, 0xB4, 0x0E, 0x2E, 0x0E, 0x42, 0x0E, 0x6A, 0x0E, 0xAE, 0x0E, 0xEC,
		0x0F, 0x12, 0x0F, 0x52, 0x0F, 0x98, 0x0F, 0xE4, 0x10, 0x36, 0x10, 0x6A,
		0x10, 0x90, 0x10, 0xC2, 0x11, 0x3C, 0x11, 0x4E, 0x11, 0xB4, 0x11, 0xF0,
		0x12, 0x2E, 0x12, 0x6C, 0x12, 0xAC, 0x12, 0xE8, 0x13, 0x34, 0x13, 0x80,
		0x13, 0xBA, 0x14, 0x3A, 0x14, 0xB6, 0x15, 0x84, 0x15, 0xC0, 0x16, 0x16,
		0x16, 0x82, 0x16, 0x94, 0x16, 0xEC, 0x17, 0x60, 0x17, 0xC6, 0x17, 0xEA,
		0x18, 0x40, 0x18, 0x72, 0x18, 0xE0, 0x19, 0x10, 0x19, 0x5C, 0x19, 0xEC,
		0x1A, 0xB6, 0x1B, 0x10, 0x1B, 0x80, 0x1B, 0xCE, 0x1B, 0xF8, 0x1C, 0x1E,
		0x1C, 0x7A, 0x1C, 0xD4, 0x1C, 0xF8, 0x1D, 0x0C, 0x1D, 0x20, 0x1D, 0x82,
		0x1D, 0xF2, 0x1E, 0x54, 0x1E, 0xC2, 0x1F, 0x4C, 0x1F, 0xFC, 0x20, 0x22,
		0x20, 0x78, 0x20, 0xD6, 0x21, 0xAE, 0x22, 0x96, 0x22, 0xBE, 0x23, 0x20,
		0x23, 0x52, 0x23, 0xA2, 0x23, 0xFA, 0x25, 0x70, 0x25, 0x8E, 0x25, 0xA2,
		0x26, 0x06, 0x26, 0x1A, 0x26, 0x56, 0x26, 0x90, 0x26, 0xD2, 0x27, 0x0C,
		0x27, 0x26, 0x27, 0x5E, 0x27, 0x76, 0x27, 0xA2, 0x27, 0xCE, 0x28, 0x1A,
		0x29, 0x88, 0x2A, 0x38, 0x2A, 0xFA, 0x2B, 0xE4, 0x2C, 0x66, 0x2C, 0xB8,
		0x2D, 0x0A, 0x2D, 0x5C, 0x2D, 0xBE, 0x2E, 0x22, 0x2E, 0xAE, 0x2F, 0x0A,
		0x2F, 0x48, 0x2F, 0x88, 0x2F, 0xC8, 0x30, 0x08, 0x30, 0x60, 0x30, 0xA4,
		0x30, 0xE8, 0x31, 0x2C, 0x31, 0x7A, 0x31, 0xE8, 0x32, 0x58, 0x32, 0xA6,
		0x32, 0xF4, 0x33, 0x42, 0x33, 0x9C, 0x33, 0xF8, 0x34, 0xA4, 0x34, 0xF8,
		0x35, 0x36, 0x35, 0x74, 0x35, 0xB2, 0x36, 0x04, 0x36, 0xA6, 0x36, 0xEA,
		0x37, 0x80, 0x37, 0xDC, 0x38, 0x38, 0x38, 0x94, 0x38, 0xFA, 0x39, 0x58,
		0x3A, 0x0A, 0x3A, 0x84, 0x3A, 0xCE, 0x3B, 0x2A, 0x3B, 0x86, 0x3B, 0xE2,
		0x3C, 0x40, 0x3C, 0x6A, 0x3C, 0x94, 0x3C, 0xBE, 0x3C, 0xF2, 0x3D, 0x48,
		0x3D, 0xA8, 0x3D, 0xFA, 0x3E, 0x4C, 0x3E, 0x9E, 0x3E, 0xFE, 0x3F, 0x54,
		0x3F, 0x8A, 0x3F, 0xE0, 0x40, 0x34, 0x40, 0x88, 0x40, 0xDC, 0x41, 0x30,
		0x41, 0x82, 0x41, 0xC6, 0x42, 0x1A, 0x42, 0x40, 0x42, 0x72, 0x42, 0xFE,
		0x43, 0xA0, 0x44, 0x36, 0x44, 0xF0, 0x45, 0x08, 0x45, 0x4C, 0x45, 0x94,
		0x46, 0x48, 0x46, 0x78, 0x46, 0x9C, 0x46, 0xB0, 0x46, 0xC6, 0x46, 0xF8,
		0x46, 0xF8, 0x47, 0x6A, 0x47, 0xE0, 0x48, 0x0E, 0x48, 0x44, 0x48, 0x80,
		0x48, 0xA4, 0x49, 0x34, 0x49, 0x60, 0x49, 0x92, 0x49, 0xA4, 0x49, 0xDE,
		0x4A, 0x08, 0x4A, 0x60, 0x4A, 0xBA, 0x4A, 0xFE, 0x4B, 0x44, 0x4B, 0x92,
		0x4B, 0xAC, 0x4B, 0xF8, 0x4C, 0x28, 0x4C, 0xE4, 0x4D, 0x46, 0x4D, 0x8C,
		0x4E, 0x18, 0x4E, 0xAC, 0x4E, 0xEC, 0x4F, 0x60, 0x4F, 0x98, 0x4F, 0xD6,
		0x50, 0x06, 0x50, 0x44, 0x50, 0x6A, 0x50, 0x8A, 0x50, 0xD4, 0x51, 0x62,
		0x52, 0x3A, 0x52, 0x72, 0x52, 0xA8, 0x52, 0xFC, 0x53, 0x5C, 0x53, 0x9E,
		0x53, 0xE4, 0x54, 0x22, 0x54, 0x5A, 0x54, 0xA8, 0x55, 0x02, 0x55, 0x46,
		0x55, 0xA0, 0x55, 0xF6, 0x56, 0x10, 0x56, 0x60, 0x56, 0xA6, 0x57, 0x62,
		0x57, 0xAA, 0x57, 0xE8, 0x58, 0x7C, 0x59, 0x16, 0x59, 0x54, 0x59, 0xCC,
		0x5A, 0x04, 0x5A, 0x42, 0x5A, 0x7E, 0x5A, 0xBC, 0x5A, 0xE2, 0x5B, 0x02,
		0x5B, 0x3E, 0x5B, 0xC2, 0x5C, 0x90, 0x5C, 0xC4, 0x5C, 0xF8, 0x5D, 0x4C,
		0x5D, 0xAC, 0x5D, 0xEC, 0x5E, 0x30, 0x5E, 0x6C, 0x5E, 0xA4, 0x5F, 0x14,
		0x5F, 0x66, 0x5F, 0xC4, 0x60, 0x10, 0x60, 0x3A, 0x60, 0x68, 0x60, 0x96,
		0x60, 0xC4, 0x61, 0x4E, 0x61, 0x96, 0x61, 0xCA, 0x61, 0xF8, 0x62, 0x1E,
		0x62, 0x68, 0x62, 0xB4, 0x62, 0xE8, 0x63, 0x36, 0x63, 0x70, 0x63, 0xA2,
		0x64, 0x1A, 0x64, 0xA8, 0x65, 0x02, 0x65, 0x70, 0x66, 0x30, 0x66, 0xFE,
		0x67, 0x4E, 0x67, 0x8C, 0x67, 0xE0, 0x68, 0x40, 0x68, 0x98, 0x68, 0xE4,
		0x69, 0x3E, 0x69, 0xE8, 0x69, 0xFC, 0x69, 0xFC, 0x6A, 0x66, 0x00, 0x00,
		0x00, 0x00, 0x00, 0x17, 0x01, 0x1A, 0x00, 0x01, 0x00, 0x00, 0x00, 0x00,
		0x00, 0x00, 0x00, 0x4D, 0x00, 0x00, 0x00, 0x01, 0x00, 0x00, 0x00, 0x00,
		0x00, 0x01, 0x00, 0x0B, 0x00, 0x4D, 0x00, 0x01, 0x00, 0x00, 0x00, 0x00,
		0x00, 0x02, 0x00, 0x07, 0x00, 0x58, 0x00, 0x01, 0x00, 0x00, 0x00, 0x00,
		0x00, 0x03, 0x00, 0x1B, 0x00, 0x5F, 0x00, 0x01, 0x00, 0x00, 0x00, 0x00,
		0x00, 0x04, 0x00, 0x0C, 0x00, 0x7A, 0x00, 0x01, 0x00, 0x00, 0x00, 0x00,
		0x00, 0x05, 0x00, 0x0D, 0x00, 0x86, 0x00, 0x01, 0x00, 0x00, 0x00, 0x00,
		0x00, 0x06, 0x00, 0x0B, 0x00, 0x93, 0x00, 0x01, 0x00, 0x00, 0x00, 0x00,
		0x00, 0x08, 0x00, 0x07, 0x00, 0x9E, 0x00, 0x01, 0x00, 0x00, 0x00, 0x00,
		0x00, 0x09, 0x00, 0x11, 0x00, 0xA5, 0x00, 0x01, 0x00, 0x00, 0x00, 0x00,
		0x00, 0x0C, 0x00, 0x1A, 0x00, 0xB6, 0x00, 0x01, 0x00, 0x00, 0x00, 0x00,
		0x00, 0x0D, 0x00, 0x1F, 0x00, 0xD0, 0x00, 0x01, 0x00, 0x00, 0x00, 0x00,
		0x00, 0x12, 0x00, 0x0C, 0x00, 0xEF, 0x00, 0x03, 0x00, 0x01, 0x04, 0x09,
		0x00, 0x00, 0x00, 0x9A, 0x00, 0xFB, 0x00, 0x03, 0x00, 0x01, 0x04, 0x09,
		0x00, 0x01, 0x00, 0x16, 0x01, 0x95, 0x00, 0x03, 0x00, 0x01, 0x04, 0x09,
		0x00, 0x02, 0x00, 0x0E, 0x01, 0xAB, 0x00, 0x03, 0x00, 0x01, 0x04, 0x09,
		0x00, 0x03, 0x00, 0x36, 0x01, 0xB9, 0x00, 0x03, 0x00, 0x01, 0x04, 0x09,
		0x00, 0x04, 0x00, 0x18, 0x01, 0xEF, 0x00, 0x03, 0x00, 0x01, 0x04, 0x09,
		0x00, 0x05, 0x00, 0x1A, 0x02, 0x07, 0x00, 0x03, 0x00, 0x01, 0x04, 0x09,
		0x00, 0x06, 0x00, 0x16, 0x02, 0x21, 0x00, 0x03, 0x00, 0x01, 0x04, 0x09,
		0x00, 0x08, 0x00, 0x0E, 0x02, 0x37, 0x00, 0x03, 0x00, 0x01, 0x04, 0x09,
		0x00, 0x09, 0x00, 0x22, 0x02, 0x45, 0x00, 0x03, 0x00, 0x01, 0x04, 0x09,
		0x00, 0x0C, 0x00, 0x34, 0x02, 0x67, 0x00, 0x03, 0x00, 0x01, 0x04, 0x09,
		0x00, 0x0D, 0x00, 0x3E, 0x02, 0x9B, 0x43, 0x6F, 0x70, 0x79, 0x72, 0x69,
		0x67, 0x68, 0x74, 0x20, 0x28, 0x63, 0x29, 0x20, 0x32, 0x30, 0x31, 0x32,
		0x20, 0x62, 0x79, 0x20, 0x53, 0x74, 0x79, 0x6C, 0x65, 0x2D, 0x37, 0x2E,
		0x20, 0x41, 0x6C, 0x6C, 0x20, 0x72, 0x69, 0x67, 0x68, 0x74, 0x73, 0x20,
		0x72, 0x65, 0x73, 0x65, 0x72, 0x76, 0x65, 0x64, 0x2E, 0x20, 0x68, 0x74,
		0x74, 0x70, 0x3A, 0x2F, 0x2F, 0x77, 0x77, 0x77, 0x2E, 0x73, 0x74, 0x79,
		0x6C, 0x65, 0x73, 0x65, 0x76, 0x65, 0x6E, 0x2E, 0x63, 0x6F, 0x6D, 0x50,
		0x69, 0x78, 0x65, 0x6C, 0x20, 0x46, 0x6F, 0x6E, 0x74, 0x37, 0x52, 0x65,
		0x67, 0x75, 0x6C, 0x61, 0x72, 0x53, 0x74, 0x79, 0x6C, 0x65, 0x2D, 0x37,
		0x3A, 0x20, 0x50, 0x69, 0x78, 0x65, 0x6C, 0x20, 0x46, 0x6F, 0x6E, 0x74,
		0x2D, 0x37, 0x3A, 0x20, 0x32, 0x30, 0x31, 0x32, 0x50, 0x69, 0x78, 0x65,
		0x6C, 0x20, 0x46, 0x6F, 0x6E, 0x74, 0x2D, 0x37, 0x56, 0x65, 0x72, 0x73,
		0x69, 0x6F, 0x6E, 0x20, 0x32, 0x2E, 0x30, 0x30, 0x30, 0x50, 0x69, 0x78,
		0x65, 0x6C, 0x46, 0x6F, 0x6E, 0x74, 0x2D, 0x37, 0x53, 0x74, 0x79, 0x6C,
		0x65, 0x2D, 0x37, 0x53, 0x69, 0x7A, 0x65, 0x6E, 0x6B, 0x6F, 0x20, 0x41,
		0x6C, 0x65, 0x78, 0x61, 0x6E, 0x64, 0x65, 0x72, 0x68, 0x74, 0x74, 0x70,
		0x3A, 0x2F, 0x2F, 0x77, 0x77, 0x77, 0x2E, 0x73, 0x74, 0x79, 0x6C, 0x65,
		0x73, 0x65, 0x76, 0x65, 0x6E, 0x2E, 0x63, 0x6F, 0x6D, 0x2F, 0x46, 0x72,
		0x65, 0x65, 0x77, 0x61, 0x72, 0x65, 0x20, 0x66, 0x6F, 0x72, 0x20, 0x70,
		0x65, 0x72, 0x73, 0x6F, 0x6E, 0x61, 0x6C, 0x20, 0x75, 0x73, 0x65, 0x20,
		0x6F, 0x6E, 0x6C, 0x79, 0x2E, 0x50, 0x69, 0x78, 0x65, 0x6C, 0x20, 0x46,
		0x6F, 0x6E, 0x74, 0x2D, 0x37, 0x00, 0x43, 0x00, 0x6F, 0x00, 0x70, 0x00,
		0x79, 0x00, 0x72, 0x00, 0x69, 0x00, 0x67, 0x00, 0x68, 0x00, 0x74, 0x00,
		0x20, 0x00, 0x28, 0x00, 0x63, 0x00, 0x29, 0x00, 0x20, 0x00, 0x32, 0x00,
		0x30, 0x00, 0x31, 0x00, 0x32, 0x00, 0x20, 0x00, 0x62, 0x00, 0x79, 0x00,
		0x20, 0x00, 0x53, 0x00, 0x74, 0x00, 0x79, 0x00, 0x6C, 0x00, 0x65, 0x00,
		0x2D, 0x00, 0x37, 0x00, 0x2E, 0x00, 0x20, 0x00, 0x41, 0x00, 0x6C, 0x00,
		0x6C, 0x00, 0x20, 0x00, 0x72, 0x00, 0x69, 0x00, 0x67, 0x00, 0x68, 0x00,
		0x74, 0x00, 0x73, 0x00, 0x20, 0x00, 0x72, 0x00, 0x65, 0x00, 0x73, 0x00,
		0x65, 0x00, 0x72, 0x00, 0x76, 0x00, 0x65, 0x00, 0x64, 0x00, 0x2E, 0x00,
		0x20, 0x00, 0x68, 0x00, 0x74, 0x00, 0x74, 0x00, 0x70, 0x00, 0x3A, 0x00,
		0x2F, 0x00, 0x2F, 0x00, 0x77, 0x00, 0x77, 0x00, 0x77, 0x00, 0x2E, 0x00,
		0x73, 0x00, 0x74, 0x00, 0x79, 0x00, 0x6C, 0x00, 0x65, 0x00, 0x73, 0x00,
		0x65, 0x00, 0x76, 0x00, 0x65, 0x00, 0x6E, 0x00, 0x2E, 0x00, 0x63, 0x00,
		0x6F, 0x00, 0x6D, 0x00, 0x50, 0x00, 0x69, 0x00, 0x78, 0x00, 0x65, 0x00,
		0x6C, 0x00, 0x20, 0x00, 0x46, 0x00, 0x6F, 0x00, 0x6E, 0x00, 0x74, 0x00,
		0x37, 0x00, 0x52, 0x00, 0x65, 0x00, 0x67, 0x00, 0x75, 0x00, 0x6C, 0x00,
		0x61, 0x00, 0x72, 0x00, 0x53, 0x00, 0x74, 0x00, 0x79, 0x00, 0x6C, 0x00,
		0x65, 0x00, 0x2D, 0x00, 0x37, 0x00, 0x3A, 0x00, 0x20, 0x00, 0x50, 0x00,
		0x69, 0x00, 0x78, 0x00, 0x65, 0x00, 0x6C, 0x00, 0x20, 0x00, 0x46, 0x00,
		0x6F, 0x00, 0x6E, 0x00, 0x74, 0x00, 0x2D, 0x00, 0x37, 0x00, 0x3A, 0x00,
		0x20, 0x00, 0x32, 0x00, 0x30, 0x00, 0x31, 0x00, 0x32, 0x00, 0x50, 0x00,
		0x69, 0x00, 0x78, 0x00, 0x65, 0x00, 0x6C, 0x00, 0x20, 0x00, 0x46, 0x00,
		0x6F, 0x00, 0x6E, 0x00, 0x74, 0x00, 0x2D, 0x00, 0x37, 0x00, 0x56, 0x00,
		0x65, 0x00, 0x72, 0x00, 0x73, 0x00, 0x69, 0x00, 0x6F, 0x00, 0x6E, 0x00,
		0x20, 0x00, 0x32, 0x00, 0x2E, 0x00, 0x30, 0x00, 0x30, 0x00, 0x30, 0x00,
		0x50, 0x00, 0x69, 0x00, 0x78, 0x00, 0x65, 0x00, 0x6C, 0x00, 0x46, 0x00,
		0x6F, 0x00, 0x6E, 0x00, 0x74, 0x00, 0x2D, 0x00, 0x37, 0x00, 0x53, 0x00,
		0x74, 0x00, 0x79, 0x00, 0x6C, 0x00, 0x65, 0x00, 0x2D, 0x00, 0x37, 0x00,
		0x53, 0x00, 0x69, 0x00, 0x7A, 0x00, 0x65, 0x00, 0x6E, 0x00, 0x6B, 0x00,
		0x6F, 0x00, 0x20, 0x00, 0x41, 0x00, 0x6C, 0x00, 0x65, 0x00, 0x78, 0x00,
		0x61, 0x00, 0x6E, 0x00, 0x64, 0x00, 0x65, 0x00, 0x72, 0x00, 0x68, 0x00,
		0x74, 0x00, 0x74, 0x00, 0x70, 0x00, 0x3A, 0x00, 0x2F, 0x00, 0x2F, 0x00,
		0x77, 0x00, 0x77, 0x00, 0x77, 0x00, 0x2E, 0x00, 0x73, 0x00, 0x74, 0x00,
		0x79, 0x00, 0x6C, 0x00, 0x65, 0x00, 0x73, 0x00, 0x65, 0x00, 0x76, 0x00,
		0x65, 0x00, 0x6E, 0x00, 0x2E, 0x00, 0x63, 0x00, 0x6F, 0x00, 0x6D, 0x00,
		0x2F, 0x00, 0x46, 0x00, 0x72, 0x00, 0x65, 0x00, 0x65, 0x00, 0x77, 0x00,
		0x61, 0x00, 0x72, 0x00, 0x65, 0x00, 0x20, 0x00, 0x66, 0x00, 0x6F, 0x00,
		0x72, 0x00, 0x20, 0x00, 0x70, 0x00, 0x65, 0x00, 0x72, 0x00, 0x73, 0x00,
		0x6F, 0x00, 0x6E, 0x00, 0x61, 0x00, 0x6C, 0x00, 0x20, 0x00, 0x75, 0x00,
		0x73, 0x00, 0x65, 0x00, 0x20, 0x00, 0x6F, 0x00, 0x6E, 0x00, 0x6C, 0x00,
		0x79, 0x00, 0x2E, 0x00, 0x00, 0x02, 0x00, 0x00, 0x00, 0x00, 0x00, 0x00,
		0xFF, 0x51, 0x00, 0x32, 0x00, 0x00, 0x00, 0x00, 0x00, 0x00, 0x00, 0x00,
		0x00, 0x00, 0x00, 0x00, 0x00, 0x00, 0x00, 0x00, 0x00, 0x00, 0x00, 0x00,
		0x01, 0x4A, 0x00, 0x00, 0x01, 0x02, 0x00, 0x02, 0x00, 0x03, 0x00, 0x13,
		0x00, 0x28, 0x00, 0x14, 0x00, 0x15, 0x00, 0x16, 0x00, 0x17, 0x00, 0x18,
		0x00, 0x19, 0x00, 0x1A, 0x00, 0x1B, 0x00, 0x1C, 0x00, 0x1D, 0x00, 0x1E,
		0x00, 0x1F, 0x00, 0x20, 0x00, 0x21, 0x00, 0x22, 0x00, 0x23, 0x00, 0x24,
		0x00, 0x25, 0x00, 0x26, 0x00, 0x27, 0x00, 0x29, 0x00, 0x2A, 0x00, 0x2B,
		0x00, 0x2C, 0x00, 0x2D, 0x00, 0x2E, 0x00, 0x2F, 0x00, 0x30, 0x00, 0x31,
		0x00, 0x32, 0x00, 0x33, 0x00, 0x34, 0x00, 0x35, 0x00, 0x36, 0x00, 0x37,
		0x00, 0x38, 0x00, 0x39, 0x00, 0x3A, 0x00, 0x3B, 0x00, 0x3C, 0x00, 0x3D,
		0x00, 0x3E, 0x00, 0x3F, 0x00, 0x40, 0x00, 0x41, 0x00, 0x42, 0x00, 0x43,
		0x00, 0x44, 0x00, 0x45, 0x00, 0x46, 0x00, 0x47, 0x00, 0x48, 0x00, 0x49,
		0x00, 0x4A, 0x00, 0x4B, 0x00, 0x4C, 0x00, 0x4D, 0x00, 0x4E, 0x00, 0x4F,
		0x00, 0x50, 0x00, 0x51, 0x00, 0x52, 0x00, 0x53, 0x00, 0x54, 0x00, 0x55,
		0x00, 0x56, 0x00, 0x57, 0x00, 0x58, 0x00, 0x59, 0x00, 0x5A, 0x00, 0x5B,
		0x00, 0x5C, 0x00, 0x5D, 0x00, 0x5E, 0x00, 0x5F, 0x00, 0x60, 0x00, 0x61,
		0x01, 0x03, 0x00, 0xC4, 0x00, 0xA6, 0x00, 0xC5, 0x00, 0xAB, 0x00, 0x82,
		0x00, 0xC2, 0x00, 0xD8, 0x00, 0xC6, 0x00, 0xE4, 0x00, 0xBE, 0x00, 0xB0,
		0x00, 0xB6, 0x00, 0xB7, 0x00, 0xB4, 0x00, 0xB5, 0x00, 0x87, 0x00, 0xB2,
		0x00, 0xB3, 0x00, 0xD9, 0x00, 0x8C, 0x00, 0xE5, 0x00, 0xBF, 0x00, 0xB1,
		0x00, 0xBB, 0x00, 0xA3, 0x00, 0x84, 0x00, 0x85, 0x00, 0xBD, 0x00, 0x96,
		0x00, 0xE8, 0x00, 0x86, 0x00, 0x8E, 0x00, 0x8B, 0x00, 0x9D, 0x00, 0xA9,
		0x00, 0xA4, 0x00, 0xEF, 0x00, 0x8A, 0x01, 0x04, 0x00, 0x83, 0x00, 0x93,
		0x00, 0xF2, 0x00, 0xF3, 0x00, 0x8D, 0x00, 0x88, 0x01, 0x05, 0x00, 0xDE,
		0x00, 0xF1, 0x00, 0x9E, 0x00, 0xAA, 0x00, 0xF5, 0x00, 0xF4, 0x00, 0xF6,
		0x00, 0xA2, 0x00, 0xAD, 0x00, 0xC9, 0x00, 0xC7, 0x00, 0xAE, 0x00, 0x62,
		0x00, 0x63, 0x00, 0x90, 0x00, 0x64, 0x00, 0xCB, 0x00, 0x65, 0x00, 0xC8,
		0x00, 0xCA, 0x00, 0xCF, 0x00, 0xCC, 0x00, 0xCD, 0x00, 0xCE, 0x00, 0xE9,
		0x00, 0x66, 0x00, 0xD3, 0x00, 0xD0, 0x00, 0xD1, 0x00, 0xAF, 0x00, 0x67,
		0x00, 0xF0, 0x00, 0x91, 0x00, 0xD6, 0x00, 0xD4, 0x00, 0xD5, 0x00, 0x68,
		0x00, 0xEB, 0x00, 0xED, 0x00, 0x89, 0x00, 0x6A, 0x00, 0x69, 0x00, 0x6B,
		0x00, 0x6D, 0x00, 0x6C, 0x00, 0x6E, 0x00, 0xA0, 0x00, 0x6F, 0x00, 0x71,
		0x00, 0x70, 0x00, 0x72, 0x00, 0x73, 0x00, 0x75, 0x00, 0x74, 0x00, 0x76,
		0x00, 0x77, 0x00, 0xEA, 0x00, 0x78, 0x00, 0x7A, 0x00, 0x79, 0x00, 0x7B,
		0x00, 0x7D, 0x00, 0x7C, 0x00, 0xB8, 0x00, 0xA1, 0x00, 0x7F, 0x00, 0x7E,
		0x00, 0x80, 0x00, 0x81, 0x00, 0xEC, 0x00, 0xEE, 0x00, 0xBA, 0x00, 0x04,
		0x00, 0x05, 0x00, 0x06, 0x00, 0x07, 0x00, 0x08, 0x00, 0x09, 0x00, 0x0A,
		0x00, 0x0B, 0x00, 0x0C, 0x00, 0x0D, 0x00, 0x0E, 0x00, 0x0F, 0x00, 0x10,
		0x00, 0x11, 0x00, 0x12, 0x01, 0x06, 0x00, 0xE7, 0x00, 0xE6, 0x00, 0xDB,
		0x00, 0xDF, 0x00, 0xDD, 0x00, 0xDC, 0x00, 0xE1, 0x00, 0xE0, 0x00, 0xBC,
		0x00, 0xD7, 0x00, 0xE2, 0x00, 0xE3, 0x00, 0xC0, 0x00, 0xC1, 0x01, 0x07,
		0x01, 0x08, 0x01, 0x09, 0x01, 0x0A, 0x01, 0x0B, 0x01, 0x0C, 0x01, 0x0D,
		0x01, 0x0E, 0x01, 0x0F, 0x01, 0x10, 0x01, 0x11, 0x01, 0x12, 0x01, 0x13,
		0x01, 0x14, 0x01, 0x15, 0x01, 0x16, 0x01, 0x17, 0x01, 0x18, 0x01, 0x19,
		0x01, 0x1A, 0x01, 0x1B, 0x01, 0x1C, 0x01, 0x1D, 0x01, 0x1E, 0x01, 0x1F,
		0x01, 0x20, 0x01, 0x21, 0x01, 0x22, 0x01, 0x23, 0x01, 0x24, 0x01, 0x25,
		0x01, 0x26, 0x01, 0x27, 0x01, 0x28, 0x01, 0x29, 0x01, 0x2A, 0x01, 0x2B,
		0x01, 0x2C, 0x01, 0x2D, 0x01, 0x2E, 0x01, 0x2F, 0x01, 0x30, 0x01, 0x31,
		0x01, 0x32, 0x01, 0x33, 0x01, 0x34, 0x01, 0x35, 0x01, 0x36, 0x01, 0x37,
		0x01, 0x38, 0x01, 0x39, 0x01, 0x3A, 0x01, 0x3B, 0x01, 0x3C, 0x01, 0x3D,
		0x01, 0x3E, 0x01, 0x3F, 0x01, 0x40, 0x01, 0x41, 0x01, 0x42, 0x01, 0x43,
		0x01, 0x44, 0x01, 0x45, 0x01, 0x46, 0x01, 0x47, 0x01, 0x48, 0x01, 0x49,
		0x01, 0x4A, 0x01, 0x4B, 0x01, 0x4C, 0x01, 0x4D, 0x01, 0x4E, 0x01, 0x4F,
		0x01, 0x50, 0x01, 0x51, 0x01, 0x52, 0x01, 0x53, 0x01, 0x54, 0x01, 0x55,
		0x01, 0x56, 0x01, 0x57, 0x01, 0x58, 0x01, 0x59, 0x01, 0x5A, 0x01, 0x5B,
		0x01, 0x5C, 0x01, 0x5D, 0x01, 0x5E, 0x01, 0x5F, 0x01, 0x60, 0x01, 0x61,
		0x01, 0x62, 0x01, 0x63, 0x01, 0x64, 0x01, 0x65, 0x01, 0x66, 0x00, 0x00,
		0x00, 0x97, 0x05, 0x2E, 0x6E, 0x75, 0x6C, 0x6C, 0x04, 0x45, 0x75, 0x72,
		0x6F, 0x06, 0x6D, 0x61, 0x63, 0x72, 0x6F, 0x6E, 0x0E, 0x70, 0x65, 0x72,
		0x69, 0x6F, 0x64, 0x63, 0x65, 0x6E, 0x74, 0x65, 0x72, 0x65, 0x64, 0x07,
		0x75, 0x6E, 0x69, 0x30, 0x30, 0x41, 0x30, 0x09, 0x61, 0x66, 0x69, 0x69,
		0x31, 0x30, 0x30, 0x31, 0x37, 0x09, 0x61, 0x66, 0x69, 0x69, 0x31, 0x30,
		0x30, 0x31, 0x38, 0x09, 0x61, 0x66, 0x69, 0x69, 0x31, 0x30, 0x30, 0x31,
		0x39, 0x09, 0x61, 0x66, 0x69, 0x69, 0x31, 0x30, 0x30, 0x32, 0x30, 0x09,
		0x61, 0x66, 0x69, 0x69, 0x31, 0x30, 0x30, 0x32, 0x31, 0x09, 0x61, 0x66,
		0x69, 0x69, 0x31, 0x30, 0x30, 0x32, 0x32, 0x09, 0x61, 0x66, 0x69, 0x69,
		0x31, 0x30, 0x30, 0x32, 0x34, 0x09, 0x61, 0x66, 0x69, 0x69, 0x31, 0x30,
		0x30, 0x32, 0x35, 0x09, 0x61, 0x66, 0x69, 0x69, 0x31, 0x30, 0x30, 0x32,
		0x36, 0x09, 0x61, 0x66, 0x69, 0x69, 0x31, 0x30, 0x30, 0x32, 0x37, 0x09,
		0x61, 0x66, 0x69, 0x69, 0x31, 0x30, 0x30, 0x32, 0x38, 0x09, 0x61, 0x66,
		0x69, 0x69, 0x31, 0x30, 0x30, 0x32, 0x39, 0x09, 0x61, 0x66, 0x69, 0x69,
		0x31, 0x30, 0x30, 0x33, 0x30, 0x09, 0x61, 0x66, 0x69, 0x69, 0x31, 0x30,
		0x30, 0x33, 0x31, 0x09, 0x61, 0x66, 0x69, 0x69, 0x31, 0x30, 0x30, 0x33,
		0x32, 0x09, 0x61, 0x66, 0x69, 0x69, 0x31, 0x30, 0x30, 0x33, 0x33, 0x09,
		0x61, 0x66, 0x69, 0x69, 0x31, 0x30, 0x30, 0x33, 0x34, 0x09, 0x61, 0x66,
		0x69, 0x69, 0x31, 0x30, 0x30, 0x33, 0x35, 0x09, 0x61, 0x66, 0x69, 0x69,
		0x31, 0x30, 0x30, 0x33, 0x36, 0x09, 0x61, 0x66, 0x69, 0x69, 0x31, 0x30,
		0x30, 0x33, 0x37, 0x09, 0x61, 0x66, 0x69, 0x69, 0x31, 0x30, 0x30, 0x33,
		0x38, 0x09, 0x61, 0x66, 0x69, 0x69, 0x31, 0x30, 0x30, 0x33, 0x39, 0x09,
		0x61, 0x66, 0x69, 0x69, 0x31, 0x30, 0x30, 0x34, 0x30, 0x09, 0x61, 0x66,
		0x69, 0x69, 0x31, 0x30, 0x30, 0x34, 0x31, 0x09, 0x61, 0x66, 0x69, 0x69,
		0x31, 0x30, 0x30, 0x34, 0x32, 0x09, 0x61, 0x66, 0x69, 0x69, 0x31, 0x30,
		0x30, 0x34, 0x33, 0x09, 0x61, 0x66, 0x69, 0x69, 0x31, 0x30, 0x30, 0x34,
		0x34, 0x09, 0x61, 0x66, 0x69, 0x69, 0x31, 0x30, 0x30, 0x34, 0x35, 0x09,
		0x61, 0x66, 0x69, 0x69, 0x31, 0x30, 0x30, 0x34, 0x36, 0x09, 0x61, 0x66,
		0x69, 0x69, 0x31, 0x30, 0x30, 0x34, 0x37, 0x09, 0x61, 0x66, 0x69, 0x69,
		0x31, 0x30, 0x30, 0x34, 0x38, 0x09, 0x61, 0x66, 0x69, 0x69, 0x31, 0x30,
		0x30, 0x34, 0x39, 0x09, 0x61, 0x66, 0x69, 0x69, 0x31, 0x30, 0x30, 0x36,
		0x35, 0x09, 0x61, 0x66, 0x69, 0x69, 0x31, 0x30, 0x30, 0x36, 0x36, 0x09,
		0x61, 0x66, 0x69, 0x69, 0x31, 0x30, 0x30, 0x36, 0x37, 0x09, 0x61, 0x66,
		0x69, 0x69, 0x31, 0x30, 0x30, 0x36, 0x38, 0x09, 0x61, 0x66, 0x69, 0x69,
		0x31, 0x30, 0x30, 0x36, 0x39, 0x09, 0x61, 0x66, 0x69, 0x69, 0x31, 0x30,
		0x30, 0x37, 0x30, 0x09, 0x61, 0x66, 0x69, 0x69, 0x31, 0x30, 0x30, 0x37,
		0x32, 0x09, 0x61, 0x66, 0x69, 0x69, 0x31, 0x30, 0x30, 0x37, 0x33, 0x09,
		0x61, 0x66, 0x69, 0x69, 0x31, 0x30, 0x30, 0x37, 0x34, 0x09, 0x61, 0x66,
		0x69, 0x69, 0x31, 0x30, 0x30, 0x37, 0x35, 0x09, 0x61, 0x66, 0x69, 0x69,
		0x31, 0x30, 0x30, 0x37, 0x36, 0x09, 0x61, 0x66, 0x69, 0x69, 0x31, 0x30,
		0x30, 0x37, 0x37, 0x09, 0x61, 0x66, 0x69, 0x69, 0x31, 0x30, 0x30, 0x37,
		0x38, 0x09, 0x61, 0x66, 0x69, 0x69, 0x31, 0x30, 0x30, 0x37, 0x39, 0x09,
		0x61, 0x66, 0x69, 0x69, 0x31, 0x30, 0x30, 0x38, 0x30, 0x09, 0x61, 0x66,
		0x69, 0x69, 0x31, 0x30, 0x30, 0x38, 0x31, 0x09, 0x61, 0x66, 0x69, 0x69,
		0x31, 0x30, 0x30, 0x38, 0x32, 0x09, 0x61, 0x66, 0x69, 0x69, 0x31, 0x30,
		0x30, 0x38, 0x33, 0x09, 0x61, 0x66, 0x69, 0x69, 0x31, 0x30, 0x30, 0x38,
		0x34, 0x09, 0x61, 0x66, 0x69, 0x69, 0x31, 0x30, 0x30, 0x38, 0x35, 0x09,
		0x61, 0x66, 0x69, 0x69, 0x31, 0x30, 0x30, 0x38, 0x36, 0x09, 0x61, 0x66,
		0x69, 0x69, 0x31, 0x30, 0x30, 0x38, 0x37, 0x09, 0x61, 0x66, 0x69, 0x69,
		0x31, 0x30, 0x30, 0x38, 0x38, 0x09, 0x61, 0x66, 0x69, 0x69, 0x31, 0x30,
		0x30, 0x38, 0x39, 0x09, 0x61, 0x66, 0x69, 0x69, 0x31, 0x30, 0x30, 0x39,
		0x30, 0x09, 0x61, 0x66, 0x69, 0x69, 0x31, 0x30, 0x30, 0x39, 0x31, 0x09,
		0x61, 0x66, 0x69, 0x69, 0x31, 0x30, 0x30, 0x39, 0x32, 0x09, 0x61, 0x66,
		0x69, 0x69, 0x31, 0x30, 0x30, 0x39, 0x33, 0x09, 0x61, 0x66, 0x69, 0x69,
		0x31, 0x30, 0x30, 0x39, 0x34, 0x09, 0x61, 0x66, 0x69, 0x69, 0x31, 0x30,
		0x30, 0x39, 0x35, 0x09, 0x61, 0x66, 0x69, 0x69, 0x31, 0x30, 0x30, 0x39,
		0x36, 0x09, 0x61, 0x66, 0x69, 0x69, 0x31, 0x30, 0x30, 0x39, 0x37, 0x09,
		0x61, 0x66, 0x69, 0x69, 0x31, 0x30, 0x30, 0x37, 0x31, 0x09, 0x61, 0x66,
		0x69, 0x69, 0x31, 0x30, 0x30, 0x32, 0x33, 0x09, 0x61, 0x66, 0x69, 0x69,
		0x31, 0x30, 0x30, 0x35, 0x32, 0x09, 0x61, 0x66, 0x69, 0x69, 0x31, 0x30,
		0x31, 0x30, 0x30, 0x09, 0x61, 0x66, 0x69, 0x69, 0x31, 0x30, 0x30, 0x35,
		0x30, 0x09, 0x61, 0x66, 0x69, 0x69, 0x31, 0x30, 0x30, 0x39, 0x38, 0x09,
		0x61, 0x66, 0x69, 0x69, 0x36, 0x31, 0x33, 0x35, 0x32, 0x09, 0x61, 0x66,
		0x69, 0x69, 0x31, 0x30, 0x31, 0x30, 0x31, 0x09, 0x61, 0x66, 0x69, 0x69,
		0x31, 0x30, 0x30, 0x35, 0x33, 0x09, 0x61, 0x66, 0x69, 0x69, 0x31, 0x30,
		0x30, 0x35, 0x35, 0x09, 0x61, 0x66, 0x69, 0x69, 0x31, 0x30, 0x31, 0x30,
		0x33, 0x09, 0x61, 0x66, 0x69, 0x69, 0x31, 0x30, 0x30, 0x35, 0x34, 0x09,
		0x61, 0x66, 0x69, 0x69, 0x31, 0x30, 0x31, 0x30, 0x32, 0x09, 0x61, 0x66,
		0x69, 0x69, 0x31, 0x30, 0x31, 0x30, 0x34, 0x09, 0x61, 0x66, 0x69, 0x69,
		0x31, 0x30, 0x30, 0x35, 0x36, 0x09, 0x61, 0x66, 0x69, 0x69, 0x31, 0x30,
		0x30, 0x35, 0x37, 0x09, 0x61, 0x66, 0x69, 0x69, 0x31, 0x30, 0x31, 0x30,
		0x35, 0x09, 0x61, 0x66, 0x69, 0x69, 0x31, 0x30, 0x31, 0x30, 0x36, 0x09,
		0x61, 0x66, 0x69, 0x69, 0x31, 0x30, 0x31, 0x30, 0x37, 0x09, 0x61, 0x66,
		0x69, 0x69, 0x31, 0x30, 0x30, 0x35, 0x38, 0x09, 0x61, 0x66, 0x69, 0x69,
		0x31, 0x30, 0x30, 0x35, 0x39, 0x09, 0x61, 0x66, 0x69, 0x69, 0x31, 0x30,
		0x30, 0x36, 0x31, 0x09, 0x61, 0x66, 0x69, 0x69, 0x31, 0x30, 0x31, 0x30,
		0x39, 0x09, 0x61, 0x66, 0x69, 0x69, 0x31, 0x30, 0x31, 0x30, 0x38, 0x09,
		0x61, 0x66, 0x69, 0x69, 0x31, 0x30, 0x30, 0x36, 0x30, 0x09, 0x61, 0x66,
		0x69, 0x69, 0x31, 0x30, 0x31, 0x34, 0x35, 0x09, 0x61, 0x66, 0x69, 0x69,
		0x31, 0x30, 0x31, 0x39, 0x33, 0x09, 0x61, 0x66, 0x69, 0x69, 0x31, 0x30,
		0x30, 0x35, 0x31, 0x09, 0x61, 0x66, 0x69, 0x69, 0x31, 0x30, 0x30, 0x39,
		0x39, 0x09, 0x61, 0x66, 0x69, 0x69, 0x31, 0x30, 0x31, 0x31, 0x30, 0x09,
		0x61, 0x66, 0x69, 0x69, 0x31, 0x30, 0x30, 0x36, 0x32, 0x07, 0x75, 0x6E,
		0x69, 0x30, 0x30, 0x41, 0x44, 0x00, 0x00, 0x00, 0x00, 0x00, 0x00, 0x03,
		0x00, 0x08, 0x00, 0x02, 0x00, 0x10, 0x00, 0x01, 0xFF, 0xFF, 0x00, 0x03
	};

} // namespace resources::fonts::font7