#pragma once

namespace resources::particles::effects {

	inline unsigned char killstars[ 5165 ]
	{
		0x2D, 0x14, 0x00, 0x00, 0x0C, 0x00, 0x01, 0x00, 0x08, 0x00, 0x00, 0x00,
		0x03, 0x00, 0x00, 0x00, 0x52, 0x45, 0x52, 0x4C, 0x20, 0x00, 0x00, 0x00,
		0x75, 0x00, 0x00, 0x00, 0x52, 0x45, 0x44, 0x32, 0x90, 0x00, 0x00, 0x00,
		0xD7, 0x04, 0x00, 0x00, 0x44, 0x41, 0x54, 0x41, 0x64, 0x05, 0x00, 0x00,
		0x9D, 0x0E, 0x00, 0x00, 0x0C, 0x00, 0x00, 0x00, 0x02, 0x00, 0x00, 0x00,
		0x00, 0x00, 0x00, 0x00, 0x59, 0xDA, 0xB4, 0x0A, 0x8B, 0xE1, 0xE2, 0x46,
		0x18, 0x00, 0x00, 0x00, 0x00, 0x00, 0x00, 0x00, 0xF9, 0xED, 0x0B, 0xDB,
		0x69, 0xDE, 0x2B, 0x37, 0x2B, 0x00, 0x00, 0x00, 0x00, 0x00, 0x00, 0x00,
		0x6D, 0x61, 0x74, 0x65, 0x72, 0x69, 0x61, 0x6C, 0x73, 0x2F, 0x65, 0x66,
		0x66, 0x65, 0x63, 0x74, 0x73, 0x2F, 0x79, 0x65, 0x6C, 0x6C, 0x6F, 0x77,
		0x66, 0x6C, 0x61, 0x72, 0x65, 0x2E, 0x76, 0x74, 0x65, 0x78, 0x00, 0x6D,
		0x61, 0x74, 0x65, 0x72, 0x69, 0x61, 0x6C, 0x73, 0x2F, 0x70, 0x61, 0x72,
		0x74, 0x69, 0x63, 0x6C, 0x65, 0x2F, 0x62, 0x65, 0x61, 0x6D, 0x5F, 0x68,
		0x6F, 0x74, 0x77, 0x68, 0x69, 0x74, 0x65, 0x2E, 0x76, 0x74, 0x65, 0x78,
		0x00, 0x00, 0x00, 0x00, 0x00, 0x00, 0x00, 0x00, 0x05, 0x33, 0x56, 0x4B,
		0x7C, 0x16, 0x12, 0x74, 0xE9, 0x06, 0x98, 0x46, 0xAF, 0xF2, 0xE6, 0x3E,
		0xB5, 0x90, 0x37, 0xE7, 0x01, 0x00, 0x00, 0x00, 0x00, 0x00, 0x00, 0x40,
		0x60, 0x04, 0x00, 0x00, 0x01, 0x00, 0x00, 0x00, 0x00, 0x00, 0x00, 0x00,
		0x3C, 0x00, 0x00, 0x00, 0x09, 0x00, 0x07, 0x00, 0xFC, 0x05, 0x00, 0x00,
		0x5F, 0x04, 0x00, 0x00, 0x00, 0x00, 0x00, 0x00, 0x00, 0x00, 0x00, 0x00,
		0x00, 0x00, 0x00, 0x00, 0x00, 0x00, 0x00, 0x00, 0x64, 0x04, 0x00, 0x00,
		0x27, 0x03, 0x00, 0x00, 0x98, 0x01, 0x00, 0x00, 0x38, 0x01, 0x00, 0x00,
		0x03, 0x00, 0x00, 0x00, 0x00, 0x00, 0x00, 0x00, 0x4A, 0x00, 0x00, 0x00,
		0x01, 0x00, 0x00, 0x00, 0x39, 0x00, 0x00, 0x00, 0x09, 0x00, 0x00, 0x00,
		0x07, 0x00, 0x00, 0x00, 0x08, 0x00, 0x00, 0x00, 0xF0, 0x45, 0x6D, 0x5F,
		0x49, 0x6E, 0x70, 0x75, 0x74, 0x44, 0x65, 0x70, 0x65, 0x6E, 0x64, 0x65,
		0x6E, 0x63, 0x69, 0x65, 0x73, 0x00, 0x6D, 0x5F, 0x52, 0x65, 0x6C, 0x61,
		0x74, 0x69, 0x76, 0x65, 0x46, 0x69, 0x6C, 0x65, 0x6E, 0x61, 0x6D, 0x65,
		0x00, 0x32, 0x2E, 0x76, 0x70, 0x63, 0x66, 0x00, 0x6D, 0x5F, 0x53, 0x65,
		0x61, 0x72, 0x63, 0x68, 0x50, 0x61, 0x74, 0x68, 0x00, 0x63, 0x73, 0x67,
		0x6F, 0x5F, 0x61, 0x64, 0x64, 0x6F, 0x6E, 0x73, 0x2F, 0x6B, 0x69, 0x74,
		0x74, 0x79, 0x5F, 0x63, 0x61, 0x74, 0x00, 0x6D, 0x5F, 0x6E, 0x36, 0x00,
		0xF0, 0x00, 0x43, 0x52, 0x43, 0x00, 0x6D, 0x5F, 0x62, 0x4F, 0x70, 0x74,
		0x69, 0x6F, 0x6E, 0x61, 0x6C, 0x0C, 0x00, 0x00, 0x17, 0x00, 0x60, 0x45,
		0x78, 0x69, 0x73, 0x74, 0x73, 0x0E, 0x00, 0x51, 0x49, 0x73, 0x47, 0x61,
		0x6D, 0x61, 0x00, 0x72, 0x00, 0x6D, 0x5F, 0x41, 0x64, 0x64, 0x69, 0x29,
		0x00, 0x0F, 0x8E, 0x00, 0x01, 0x7C, 0x41, 0x72, 0x67, 0x75, 0x6D, 0x65,
		0x6E, 0x17, 0x00, 0xA0, 0x50, 0x61, 0x72, 0x61, 0x6D, 0x65, 0x74, 0x65,
		0x72, 0x4E, 0xA2, 0x00, 0xB2, 0x5F, 0x5F, 0x5F, 0x4F, 0x76, 0x65, 0x72,
		0x72, 0x69, 0x64, 0x65, 0x44, 0x00, 0x68, 0x61, 0x74, 0x61, 0x5F, 0x5F,
		0x5F, 0x28, 0x00, 0xF2, 0x03, 0x54, 0x79, 0x70, 0x65, 0x00, 0x42, 0x69,
		0x6E, 0x61, 0x72, 0x79, 0x42, 0x6C, 0x6F, 0x62, 0x41, 0x72, 0x67, 0xAE,
		0x00, 0x9B, 0x6E, 0x67, 0x65, 0x72, 0x70, 0x72, 0x69, 0x6E, 0x74, 0x0F,
		0x00, 0x70, 0x44, 0x65, 0x66, 0x61, 0x75, 0x6C, 0x74, 0xF6, 0x00, 0x6B,
		0x70, 0x65, 0x63, 0x69, 0x61, 0x6C, 0x81, 0x00, 0xF4, 0x0F, 0x53, 0x74,
		0x72, 0x69, 0x6E, 0x67, 0x00, 0x4B, 0x56, 0x33, 0x20, 0x43, 0x6F, 0x6D,
		0x70, 0x69, 0x6C, 0x65, 0x72, 0x20, 0x56, 0x65, 0x72, 0x73, 0x69, 0x6F,
		0x6E, 0x00, 0x6D, 0x5F, 0x13, 0x00, 0xB3, 0x49, 0x64, 0x65, 0x6E, 0x74,
		0x69, 0x66, 0x69, 0x65, 0x72, 0x00, 0x13, 0x00, 0x61, 0x50, 0x61, 0x72,
		0x74, 0x69, 0x63, 0xF9, 0x00, 0x50, 0x6E, 0x55, 0x73, 0x65, 0x72, 0xAB,
		0x00, 0x14, 0x00, 0x15, 0x00, 0x0E, 0x4B, 0x00, 0x08, 0x1F, 0x01, 0x01,
		0x99, 0x01, 0x20, 0x65, 0x64, 0x37, 0x01, 0x10, 0x73, 0x64, 0x00, 0xF0,
		0x00, 0x68, 0x69, 0x6C, 0x64, 0x52, 0x65, 0x73, 0x6F, 0x75, 0x72, 0x63,
		0x65, 0x4C, 0x69, 0x73, 0xAC, 0x00, 0xB5, 0x57, 0x65, 0x61, 0x6B, 0x52,
		0x65, 0x66, 0x65, 0x72, 0x65, 0x6E, 0x14, 0x00, 0x02, 0xB6, 0x01, 0x45,
		0x61, 0x62, 0x6C, 0x65, 0x70, 0x00, 0x13, 0x70, 0x70, 0x00, 0x86, 0x5F,
		0x67, 0x72, 0x6F, 0x75, 0x70, 0x69, 0x64, 0x11, 0x00, 0x86, 0x6D, 0x61,
		0x78, 0x63, 0x6F, 0x75, 0x6E, 0x74, 0x12, 0x00, 0xF9, 0x01, 0x74, 0x69,
		0x6D, 0x65, 0x5F, 0x74, 0x6F, 0x5F, 0x73, 0x6C, 0x65, 0x65, 0x70, 0x00,
		0x49, 0x73, 0x77, 0x00, 0x00, 0x5F, 0x00, 0x75, 0x75, 0x62, 0x61, 0x73,
		0x73, 0x65, 0x74, 0x77, 0x00, 0x16, 0x73, 0x3C, 0x00, 0xF0, 0x12, 0x6F,
		0x70, 0x65, 0x72, 0x61, 0x74, 0x6F, 0x72, 0x00, 0x43, 0x5F, 0x4F, 0x50,
		0x5F, 0x49, 0x6E, 0x73, 0x74, 0x61, 0x6E, 0x74, 0x61, 0x6E, 0x65, 0x6F,
		0x75, 0x73, 0x45, 0x6D, 0x69, 0x74, 0x74, 0x65, 0x1A, 0x00, 0xF5, 0x0B,
		0x49, 0x4E, 0x49, 0x54, 0x5F, 0x52, 0x65, 0x6D, 0x61, 0x70, 0x54, 0x72,
		0x61, 0x6E, 0x73, 0x66, 0x6F, 0x72, 0x6D, 0x54, 0x6F, 0x56, 0x65, 0x63,
		0x74, 0x6F, 0x1E, 0x00, 0x31, 0x50, 0x6F, 0x73, 0x04, 0x01, 0x64, 0x4F,
		0x66, 0x66, 0x73, 0x65, 0x74, 0x16, 0x00, 0xF8, 0x05, 0x49, 0x6E, 0x69,
		0x74, 0x69, 0x61, 0x6C, 0x56, 0x65, 0x6C, 0x6F, 0x63, 0x69, 0x74, 0x79,
		0x4E, 0x6F, 0x69, 0x73, 0x65, 0x1C, 0x00, 0x45, 0x46, 0x6C, 0x6F, 0x61,
		0x2D, 0x00, 0xF5, 0x03, 0x43, 0x72, 0x65, 0x61, 0x74, 0x65, 0x57, 0x69,
		0x74, 0x68, 0x69, 0x6E, 0x53, 0x70, 0x68, 0x65, 0x72, 0x65, 0x6E, 0x00,
		0x02, 0x9E, 0x00, 0x01, 0x82, 0x00, 0x36, 0x43, 0x50, 0x74, 0x7B, 0x00,
		0x01, 0xB3, 0x00, 0x50, 0x74, 0x65, 0x72, 0x70, 0x6F, 0x78, 0x01, 0x62,
		0x52, 0x61, 0x64, 0x69, 0x75, 0x73, 0x17, 0x00, 0x50, 0x4F, 0x73, 0x63,
		0x69, 0x6C, 0x15, 0x00, 0x08, 0x2C, 0x00, 0x04, 0xA5, 0x00, 0x42, 0x4C,
		0x6F, 0x63, 0x6B, 0x12, 0x00, 0xA2, 0x44, 0x61, 0x6D, 0x70, 0x65, 0x6E,
		0x54, 0x6F, 0x43, 0x50, 0x10, 0x00, 0xF3, 0x00, 0x4C, 0x65, 0x72, 0x70,
		0x45, 0x6E, 0x64, 0x43, 0x61, 0x70, 0x53, 0x63, 0x61, 0x6C, 0x61, 0x38,
		0x00, 0x02, 0x12, 0x00, 0xA2, 0x54, 0x69, 0x6D, 0x65, 0x64, 0x44, 0x65,
		0x63, 0x61, 0x79, 0x16, 0x00, 0xD6, 0x46, 0x61, 0x64, 0x65, 0x4F, 0x75,
		0x74, 0x53, 0x69, 0x6D, 0x70, 0x6C, 0x65, 0x13, 0x00, 0x28, 0x49, 0x6E,
		0x12, 0x00, 0x90, 0x42, 0x61, 0x73, 0x69, 0x63, 0x4D, 0x6F, 0x76, 0x65,
		0x22, 0x03, 0x03, 0x74, 0x00, 0x06, 0x43, 0x00, 0xE3, 0x54, 0x77, 0x69,
		0x73, 0x74, 0x41, 0x72, 0x6F, 0x75, 0x6E, 0x64, 0x41, 0x78, 0x69, 0xBB,
		0x00, 0xF4, 0x04, 0x41, 0x74, 0x74, 0x72, 0x61, 0x63, 0x74, 0x54, 0x6F,
		0x43, 0x6F, 0x6E, 0x74, 0x72, 0x6F, 0x6C, 0x50, 0x6F, 0x69, 0x3B, 0x00,
		0x10, 0x52, 0xE0, 0x02, 0x78, 0x72, 0x54, 0x72, 0x61, 0x69, 0x6C, 0x73,
		0x12, 0x00, 0x58, 0x53, 0x70, 0x72, 0x69, 0x74, 0xD7, 0x01, 0xF6, 0x02,
		0x66, 0x65, 0x61, 0x74, 0x75, 0x72, 0x65, 0x00, 0x42, 0x6C, 0x6F, 0x6F,
		0x6D, 0x50, 0x61, 0x73, 0x73, 0x07, 0x02, 0x00, 0x38, 0x03, 0x10, 0x69,
		0x98, 0x01, 0x80, 0x6F, 0x6E, 0x73, 0x00, 0x3A, 0x00, 0x00, 0x00, 0x9B,
		0x0A, 0x00, 0x00, 0x00, 0x06, 0x00, 0x00, 0x00, 0x04, 0x04, 0x00, 0x90,
		0x02, 0x00, 0x00, 0x00, 0x15, 0x00, 0x00, 0x00, 0x01, 0x04, 0x00, 0x10,
		0x01, 0x0E, 0x00, 0x02, 0x0C, 0x00, 0x00, 0x0A, 0x00, 0x13, 0x03, 0x24,
		0x00, 0x80, 0x05, 0x00, 0x00, 0x00, 0x84, 0x16, 0xF1, 0x1F, 0x40, 0x00,
		0xA2, 0x07, 0x00, 0x00, 0x00, 0x08, 0x00, 0x00, 0x00, 0x09, 0x00, 0x01,
		0x00, 0x00, 0x58, 0x00, 0xF3, 0x16, 0x0B, 0x00, 0x00, 0x00, 0x0C, 0x00,
		0x00, 0x00, 0x0D, 0x00, 0x00, 0x00, 0x0E, 0x00, 0x00, 0x00, 0x0F, 0x00,
		0x00, 0x00, 0x10, 0x00, 0x00, 0x00, 0x11, 0x00, 0x00, 0x00, 0x12, 0x00,
		0x00, 0x00, 0x13, 0x00, 0x00, 0x00, 0x14, 0x68, 0x00, 0x13, 0x0F, 0x5C,
		0x00, 0x13, 0x16, 0x1C, 0x00, 0x1F, 0x17, 0x1C, 0x00, 0x04, 0x13, 0x18,
		0x60, 0x00, 0x13, 0x19, 0x08, 0x00, 0x13, 0x1A, 0x08, 0x00, 0xF3, 0x22,
		0x1B, 0x00, 0x00, 0x00, 0x1C, 0x00, 0x00, 0x00, 0x1D, 0x00, 0x00, 0x00,
		0x30, 0x00, 0x00, 0x00, 0x1E, 0x00, 0x00, 0x00, 0x1F, 0x00, 0x00, 0x00,
		0x20, 0x00, 0x00, 0x00, 0x21, 0x00, 0x00, 0x00, 0x22, 0x00, 0x00, 0x00,
		0x23, 0x00, 0x00, 0x00, 0x24, 0x00, 0x00, 0x00, 0x25, 0x00, 0x00, 0x00,
		0x26, 0xC8, 0x00, 0xF3, 0x12, 0x27, 0x00, 0x00, 0x00, 0x28, 0x00, 0x00,
		0x00, 0x29, 0x00, 0x00, 0x00, 0x2A, 0x00, 0x00, 0x00, 0x2B, 0x00, 0x00,
		0x00, 0x2C, 0x00, 0x00, 0x00, 0x2D, 0x00, 0x00, 0x00, 0x2E, 0x00, 0x00,
		0x00, 0x2F, 0x50, 0x00, 0xF3, 0x06, 0x31, 0x00, 0x00, 0x00, 0x32, 0x00,
		0x00, 0x00, 0x33, 0x00, 0x00, 0x00, 0x34, 0x00, 0x00, 0x00, 0x35, 0x00,
		0x00, 0x00, 0x36, 0x98, 0x00, 0xA4, 0x37, 0x00, 0x00, 0x00, 0x38, 0x00,
		0x00, 0x00, 0x39, 0x00, 0x01, 0x00, 0xC0, 0x20, 0x40, 0x09, 0x18, 0x09,
		0x06, 0x06, 0x0C, 0x0E, 0x0D, 0x0E, 0x08, 0x09, 0x00, 0x21, 0x0F, 0x0F,
		0x0F, 0x00, 0x10, 0x0F, 0x04, 0x00, 0xFA, 0x01, 0x08, 0x08, 0x08, 0x09,
		0x0F, 0x0B, 0x05, 0x0F, 0x09, 0x09, 0x10, 0x10, 0x10, 0x10, 0x0B, 0x10,
		0x01, 0x00, 0x80, 0x0B, 0x09, 0x10, 0x01, 0x00, 0xDD, 0xEE, 0xFF, 0x00,
		0x00, 0x00, 0x00, 0x00, 0x00, 0x00, 0x00, 0x00, 0x05, 0x33, 0x56, 0x4B,
		0x9E, 0xA6, 0xE6, 0xA6, 0xD3, 0x52, 0x27, 0x45, 0x8B, 0x9C, 0xFF, 0x3B,
		0xB9, 0x1A, 0xCA, 0x3E, 0x01, 0x00, 0x00, 0x00, 0x00, 0x00, 0x00, 0x40,
		0x67, 0x0C, 0x00, 0x00, 0x13, 0x00, 0x00, 0x00, 0xA3, 0x01, 0x00, 0x00,
		0x77, 0x08, 0x00, 0x00, 0x7D, 0x00, 0x05, 0x01, 0x6B, 0x51, 0x00, 0x00,
		0x25, 0x0E, 0x00, 0x00, 0x00, 0x00, 0x00, 0x00, 0x00, 0x00, 0x00, 0x00,
		0x00, 0x00, 0x00, 0x00, 0x00, 0x00, 0x00, 0x00, 0xD0, 0x19, 0x00, 0x00,
		0x3C, 0x08, 0x00, 0x00, 0x9B, 0x37, 0x00, 0x00, 0xE9, 0x05, 0x00, 0x00,
		0xB4, 0x00, 0x00, 0x00, 0x00, 0x00, 0x00, 0x00, 0x14, 0x0A, 0x00, 0x00,
		0x85, 0x00, 0x00, 0x00, 0xC0, 0x07, 0x00, 0x00, 0x7D, 0x00, 0x00, 0x00,
		0x5B, 0x00, 0x00, 0x00, 0x71, 0x00, 0x00, 0x00, 0xF4, 0x40, 0x5F, 0x63,
		0x6C, 0x61, 0x73, 0x73, 0x00, 0x43, 0x50, 0x61, 0x72, 0x74, 0x69, 0x63,
		0x6C, 0x65, 0x53, 0x79, 0x73, 0x74, 0x65, 0x6D, 0x44, 0x65, 0x66, 0x69,
		0x6E, 0x69, 0x74, 0x69, 0x6F, 0x6E, 0x00, 0x6D, 0x5F, 0x62, 0x53, 0x68,
		0x6F, 0x75, 0x6C, 0x64, 0x48, 0x69, 0x74, 0x62, 0x6F, 0x78, 0x65, 0x73,
		0x46, 0x61, 0x6C, 0x6C, 0x62, 0x61, 0x63, 0x6B, 0x54, 0x6F, 0x52, 0x65,
		0x6E, 0x64, 0x65, 0x72, 0x42, 0x6F, 0x75, 0x6E, 0x64, 0x73, 0x00, 0x6D,
		0x5F, 0x6E, 0x4D, 0x61, 0x78, 0x47, 0x00, 0x01, 0x10, 0x00, 0xC2, 0x42,
		0x65, 0x68, 0x61, 0x76, 0x69, 0x6F, 0x72, 0x56, 0x65, 0x72, 0x73, 0x4B,
		0x00, 0xF0, 0x2E, 0x6E, 0x46, 0x69, 0x72, 0x73, 0x74, 0x4D, 0x75, 0x6C,
		0x74, 0x69, 0x70, 0x6C, 0x65, 0x4F, 0x76, 0x65, 0x72, 0x72, 0x69, 0x64,
		0x65, 0x5F, 0x42, 0x61, 0x63, 0x6B, 0x77, 0x61, 0x72, 0x64, 0x43, 0x6F,
		0x6D, 0x70, 0x61, 0x74, 0x00, 0x6D, 0x5F, 0x63, 0x6F, 0x6E, 0x74, 0x72,
		0x6F, 0x6C, 0x50, 0x6F, 0x69, 0x6E, 0x74, 0x43, 0x6F, 0x6E, 0x66, 0x69,
		0x67, 0x75, 0x72, 0x61, 0x8F, 0x00, 0x01, 0x58, 0x00, 0xF0, 0x05, 0x61,
		0x6D, 0x65, 0x00, 0x70, 0x72, 0x65, 0x76, 0x69, 0x65, 0x77, 0x00, 0x6D,
		0x5F, 0x64, 0x72, 0x69, 0x76, 0x65, 0x72, 0x19, 0x00, 0xF0, 0x1A, 0x69,
		0x41, 0x74, 0x74, 0x61, 0x63, 0x68, 0x54, 0x79, 0x70, 0x65, 0x00, 0x50,
		0x41, 0x54, 0x54, 0x41, 0x43, 0x48, 0x5F, 0x57, 0x4F, 0x52, 0x4C, 0x44,
		0x4F, 0x52, 0x49, 0x47, 0x49, 0x4E, 0x00, 0x6D, 0x5F, 0x65, 0x6E, 0x74,
		0x69, 0x74, 0x79, 0x4E, 0x41, 0x00, 0x40, 0x73, 0x65, 0x6C, 0x66, 0x34,
		0x00, 0x16, 0x43, 0x6B, 0x00, 0x00, 0x7A, 0x00, 0x80, 0x76, 0x65, 0x63,
		0x4F, 0x66, 0x66, 0x73, 0x65, 0x0C, 0x00, 0x50, 0x45, 0x6D, 0x69, 0x74,
		0x74, 0x5B, 0x00, 0xF3, 0x03, 0x43, 0x5F, 0x4F, 0x50, 0x5F, 0x49, 0x6E,
		0x73, 0x74, 0x61, 0x6E, 0x74, 0x61, 0x6E, 0x65, 0x6F, 0x75, 0x73, 0x1B,
		0x00, 0x00, 0x8E, 0x00, 0x05, 0xF3, 0x00, 0x20, 0x54, 0x6F, 0x16, 0x00,
		0x00, 0x13, 0x00, 0x02, 0x82, 0x00, 0xF2, 0x0F, 0x46, 0x5F, 0x54, 0x59,
		0x50, 0x45, 0x5F, 0x43, 0x4F, 0x4E, 0x54, 0x52, 0x4F, 0x4C, 0x5F, 0x50,
		0x4F, 0x49, 0x4E, 0x54, 0x5F, 0x43, 0x4F, 0x4D, 0x50, 0x4F, 0x4E, 0x45,
		0x4E, 0x54, 0x31, 0x01, 0x14, 0x70, 0x2B, 0x00, 0x32, 0x4D, 0x41, 0x50,
		0x2F, 0x00, 0x50, 0x44, 0x49, 0x52, 0x45, 0x43, 0x1E, 0x00, 0xF0, 0x02,
		0x66, 0x6C, 0x4C, 0x69, 0x74, 0x65, 0x72, 0x61, 0x6C, 0x56, 0x61, 0x6C,
		0x75, 0x65, 0x00, 0x6D, 0x5F, 0xB7, 0x00, 0x14, 0x64, 0x0D, 0x00, 0x1B,
		0x6E, 0xB8, 0x00, 0xF1, 0x00, 0x6E, 0x53, 0x63, 0x61, 0x6C, 0x61, 0x72,
		0x41, 0x74, 0x74, 0x72, 0x69, 0x62, 0x75, 0x74, 0x23, 0x00, 0x5F, 0x56,
		0x65, 0x63, 0x74, 0x6F, 0x13, 0x00, 0x01, 0x00, 0x68, 0x01, 0x31, 0x6F,
		0x6E, 0x65, 0x39, 0x00, 0x30, 0x62, 0x52, 0x65, 0x3F, 0x01, 0x61, 0x65,
		0x4F, 0x72, 0x64, 0x65, 0x72, 0x77, 0x00, 0x98, 0x52, 0x61, 0x6E, 0x64,
		0x6F, 0x6D, 0x4D, 0x69, 0x6E, 0x0E, 0x00, 0x20, 0x61, 0x78, 0x2C, 0x00,
		0x32, 0x48, 0x61, 0x73, 0x10, 0x00, 0x80, 0x53, 0x69, 0x67, 0x6E, 0x46,
		0x6C, 0x69, 0x70, 0x54, 0x00, 0x03, 0x12, 0x00, 0x36, 0x65, 0x65, 0x64,
		0x0E, 0x00, 0x31, 0x4D, 0x6F, 0x64, 0xD7, 0x00, 0xA1, 0x52, 0x41, 0x4E,
		0x44, 0x4F, 0x4D, 0x5F, 0x4D, 0x4F, 0x44, 0x09, 0x01, 0x31, 0x53, 0x54,
		0x41, 0xFA, 0x00, 0xE1, 0x73, 0x74, 0x72, 0x53, 0x6E, 0x61, 0x70, 0x73,
		0x68, 0x6F, 0x74, 0x53, 0x75, 0x62, 0x6E, 0x01, 0x00, 0xF0, 0x00, 0x34,
		0x4F, 0x44, 0x30, 0x09, 0x00, 0x14, 0x31, 0x09, 0x00, 0x14, 0x32, 0x09,
		0x00, 0x10, 0x33, 0x5E, 0x00, 0xAE, 0x4E, 0x6F, 0x69, 0x73, 0x65, 0x49,
		0x6E, 0x70, 0x75, 0x74, 0xDD, 0x00, 0x21, 0x66, 0x6C, 0x1E, 0x00, 0x64,
		0x4F, 0x75, 0x74, 0x70, 0x75, 0x74, 0xBF, 0x00, 0x08, 0x13, 0x00, 0x26,
		0x61, 0x78, 0x13, 0x00, 0x00, 0x2F, 0x01, 0x12, 0x65, 0xF0, 0x01, 0x02,
		0x23, 0x00, 0x01, 0xF5, 0x01, 0x29, 0x52, 0x61, 0x4A, 0x00, 0x04, 0x09,
		0x02, 0x12, 0x6E, 0x0F, 0x00, 0x65, 0x63, 0x74, 0x61, 0x76, 0x65, 0x73,
		0x10, 0x00, 0x91, 0x54, 0x75, 0x72, 0x62, 0x75, 0x6C, 0x65, 0x6E, 0x63,
		0xEA, 0x00, 0xF6, 0x00, 0x4E, 0x4F, 0x49, 0x53, 0x45, 0x5F, 0x54, 0x55,
		0x52, 0x42, 0x5F, 0x4E, 0x4F, 0x4E, 0x45, 0x26, 0x00, 0x28, 0x79, 0x70,
		0x20, 0x00, 0x00, 0xE3, 0x01, 0x65, 0x50, 0x45, 0x52, 0x4C, 0x49, 0x4E,
		0x22, 0x00, 0x85, 0x4D, 0x6F, 0x64, 0x69, 0x66, 0x69, 0x65, 0x72, 0x26,
		0x00, 0x00, 0x2F, 0x01, 0x54, 0x49, 0x46, 0x49, 0x45, 0x52, 0x4A, 0x00,
		0x2B, 0x66, 0x6C, 0x71, 0x00, 0x04, 0xBE, 0x00, 0x0D, 0x19, 0x00, 0x27,
		0x4D, 0x69, 0xE4, 0x00, 0x42, 0x49, 0x6D, 0x67, 0x50, 0x27, 0x03, 0x04,
		0x30, 0x00, 0x1B, 0x62, 0x18, 0x00, 0x34, 0x4C, 0x69, 0x76, 0x47, 0x00,
		0x64, 0x43, 0x61, 0x6D, 0x65, 0x72, 0x61, 0xDD, 0x03, 0x00, 0x2C, 0x00,
		0x32, 0x55, 0x73, 0x65, 0xDC, 0x03, 0x33, 0x43, 0x65, 0x6E, 0xEC, 0x02,
		0x01, 0x7A, 0x01, 0x04, 0xDC, 0x01, 0x53, 0x49, 0x4E, 0x50, 0x55, 0x54,
		0xDB, 0x01, 0x61, 0x4C, 0x41, 0x4D, 0x50, 0x45, 0x44, 0x4B, 0x00, 0x00,
		0xDE, 0x03, 0x20, 0x46, 0x61, 0x9D, 0x01, 0x01, 0x0F, 0x00, 0x01, 0x33,
		0x00, 0x16, 0x30, 0x0B, 0x00, 0x02, 0xD9, 0x01, 0x02, 0x92, 0x01, 0x17,
		0x30, 0x0C, 0x00, 0x13, 0x31, 0x88, 0x00, 0xA6, 0x74, 0x63, 0x68, 0x65,
		0x64, 0x52, 0x61, 0x6E, 0x67, 0x65, 0xC3, 0x01, 0x07, 0x14, 0x00, 0x28,
		0x61, 0x78, 0x14, 0x00, 0x02, 0x3B, 0x00, 0x7E, 0x4F, 0x75, 0x74, 0x73,
		0x69, 0x64, 0x65, 0x19, 0x00, 0x23, 0x49, 0x6E, 0x18, 0x00, 0x20, 0x6E,
		0x52, 0xC9, 0x00, 0x04, 0x8B, 0x01, 0x52, 0x52, 0x4F, 0x55, 0x4E, 0x44,
		0x8B, 0x01, 0x71, 0x4E, 0x45, 0x41, 0x52, 0x45, 0x53, 0x54, 0xAE, 0x04,
		0x34, 0x69, 0x61, 0x73, 0x22, 0x00, 0x42, 0x42, 0x49, 0x41, 0x53, 0x21,
		0x00, 0x00, 0xB2, 0x02, 0x32, 0x44, 0x41, 0x52, 0xDB, 0x00, 0x00, 0x23,
		0x00, 0x62, 0x50, 0x61, 0x72, 0x61, 0x6D, 0x65, 0x10, 0x01, 0x31, 0x43,
		0x75, 0x72, 0x40, 0x01, 0x50, 0x73, 0x70, 0x6C, 0x69, 0x6E, 0x09, 0x00,
		0x10, 0x74, 0xA4, 0x00, 0x30, 0x6E, 0x74, 0x73, 0x59, 0x02, 0x98, 0x44,
		0x6F, 0x6D, 0x61, 0x69, 0x6E, 0x4D, 0x69, 0x6E, 0x0E, 0x00, 0x20, 0x61,
		0x78, 0x0E, 0x00, 0x10, 0x49, 0x5C, 0x05, 0x42, 0x61, 0x6C, 0x69, 0x7A,
		0x5D, 0x04, 0x41, 0x49, 0x4E, 0x49, 0x54, 0x14, 0x00, 0x31, 0x46, 0x6C,
		0x6F, 0xFF, 0x04, 0x02, 0xE1, 0x02, 0x04, 0xEA, 0x03, 0x02, 0xCC, 0x00,
		0x54, 0x46, 0x69, 0x65, 0x6C, 0x64, 0x2D, 0x00, 0xF0, 0x0C, 0x43, 0x72,
		0x65, 0x61, 0x74, 0x65, 0x57, 0x69, 0x74, 0x68, 0x69, 0x6E, 0x53, 0x70,
		0x68, 0x65, 0x72, 0x65, 0x54, 0x72, 0x61, 0x6E, 0x73, 0x66, 0x6F, 0x72,
		0x6D, 0xA9, 0x00, 0x60, 0x52, 0x61, 0x64, 0x69, 0x75, 0x73, 0x2C, 0x01,
		0x04, 0x85, 0x04, 0x70, 0x4C, 0x49, 0x54, 0x45, 0x52, 0x41, 0x4C, 0x1D,
		0x00, 0x53, 0x53, 0x70, 0x65, 0x65, 0x64, 0x5C, 0x01, 0x02, 0x0C, 0x00,
		0x01, 0x54, 0x01, 0xE3, 0x4C, 0x6F, 0x63, 0x61, 0x6C, 0x43, 0x6F, 0x6F,
		0x72, 0x64, 0x69, 0x6E, 0x61, 0x74, 0x08, 0x06, 0x05, 0x20, 0x00, 0x4C,
		0x50, 0x56, 0x45, 0x43, 0x4A, 0x00, 0x19, 0x76, 0xA0, 0x04, 0x04, 0x6A,
		0x00, 0x03, 0xF2, 0x03, 0x77, 0x55, 0x4E, 0x49, 0x46, 0x4F, 0x52, 0x4D,
		0xDE, 0x00, 0x00, 0xF2, 0x00, 0x50, 0x56, 0x65, 0x6C, 0x6F, 0x63, 0x82,
		0x05, 0x00, 0x87, 0x02, 0x03, 0x6E, 0x05, 0x07, 0x9C, 0x03, 0x03, 0x51,
		0x00, 0x31, 0x43, 0x6F, 0x6C, 0x3D, 0x02, 0x1B, 0x76, 0xE4, 0x03, 0x05,
		0xB4, 0x03, 0x21, 0x43, 0x50, 0x74, 0x00, 0x07, 0x10, 0x00, 0xB4, 0x52,
		0x65, 0x6C, 0x61, 0x74, 0x69, 0x76, 0x65, 0x50, 0x6F, 0x73, 0xB7, 0x06,
		0x07, 0x16, 0x00, 0x20, 0x44, 0x69, 0x4F, 0x00, 0x01, 0x5E, 0x01, 0x05,
		0xFB, 0x04, 0x1D, 0x58, 0x12, 0x00, 0x1D, 0x59, 0x12, 0x00, 0x14, 0x5A,
		0x12, 0x00, 0x10, 0x49, 0x01, 0x03, 0x13, 0x70, 0xC5, 0x02, 0x00, 0x0B,
		0x00, 0x09, 0xD6, 0x02, 0x05, 0x11, 0x00, 0x10, 0x31, 0x77, 0x00, 0x02,
		0x10, 0x00, 0x06, 0xE1, 0x02, 0x09, 0x11, 0x00, 0x00, 0x22, 0x00, 0x52,
		0x47, 0x72, 0x61, 0x64, 0x69, 0x7D, 0x05, 0x59, 0x53, 0x74, 0x6F, 0x70,
		0x73, 0x08, 0x01, 0x2B, 0x69, 0x6E, 0xA4, 0x04, 0x65, 0x4C, 0x6F, 0x63,
		0x00, 0x6D, 0x5F, 0xDF, 0x01, 0x01, 0x68, 0x00, 0x32, 0x00, 0x50, 0x54,
		0x6D, 0x01, 0x74, 0x49, 0x4E, 0x56, 0x41, 0x4C, 0x49, 0x44, 0x66, 0x01,
		0x04, 0xFE, 0x00, 0x05, 0xB9, 0x04, 0x02, 0x09, 0x00, 0x02, 0x55, 0x00,
		0x7A, 0x62, 0x46, 0x6F, 0x6C, 0x6C, 0x6F, 0x77, 0x46, 0x06, 0x5C, 0x44,
		0x65, 0x6C, 0x74, 0x61, 0x03, 0x07, 0x08, 0x01, 0x06, 0x18, 0x76, 0x00,
		0x06, 0x03, 0x4F, 0x00, 0x24, 0x61, 0x78, 0x71, 0x00, 0x55, 0x52, 0x65,
		0x6D, 0x61, 0x70, 0x9C, 0x00, 0x22, 0x54, 0x6F, 0xB1, 0x01, 0x02, 0xE9,
		0x07, 0x23, 0x65, 0x6C, 0x86, 0x03, 0x02, 0x04, 0x01, 0x05, 0xE5, 0x01,
		0x19, 0x76, 0xF2, 0x01, 0x00, 0x76, 0x02, 0x49, 0x53, 0x70, 0x61, 0x63,
		0xC1, 0x02, 0x74, 0x4F, 0x70, 0x65, 0x72, 0x61, 0x74, 0x6F, 0x7A, 0x07,
		0x52, 0x44, 0x65, 0x63, 0x61, 0x79, 0x0B, 0x00, 0xA2, 0x42, 0x61, 0x73,
		0x69, 0x63, 0x4D, 0x6F, 0x76, 0x65, 0x6D, 0x41, 0x01, 0x52, 0x66, 0x44,
		0x72, 0x61, 0x67, 0x1B, 0x00, 0xA3, 0x46, 0x61, 0x64, 0x65, 0x49, 0x6E,
		0x53, 0x69, 0x6D, 0x70, 0x1B, 0x05, 0x02, 0x11, 0x00, 0x45, 0x54, 0x69,
		0x6D, 0x65, 0x21, 0x00, 0x00, 0x0A, 0x06, 0x03, 0x22, 0x00, 0x01, 0x13,
		0x00, 0x60, 0x45, 0x6E, 0x64, 0x43, 0x61, 0x70, 0x23, 0x00, 0x12, 0x64,
		0x65, 0x00, 0x00, 0x38, 0x00, 0x01, 0x0A, 0x00, 0x01, 0x37, 0x00, 0x00,
		0x7D, 0x03, 0x12, 0x70, 0x24, 0x00, 0x40, 0x53, 0x74, 0x61, 0x74, 0x56,
		0x08, 0xD4, 0x52, 0x54, 0x49, 0x43, 0x4C, 0x45, 0x5F, 0x45, 0x4E, 0x44,
		0x43, 0x41, 0x50, 0x07, 0x00, 0x22, 0x4F, 0x4E, 0x4F, 0x00, 0x34, 0x4C,
		0x65, 0x72, 0x2F, 0x00, 0x01, 0x8E, 0x07, 0x07, 0xDF, 0x04, 0x01, 0xC6,
		0x06, 0x00, 0x20, 0x00, 0x06, 0x90, 0x00, 0xA4, 0x44, 0x61, 0x6D, 0x70,
		0x65, 0x6E, 0x54, 0x6F, 0x43, 0x50, 0x69, 0x07, 0x12, 0x67, 0xB9, 0x00,
		0x02, 0xD8, 0x02, 0x01, 0x24, 0x00, 0x04, 0xD2, 0x01, 0x42, 0x4C, 0x6F,
		0x63, 0x6B, 0x12, 0x00, 0x95, 0x4F, 0x73, 0x63, 0x69, 0x6C, 0x6C, 0x61,
		0x74, 0x65, 0x6C, 0x01, 0x00, 0xB5, 0x06, 0x02, 0xAD, 0x01, 0x01, 0x0A,
		0x00, 0x01, 0x58, 0x01, 0x92, 0x46, 0x72, 0x65, 0x71, 0x75, 0x65, 0x6E,
		0x63, 0x79, 0x19, 0x00, 0x06, 0x0F, 0x00, 0x02, 0xC8, 0x07, 0x60, 0x50,
		0x72, 0x6F, 0x70, 0x6F, 0x72, 0x59, 0x00, 0x24, 0x61, 0x6C, 0xDE, 0x08,
		0x00, 0xA5, 0x02, 0x10, 0x6F, 0x59, 0x00, 0x02, 0x3E, 0x04, 0x02, 0x8A,
		0x00, 0x43, 0x74, 0x61, 0x72, 0x74, 0x0B, 0x01, 0x57, 0x66, 0x6C, 0x45,
		0x6E, 0x64, 0x9B, 0x00, 0x01, 0xFC, 0x01, 0x37, 0x43, 0x50, 0x74, 0xF5,
		0x01, 0x21, 0x43, 0x50, 0x9F, 0x02, 0x00, 0x71, 0x00, 0x79, 0x6F, 0x72,
		0x63, 0x65, 0x47, 0x65, 0x6E, 0xC8, 0x01, 0x00, 0xC9, 0x03, 0x5B, 0x61,
		0x63, 0x74, 0x54, 0x6F, 0x71, 0x02, 0x11, 0x66, 0x2E, 0x00, 0x67, 0x41,
		0x6D, 0x6F, 0x75, 0x6E, 0x74, 0x37, 0x09, 0xC9, 0x4C, 0x4C, 0x45, 0x43,
		0x54, 0x49, 0x4F, 0x4E, 0x5F, 0x41, 0x47, 0x45, 0x23, 0x09, 0x41, 0x52,
		0x45, 0x4D, 0x41, 0x34, 0x01, 0x00, 0xAE, 0x06, 0x82, 0x6F, 0x66, 0x66,
		0x50, 0x6F, 0x77, 0x65, 0x72, 0x63, 0x00, 0x70, 0x54, 0x77, 0x69, 0x73,
		0x74, 0x41, 0x72, 0xEE, 0x05, 0x30, 0x41, 0x78, 0x69, 0xC5, 0x00, 0x02,
		0xA5, 0x0A, 0x05, 0xC6, 0x09, 0x02, 0x0F, 0x00, 0x73, 0x53, 0x70, 0x72,
		0x69, 0x74, 0x65, 0x73, 0xEF, 0x01, 0x30, 0x70, 0x74, 0x68, 0xDA, 0x05,
		0x03, 0x86, 0x01, 0x00, 0xFD, 0x00, 0x07, 0x1E, 0x08, 0x84, 0x54, 0x65,
		0x78, 0x74, 0x75, 0x72, 0x65, 0x73, 0xDA, 0x00, 0x13, 0x68, 0x11, 0x00,
		0xF0, 0x06, 0x00, 0x6D, 0x61, 0x74, 0x65, 0x72, 0x69, 0x61, 0x6C, 0x73,
		0x2F, 0x65, 0x66, 0x66, 0x65, 0x63, 0x74, 0x73, 0x2F, 0x79, 0x65, 0x61,
		0x03, 0xA6, 0x66, 0x6C, 0x61, 0x72, 0x65, 0x2E, 0x76, 0x74, 0x65, 0x78,
		0xBD, 0x05, 0x52, 0x42, 0x6C, 0x65, 0x6E, 0x64, 0x38, 0x07, 0x04, 0x42,
		0x02, 0x30, 0x4F, 0x55, 0x54, 0x3F, 0x07, 0x52, 0x42, 0x4C, 0x45, 0x4E,
		0x44, 0x45, 0x07, 0x32, 0x41, 0x44, 0x44, 0x75, 0x01, 0x83, 0x65, 0x6C,
		0x66, 0x49, 0x6C, 0x6C, 0x75, 0x6D, 0x12, 0x01, 0x01, 0xA5, 0x00, 0x67,
		0x69, 0x66, 0x66, 0x75, 0x73, 0x65, 0x12, 0x00, 0x55, 0x41, 0x6C, 0x70,
		0x68, 0x61, 0xD8, 0x07, 0x42, 0x4F, 0x6E, 0x6C, 0x79, 0xDB, 0x00, 0x32,
		0x49, 0x6E, 0x45, 0x8F, 0x00, 0x89, 0x42, 0x6C, 0x6F, 0x6F, 0x6D, 0x50,
		0x61, 0x73, 0xF9, 0x00, 0x52, 0x54, 0x72, 0x61, 0x69, 0x6C, 0xEA, 0x00,
		0x49, 0x48, 0x65, 0x61, 0x64, 0x45, 0x00, 0x04, 0xFD, 0x00, 0x52, 0x54,
		0x61, 0x70, 0x65, 0x72, 0xFD, 0x00, 0x01, 0x8A, 0x05, 0x02, 0x20, 0x00,
		0x0D, 0x02, 0x06, 0x00, 0xA2, 0x01, 0x27, 0x4F, 0x52, 0x07, 0x01, 0x13,
		0x70, 0x09, 0x0B, 0xD3, 0x2F, 0x62, 0x65, 0x61, 0x6D, 0x5F, 0x68, 0x6F,
		0x74, 0x77, 0x68, 0x69, 0x74, 0x0A, 0x01, 0x3F, 0x00, 0xB6, 0x00, 0x01,
		0x00, 0x27, 0xD8, 0xEE, 0x00, 0x00, 0x00, 0xE6, 0x00, 0x00, 0x00, 0xCA,
		0x00, 0x00, 0x00, 0xFF, 0x19, 0x00, 0x3E, 0xE0, 0x6F, 0x40, 0x08, 0x00,
		0x01, 0x01, 0x00, 0x1F, 0x40, 0x4A, 0x00, 0x03, 0x3F, 0x49, 0x40, 0x00,
		0x01, 0x00, 0xFF, 0x24, 0x12, 0x80, 0x07, 0x00, 0x2F, 0x59, 0x40, 0x08,
		0x00, 0x0B, 0x2F, 0xF0, 0x3F, 0x08, 0x00, 0x1B, 0x0E, 0x01, 0x00, 0x0E,
		0x20, 0x00, 0x0F, 0x01, 0x00, 0xF1, 0x0F, 0x40, 0x01, 0x05, 0x2E, 0x59,
		0xC0, 0x08, 0x00, 0x0F, 0x88, 0x01, 0xFF, 0x62, 0x0F, 0x01, 0x00, 0x35,
		0x1F, 0x44, 0x48, 0x03, 0xFF, 0x65, 0x0F, 0xB8, 0x01, 0xFF, 0xD5, 0x0F,
		0x30, 0x08, 0x06, 0x0F, 0x60, 0x00, 0x06, 0x1E, 0xC0, 0x08, 0x00, 0x09,
		0x60, 0x08, 0x0B, 0x08, 0x00, 0x2F, 0xD0, 0x3F, 0x08, 0x00, 0x03, 0x1E,
		0xE0, 0x08, 0x00, 0x0F, 0x90, 0x00, 0x23, 0x0F, 0x01, 0x00, 0xFF, 0xFF,
		0x36, 0x0F, 0x20, 0x08, 0xFF, 0xA6, 0x0F, 0x01, 0x00, 0x0A, 0x50, 0x00,
		0x00, 0x00, 0x00, 0x00, 0x53, 0x0B, 0x00, 0x00, 0x00, 0x02, 0x04, 0x00,
		0x17, 0x04, 0x04, 0x00, 0x00, 0x10, 0x00, 0x13, 0x31, 0x0C, 0x00, 0x17,
		0x03, 0x0C, 0x00, 0x53, 0x05, 0x00, 0x00, 0x00, 0x2F, 0x0C, 0x00, 0x1B,
		0x24, 0x08, 0x00, 0x08, 0x48, 0x00, 0x13, 0x03, 0x2C, 0x00, 0x00, 0x04,
		0x00, 0x1E, 0x12, 0x2C, 0x00, 0x0D, 0x08, 0x00, 0x1F, 0x01, 0x28, 0x00,
		0x18, 0x08, 0x0C, 0x00, 0x00, 0x68, 0x00, 0x17, 0x17, 0x94, 0x00, 0x0F,
		0x08, 0x00, 0x05, 0x1F, 0x01, 0x28, 0x00, 0x18, 0x13, 0x06, 0x08, 0x00,
		0x04, 0x04, 0x00, 0x04, 0xD8, 0x00, 0x04, 0x70, 0x00, 0x04, 0xE0, 0x00,
		0x04, 0x2C, 0x00, 0x04, 0xEC, 0x00, 0x17, 0x03, 0x48, 0x00, 0x00, 0x30,
		0x00, 0x1B, 0x07, 0xAC, 0x00, 0x04, 0x44, 0x01, 0x04, 0x08, 0x00, 0x1E,
		0x09, 0x4C, 0x01, 0x0F, 0x28, 0x00, 0x02, 0x1E, 0x08, 0x08, 0x01, 0x0F,
		0x2C, 0x01, 0x16, 0x0F, 0x50, 0x00, 0x01, 0xD6, 0x01, 0x04, 0x03, 0x03,
		0x03, 0x01, 0x03, 0x02, 0x02, 0x07, 0x03, 0x02, 0x02, 0x03, 0x00, 0x10,
		0x03, 0x17, 0x00, 0x1A, 0x03, 0x13, 0x00, 0x0F, 0x14, 0x00, 0x02, 0x01,
		0x05, 0x00, 0x0E, 0x17, 0x00, 0x1F, 0x03, 0x16, 0x00, 0x05, 0x13, 0x0B,
		0x18, 0x00, 0x01, 0x11, 0x00, 0x38, 0x02, 0x02, 0x01, 0x22, 0x00, 0x09,
		0x0D, 0x00, 0x0F, 0x6E, 0x00, 0x01, 0x03, 0x21, 0x00, 0x17, 0x00, 0x8C,
		0x01, 0x00, 0x68, 0x01, 0x13, 0x30, 0xCC, 0x00, 0x13, 0x0C, 0x7C, 0x01,
		0x13, 0x06, 0x04, 0x00, 0x13, 0x07, 0x30, 0x01, 0x00, 0x5C, 0x01, 0x53,
		0x0A, 0x00, 0x00, 0x00, 0x0B, 0x24, 0x00, 0x57, 0x0D, 0x00, 0x00, 0x00,
		0x0E, 0x14, 0x00, 0x1B, 0x0F, 0x18, 0x00, 0x1F, 0x02, 0x1C, 0x00, 0x08,
		0x1F, 0x03, 0x1C, 0x00, 0x04, 0x22, 0x10, 0x00, 0x01, 0x00, 0x13, 0x11,
		0x90, 0x01, 0xD3, 0x13, 0x00, 0x00, 0x00, 0x14, 0x00, 0x00, 0x00, 0x15,
		0x00, 0x00, 0x00, 0x16, 0x70, 0x02, 0x93, 0x18, 0x00, 0x00, 0x00, 0xFF,
		0xFF, 0xFF, 0xFF, 0x19, 0x48, 0x00, 0x13, 0x1A, 0x08, 0x00, 0x13, 0x1B,
		0xB0, 0x00, 0xF3, 0x06, 0x1C, 0x00, 0x00, 0x00, 0x1D, 0x00, 0x00, 0x00,
		0x1E, 0x00, 0x00, 0x00, 0x1F, 0x00, 0x00, 0x00, 0x20, 0x00, 0x00, 0x00,
		0x21, 0x34, 0x00, 0x53, 0x22, 0x00, 0x00, 0x00, 0x23, 0xD0, 0x01, 0x00,
		0x10, 0x00, 0xF3, 0x16, 0x25, 0x00, 0x00, 0x00, 0x26, 0x00, 0x00, 0x00,
		0x27, 0x00, 0x00, 0x00, 0x28, 0x00, 0x00, 0x00, 0x29, 0x00, 0x00, 0x00,
		0x2A, 0x00, 0x00, 0x00, 0x2B, 0x00, 0x00, 0x00, 0x2C, 0x00, 0x00, 0x00,
		0x2D, 0x00, 0x00, 0x00, 0x2E, 0x54, 0x02, 0x13, 0x30, 0xF0, 0x01, 0xF3,
		0x5E, 0x32, 0x00, 0x00, 0x00, 0x33, 0x00, 0x00, 0x00, 0x34, 0x00, 0x00,
		0x00, 0x35, 0x00, 0x00, 0x00, 0x36, 0x00, 0x00, 0x00, 0x37, 0x00, 0x00,
		0x00, 0x38, 0x00, 0x00, 0x00, 0x39, 0x00, 0x00, 0x00, 0x3A, 0x00, 0x00,
		0x00, 0x3B, 0x00, 0x00, 0x00, 0x3C, 0x00, 0x00, 0x00, 0x3D, 0x00, 0x00,
		0x00, 0x3E, 0x00, 0x00, 0x00, 0x3F, 0x00, 0x00, 0x00, 0x40, 0x00, 0x00,
		0x00, 0x41, 0x00, 0x00, 0x00, 0x42, 0x00, 0x00, 0x00, 0x43, 0x00, 0x00,
		0x00, 0x44, 0x00, 0x00, 0x00, 0x45, 0x00, 0x00, 0x00, 0x46, 0x00, 0x00,
		0x00, 0x47, 0x00, 0x00, 0x00, 0x48, 0x00, 0x00, 0x00, 0x49, 0x00, 0x00,
		0x00, 0x4A, 0x00, 0x00, 0x00, 0x4B, 0x00, 0x00, 0x00, 0x4C, 0x00, 0x00,
		0x00, 0x4D, 0x10, 0x01, 0x13, 0x4E, 0x08, 0x00, 0x93, 0x4F, 0x00, 0x00,
		0x00, 0x50, 0x00, 0x00, 0x00, 0x51, 0x10, 0x00, 0x5F, 0x52, 0x00, 0x00,
		0x00, 0x53, 0x28, 0x01, 0x10, 0x1F, 0x02, 0x28, 0x01, 0xE4, 0x13, 0x54,
		0x10, 0x00, 0x53, 0x55, 0x00, 0x00, 0x00, 0x56, 0x28, 0x01, 0x1F, 0x57,
		0x28, 0x01, 0x08, 0x0E, 0x24, 0x01, 0x0F, 0x20, 0x01, 0x0B, 0x0F, 0x18,
		0x01, 0xA5, 0x1F, 0x58, 0x0C, 0x01, 0x04, 0x0F, 0x04, 0x01, 0x0D, 0x0F,
		0xF8, 0x00, 0x05, 0x0F, 0xF4, 0x00, 0x2D, 0x0F, 0xEC, 0x00, 0x09, 0x0F,
		0xD4, 0x00, 0x15, 0x1F, 0x59, 0xD4, 0x00, 0xC0, 0x13, 0x5A, 0xD4, 0x00,
		0x6E, 0x5B, 0x00, 0x00, 0x00, 0x5C, 0x00, 0xF4, 0x03, 0x1E, 0x5D, 0xC8,
		0x00, 0x0F, 0x24, 0x00, 0x12, 0x13, 0x20, 0x1C, 0x03, 0x13, 0x04, 0x30,
		0x00, 0x5B, 0x5E, 0x00, 0x00, 0x00, 0x5F, 0x6C, 0x00, 0x17, 0x60, 0x30,
		0x01, 0x13, 0x61, 0x48, 0x01, 0xDF, 0x62, 0x00, 0x00, 0x00, 0x63, 0x00,
		0x00, 0x00, 0x64, 0x00, 0x00, 0x00, 0x65, 0x70, 0x01, 0xC0, 0x1F, 0x66,
		0xD4, 0x00, 0xC0, 0x1F, 0x67, 0xD4, 0x00, 0xC0, 0x1F, 0x68, 0xD4, 0x00,
		0xC0, 0xF3, 0x06, 0x69, 0x00, 0x00, 0x00, 0x6A, 0x00, 0x00, 0x00, 0x6B,
		0x00, 0x00, 0x00, 0x6C, 0x00, 0x00, 0x00, 0x6D, 0x00, 0x00, 0x00, 0x6E,
		0x24, 0x00, 0x1F, 0x6F, 0x9C, 0x03, 0xFF, 0xFF, 0xFF, 0x8B, 0x1F, 0x70,
		0xF0, 0x00, 0xC0, 0x13, 0x71, 0xD4, 0x00, 0x13, 0x72, 0x18, 0x00, 0x5E,
		0x73, 0x00, 0x00, 0x00, 0x74, 0x84, 0x04, 0x05, 0x3C, 0x0B, 0x2E, 0x75,
		0x00, 0x90, 0x04, 0x1E, 0x76, 0x94, 0x04, 0x0F, 0x80, 0x0B, 0xF6, 0x1F,
		0x66, 0x0C, 0x01, 0xF8, 0x1F, 0x67, 0x0C, 0x01, 0xF8, 0x1F, 0x68, 0x0C,
		0x01, 0xF8, 0x0F, 0x74, 0x05, 0x09, 0x9F, 0x77, 0x00, 0x00, 0x00, 0x78,
		0x00, 0x00, 0x00, 0x79, 0x94, 0x04, 0xFF, 0xFF, 0xFF, 0xFF, 0x84, 0x00,
		0x01, 0x00, 0x53, 0x7A, 0x00, 0x00, 0x00, 0x7B, 0x0C, 0x01, 0x53, 0x7C,
		0x00, 0x00, 0x00, 0x7D, 0x54, 0x09, 0x00, 0x2C, 0x01, 0x17, 0x7E, 0x5C,
		0x09, 0x13, 0x7F, 0x30, 0x00, 0x13, 0x80, 0x08, 0x00, 0x53, 0x81, 0x00,
		0x00, 0x00, 0x82, 0x0C, 0x00, 0x53, 0x83, 0x00, 0x00, 0x00, 0x84, 0x0C,
		0x00, 0x13, 0x85, 0x08, 0x00, 0xD3, 0x86, 0x00, 0x00, 0x00, 0x87, 0x00,
		0x00, 0x00, 0x88, 0x00, 0x00, 0x00, 0x89, 0x14, 0x00, 0x9B, 0x8A, 0x00,
		0x00, 0x00, 0x8B, 0x00, 0x00, 0x00, 0x8C, 0x18, 0x00, 0x93, 0x8D, 0x00,
		0x00, 0x00, 0x8E, 0x00, 0x00, 0x00, 0x8F, 0x10, 0x00, 0x13, 0x90, 0x08,
		0x00, 0xF3, 0x06, 0x91, 0x00, 0x00, 0x00, 0x92, 0x00, 0x00, 0x00, 0x93,
		0x00, 0x00, 0x00, 0x94, 0x00, 0x00, 0x00, 0x95, 0x00, 0x00, 0x00, 0x96,
		0x1C, 0x00, 0x93, 0x97, 0x00, 0x00, 0x00, 0x98, 0x00, 0x00, 0x00, 0x99,
		0x10, 0x00, 0x6E, 0x9A, 0x00, 0x00, 0x00, 0x9B, 0x00, 0xCC, 0x00, 0x13,
		0x9C, 0x20, 0x00, 0x53, 0x9D, 0x00, 0x00, 0x00, 0x9E, 0xD0, 0x00, 0x13,
		0x9F, 0x20, 0x02, 0x1F, 0xA0, 0x20, 0x02, 0xE8, 0x13, 0xA1, 0x10, 0x00,
		0x13, 0xA2, 0x18, 0x01, 0x13, 0xA3, 0x10, 0x00, 0x9F, 0xA4, 0x00, 0x00,
		0x00, 0xA5, 0x00, 0x00, 0x00, 0xA6, 0x2C, 0x0C, 0xC0, 0xFF, 0x06, 0xA7,
		0x00, 0x00, 0x00, 0xA8, 0x00, 0x00, 0x00, 0xA9, 0x00, 0x00, 0x00, 0xAA,
		0x00, 0x00, 0x00, 0xAB, 0x00, 0x00, 0x00, 0xAC, 0x34, 0x04, 0x24, 0x0F,
		0x90, 0x18, 0xCD, 0x1F, 0xAD, 0x18, 0x01, 0xFF, 0x05, 0x0E, 0x24, 0x03,
		0x0F, 0x70, 0x06, 0xF3, 0x1B, 0xAE, 0x0C, 0x01, 0x1F, 0xA0, 0x30, 0x04,
		0xB0, 0x1F, 0xAF, 0x34, 0x04, 0xFF, 0xFF, 0x3A, 0x5F, 0xB0, 0x00, 0x00,
		0x00, 0xB1, 0x54, 0x07, 0xC0, 0x1F, 0xB2, 0xD4, 0x00, 0xC0, 0x13, 0xB3,
		0xD4, 0x00, 0x1F, 0xB4, 0xC4, 0x18, 0xFF, 0xFF, 0xFF, 0x83, 0x04, 0x90,
		0x07, 0x1F, 0xB5, 0x90, 0x07, 0xFF, 0xFF, 0x2D, 0x00, 0x86, 0x23, 0x30,
		0x40, 0x9A, 0x99, 0x01, 0x00, 0x22, 0xB9, 0x3F, 0x10, 0x00, 0x23, 0xE0,
		0x3F, 0x19, 0x00, 0x0F, 0x18, 0x00, 0x04, 0x1B, 0x24, 0x18, 0x00, 0x1B,
		0xF4, 0x20, 0x00, 0x1F, 0x60, 0x20, 0x00, 0x0C, 0x1F, 0x69, 0x20, 0x00,
		0x0C, 0x22, 0x20, 0x40, 0x08, 0x00, 0x22, 0x30, 0x40, 0x69, 0x11, 0x1F,
		0x76, 0x30, 0x00, 0x06, 0x0F, 0x18, 0x00, 0x95, 0x02, 0x08, 0x00, 0x1F,
		0x08, 0xC8, 0x00, 0x14, 0x0F, 0x10, 0x00, 0x5F, 0x11, 0x33, 0x01, 0x00,
		0x15, 0xC3, 0x18, 0x00, 0x0C, 0x08, 0x00, 0x0F, 0xF8, 0x01, 0x03, 0x1F,
		0xE8, 0xD0, 0x01, 0x14, 0x13, 0x49, 0xD0, 0x01, 0x22, 0xF8, 0x3F, 0x7D,
		0x1D, 0x23, 0x97, 0x40, 0x38, 0x00, 0x13, 0xC0, 0xF0, 0x01, 0x1F, 0xC0,
		0x40, 0x01, 0x13, 0x0E, 0xB8, 0x00, 0x0F, 0x18, 0x00, 0x0B, 0x04, 0x58,
		0x00, 0x1F, 0x00, 0x78, 0x01, 0x0C, 0x2F, 0xC9, 0x3F, 0x98, 0x01, 0x1B,
		0x1F, 0xC9, 0x90, 0x00, 0x1E, 0x0F, 0x90, 0x02, 0x83, 0x1F, 0x00, 0xF8,
		0x03, 0x16, 0xF4, 0x04, 0x09, 0x06, 0x0E, 0x0B, 0x0B, 0x0B, 0x18, 0x09,
		0x06, 0x18, 0x09, 0x06, 0x06, 0x10, 0x06, 0x19, 0x05, 0x06, 0x0B, 0x05,
		0x00, 0x00, 0x13, 0x00, 0xF3, 0x19, 0x09, 0x06, 0x06, 0x05, 0x06, 0x0B,
		0x0B, 0x0B, 0x0F, 0x0E, 0x11, 0x12, 0x0E, 0x0B, 0x06, 0x06, 0x11, 0x11,
		0x11, 0x11, 0x0F, 0x11, 0x12, 0x05, 0x19, 0x05, 0x11, 0x10, 0x06, 0x06,
		0x06, 0x12, 0x05, 0x12, 0x0D, 0x11, 0x0E, 0x06, 0x12, 0x11, 0x02, 0x00,
		0xAF, 0x06, 0x06, 0x11, 0x09, 0x08, 0x08, 0x19, 0x05, 0x19, 0x05, 0x3C,
		0x00, 0x29, 0x12, 0x10, 0x3B, 0x00, 0x41, 0x0F, 0x0B, 0x0B, 0x0F, 0x3A,
		0x00, 0x0B, 0x39, 0x00, 0x1F, 0x05, 0x39, 0x00, 0x06, 0x00, 0x37, 0x00,
		0x02, 0x36, 0x00, 0x01, 0x34, 0x00, 0x0A, 0x33, 0x00, 0x02, 0x31, 0x00,
		0x0F, 0x2C, 0x00, 0x23, 0x00, 0x0E, 0x01, 0xE0, 0x09, 0x06, 0x05, 0x05,
		0x06, 0x06, 0x09, 0x06, 0x11, 0x05, 0x06, 0x0D, 0x0B, 0x06, 0x13, 0x00,
		0x83, 0x19, 0x0B, 0x0B, 0x19, 0x05, 0x0F, 0x19, 0x05, 0x4F, 0x00, 0x1F,
		0x11, 0x7B, 0x00, 0x18, 0x0F, 0x2C, 0x00, 0x6E, 0x21, 0x11, 0x12, 0x32,
		0x00, 0x1F, 0x08, 0xC8, 0x00, 0xB7, 0x0F, 0xFB, 0x01, 0x1A, 0x02, 0xF7,
		0x00, 0x20, 0x06, 0x0E, 0xF9, 0x00, 0x07, 0xFA, 0x00, 0x0E, 0x74, 0x02,
		0x0F, 0xAD, 0x02, 0x0E, 0x0F, 0x37, 0x00, 0x92, 0x04, 0x26, 0x01, 0x04,
		0xCD, 0x02, 0x0F, 0xFB, 0x00, 0xE4, 0x21, 0x06, 0x0B, 0x0C, 0x00, 0x12,
		0x10, 0xEE, 0x04, 0x30, 0x05, 0x06, 0x05, 0x05, 0x00, 0x00, 0xD1, 0x03,
		0x01, 0xDB, 0x03, 0x22, 0x19, 0x05, 0x02, 0x00, 0x78, 0x0E, 0x06, 0x05,
		0x11, 0x06, 0x10, 0x0B, 0xC6, 0x04, 0x0F, 0x8B, 0x04, 0x0C, 0x5B, 0x05,
		0x12, 0x05, 0x11, 0x05, 0x77, 0x00, 0x10, 0x06, 0x3D, 0x00, 0x0F, 0x66,
		0x04, 0x1A, 0x46, 0x18, 0x09, 0x86, 0x01, 0x6F, 0x00, 0x0F, 0x35, 0x05,
		0x1D, 0x0F, 0x39, 0x00, 0x26, 0x2F, 0x06, 0x05, 0x6E, 0x05, 0x43, 0x45,
		0x05, 0x05, 0x11, 0x05, 0x2C, 0x00, 0x1F, 0x0D, 0xDD, 0x00, 0x65, 0x0F,
		0xA4, 0x04, 0x47, 0x0F, 0x38, 0x05, 0xB3, 0x0F, 0x98, 0x01, 0x63, 0x50,
		0x05, 0x00, 0xDD, 0xEE, 0xFF
	};

	inline unsigned char tracer[ 3529 ]
	{
		0xC9, 0x0D, 0x00, 0x00, 0x0C, 0x00, 0x01, 0x00, 0x08, 0x00, 0x00, 0x00,
		0x03, 0x00, 0x00, 0x00, 0x52, 0x45, 0x52, 0x4C, 0x20, 0x00, 0x00, 0x00,
		0x74, 0x00, 0x00, 0x00, 0x52, 0x45, 0x44, 0x32, 0x90, 0x00, 0x00, 0x00,
		0xEC, 0x03, 0x00, 0x00, 0x44, 0x41, 0x54, 0x41, 0x74, 0x04, 0x00, 0x00,
		0x29, 0x09, 0x00, 0x00, 0x0C, 0x00, 0x00, 0x00, 0x02, 0x00, 0x00, 0x00,
		0x00, 0x00, 0x00, 0x00, 0x51, 0x2B, 0x40, 0x55, 0xD9, 0xD9, 0x2E, 0x11,
		0x18, 0x00, 0x00, 0x00, 0x00, 0x00, 0x00, 0x00, 0xF4, 0x5C, 0xA4, 0xD5,
		0x43, 0xAB, 0xF3, 0xCA, 0x2F, 0x00, 0x00, 0x00, 0x00, 0x00, 0x00, 0x00,
		0x6D, 0x61, 0x74, 0x65, 0x72, 0x69, 0x61, 0x6C, 0x73, 0x2F, 0x70, 0x61,
		0x72, 0x74, 0x69, 0x63, 0x6C, 0x65, 0x2F, 0x62, 0x65, 0x61, 0x6D, 0x5F,
		0x65, 0x6E, 0x65, 0x72, 0x67, 0x79, 0x5F, 0x30, 0x31, 0x2E, 0x76, 0x74,
		0x65, 0x78, 0x00, 0x6D, 0x61, 0x74, 0x65, 0x72, 0x69, 0x61, 0x6C, 0x73,
		0x2F, 0x73, 0x70, 0x72, 0x69, 0x74, 0x65, 0x73, 0x2F, 0x6C, 0x61, 0x73,
		0x65, 0x72, 0x62, 0x65, 0x61, 0x6D, 0x2E, 0x76, 0x74, 0x65, 0x78, 0x00,
		0x00, 0x00, 0x00, 0x00, 0x00, 0x00, 0x00, 0x00, 0x05, 0x33, 0x56, 0x4B,
		0x7C, 0x16, 0x12, 0x74, 0xE9, 0x06, 0x98, 0x46, 0xAF, 0xF2, 0xE6, 0x3E,
		0xB5, 0x90, 0x37, 0xE7, 0x01, 0x00, 0x00, 0x00, 0x00, 0x00, 0x00, 0x40,
		0x5C, 0x03, 0x00, 0x00, 0x01, 0x00, 0x00, 0x00, 0x00, 0x00, 0x00, 0x00,
		0x30, 0x00, 0x00, 0x00, 0x09, 0x00, 0x07, 0x00, 0xBC, 0x04, 0x00, 0x00,
		0x74, 0x03, 0x00, 0x00, 0x00, 0x00, 0x00, 0x00, 0x00, 0x00, 0x00, 0x00,
		0x00, 0x00, 0x00, 0x00, 0x00, 0x00, 0x00, 0x00, 0x60, 0x03, 0x00, 0x00,
		0x6F, 0x02, 0x00, 0x00, 0x5C, 0x01, 0x00, 0x00, 0x05, 0x01, 0x00, 0x00,
		0x03, 0x00, 0x00, 0x00, 0x00, 0x00, 0x00, 0x00, 0x3E, 0x00, 0x00, 0x00,
		0x01, 0x00, 0x00, 0x00, 0x2D, 0x00, 0x00, 0x00, 0x09, 0x00, 0x00, 0x00,
		0x07, 0x00, 0x00, 0x00, 0x08, 0x00, 0x00, 0x00, 0xF0, 0x52, 0x6D, 0x5F,
		0x49, 0x6E, 0x70, 0x75, 0x74, 0x44, 0x65, 0x70, 0x65, 0x6E, 0x64, 0x65,
		0x6E, 0x63, 0x69, 0x65, 0x73, 0x00, 0x6D, 0x5F, 0x52, 0x65, 0x6C, 0x61,
		0x74, 0x69, 0x76, 0x65, 0x46, 0x69, 0x6C, 0x65, 0x6E, 0x61, 0x6D, 0x65,
		0x00, 0x70, 0x61, 0x72, 0x74, 0x69, 0x63, 0x6C, 0x65, 0x73, 0x2F, 0x74,
		0x72, 0x61, 0x63, 0x65, 0x72, 0x2E, 0x76, 0x70, 0x63, 0x66, 0x00, 0x6D,
		0x5F, 0x53, 0x65, 0x61, 0x72, 0x63, 0x68, 0x50, 0x61, 0x74, 0x68, 0x00,
		0x63, 0x73, 0x67, 0x6F, 0x5F, 0x61, 0x64, 0x64, 0x6F, 0x6E, 0x73, 0x2F,
		0x62, 0x6C, 0x69, 0x6E, 0x71, 0x65, 0x64, 0x00, 0x6D, 0x5F, 0x6E, 0x43,
		0x00, 0xF0, 0x00, 0x43, 0x52, 0x43, 0x00, 0x6D, 0x5F, 0x62, 0x4F, 0x70,
		0x74, 0x69, 0x6F, 0x6E, 0x61, 0x6C, 0x0C, 0x00, 0x00, 0x17, 0x00, 0x60,
		0x45, 0x78, 0x69, 0x73, 0x74, 0x73, 0x0E, 0x00, 0x51, 0x49, 0x73, 0x47,
		0x61, 0x6D, 0x6E, 0x00, 0x72, 0x00, 0x6D, 0x5F, 0x41, 0x64, 0x64, 0x69,
		0x29, 0x00, 0x0F, 0x9B, 0x00, 0x01, 0x7C, 0x41, 0x72, 0x67, 0x75, 0x6D,
		0x65, 0x6E, 0x17, 0x00, 0xA0, 0x50, 0x61, 0x72, 0x61, 0x6D, 0x65, 0x74,
		0x65, 0x72, 0x4E, 0xAF, 0x00, 0xB2, 0x5F, 0x5F, 0x5F, 0x4F, 0x76, 0x65,
		0x72, 0x72, 0x69, 0x64, 0x65, 0x44, 0x00, 0x68, 0x61, 0x74, 0x61, 0x5F,
		0x5F, 0x5F, 0x28, 0x00, 0xF2, 0x03, 0x54, 0x79, 0x70, 0x65, 0x00, 0x42,
		0x69, 0x6E, 0x61, 0x72, 0x79, 0x42, 0x6C, 0x6F, 0x62, 0x41, 0x72, 0x67,
		0xAE, 0x00, 0x9B, 0x6E, 0x67, 0x65, 0x72, 0x70, 0x72, 0x69, 0x6E, 0x74,
		0x0F, 0x00, 0x70, 0x44, 0x65, 0x66, 0x61, 0x75, 0x6C, 0x74, 0xF4, 0x00,
		0x6B, 0x70, 0x65, 0x63, 0x69, 0x61, 0x6C, 0x81, 0x00, 0xF4, 0x0F, 0x53,
		0x74, 0x72, 0x69, 0x6E, 0x67, 0x00, 0x4B, 0x56, 0x33, 0x20, 0x43, 0x6F,
		0x6D, 0x70, 0x69, 0x6C, 0x65, 0x72, 0x20, 0x56, 0x65, 0x72, 0x73, 0x69,
		0x6F, 0x6E, 0x00, 0x6D, 0x5F, 0x13, 0x00, 0xB3, 0x49, 0x64, 0x65, 0x6E,
		0x74, 0x69, 0x66, 0x69, 0x65, 0x72, 0x00, 0x13, 0x00, 0x13, 0x50, 0x5A,
		0x01, 0x00, 0x6F, 0x00, 0x40, 0x55, 0x73, 0x65, 0x72, 0xAB, 0x00, 0x14,
		0x00, 0x15, 0x00, 0x0E, 0x4B, 0x00, 0x08, 0x1F, 0x01, 0x01, 0xA6, 0x01,
		0x20, 0x65, 0x64, 0x37, 0x01, 0x10, 0x73, 0x64, 0x00, 0xF0, 0x00, 0x68,
		0x69, 0x6C, 0x64, 0x52, 0x65, 0x73, 0x6F, 0x75, 0x72, 0x63, 0x65, 0x4C,
		0x69, 0x73, 0xAC, 0x00, 0xB5, 0x57, 0x65, 0x61, 0x6B, 0x52, 0x65, 0x66,
		0x65, 0x72, 0x65, 0x6E, 0x14, 0x00, 0x02, 0xB4, 0x01, 0x45, 0x61, 0x62,
		0x6C, 0x65, 0x70, 0x00, 0x04, 0xDF, 0x01, 0x86, 0x5F, 0x67, 0x72, 0x6F,
		0x75, 0x70, 0x69, 0x64, 0x11, 0x00, 0x86, 0x6D, 0x61, 0x78, 0x63, 0x6F,
		0x75, 0x6E, 0x74, 0x12, 0x00, 0xF9, 0x01, 0x74, 0x69, 0x6D, 0x65, 0x5F,
		0x74, 0x6F, 0x5F, 0x73, 0x6C, 0x65, 0x65, 0x70, 0x00, 0x49, 0x73, 0x77,
		0x00, 0x00, 0x5F, 0x00, 0x75, 0x75, 0x62, 0x61, 0x73, 0x73, 0x65, 0x74,
		0x77, 0x00, 0x16, 0x73, 0x3C, 0x00, 0xF0, 0x12, 0x6F, 0x70, 0x65, 0x72,
		0x61, 0x74, 0x6F, 0x72, 0x00, 0x43, 0x5F, 0x4F, 0x50, 0x5F, 0x49, 0x6E,
		0x73, 0x74, 0x61, 0x6E, 0x74, 0x61, 0x6E, 0x65, 0x6F, 0x75, 0x73, 0x45,
		0x6D, 0x69, 0x74, 0x74, 0x65, 0x1A, 0x00, 0xF0, 0x00, 0x49, 0x4E, 0x49,
		0x54, 0x5F, 0x43, 0x72, 0x65, 0x61, 0x74, 0x65, 0x53, 0x65, 0x71, 0x75,
		0x31, 0x01, 0x20, 0x61, 0x6C, 0x63, 0x02, 0x24, 0x56, 0x32, 0x1E, 0x00,
		0x92, 0x49, 0x6E, 0x69, 0x74, 0x46, 0x6C, 0x6F, 0x61, 0x74, 0x49, 0x00,
		0x52, 0x44, 0x65, 0x63, 0x61, 0x79, 0x0B, 0x00, 0x50, 0x4F, 0x73, 0x63,
		0x69, 0x6C, 0x17, 0x01, 0x35, 0x56, 0x65, 0x63, 0x69, 0x00, 0x98, 0x52,
		0x65, 0x6D, 0x61, 0x70, 0x43, 0x50, 0x74, 0x6F, 0x15, 0x00, 0x20, 0x46,
		0x61, 0x1D, 0x02, 0x66, 0x53, 0x69, 0x6D, 0x70, 0x6C, 0x65, 0x12, 0x00,
		0x38, 0x4F, 0x75, 0x74, 0x13, 0x00, 0x10, 0x52, 0xE3, 0x01, 0x48, 0x72,
		0x52, 0x6F, 0x70, 0xC6, 0x00, 0xF6, 0x02, 0x66, 0x65, 0x61, 0x74, 0x75,
		0x72, 0x65, 0x00, 0x42, 0x6C, 0x6F, 0x6F, 0x6D, 0x50, 0x61, 0x73, 0x73,
		0xF6, 0x00, 0x00, 0x27, 0x02, 0xD0, 0x69, 0x6E, 0x69, 0x74, 0x69, 0x6F,
		0x6E, 0x73, 0x00, 0x2E, 0x00, 0x00, 0x00, 0x9B, 0x0A, 0x00, 0x00, 0x00,
		0x06, 0x00, 0x00, 0x00, 0x04, 0x04, 0x00, 0x90, 0x02, 0x00, 0x00, 0x00,
		0x09, 0x00, 0x00, 0x00, 0x01, 0x04, 0x00, 0x10, 0x01, 0x0E, 0x00, 0x02,
		0x0C, 0x00, 0x00, 0x0A, 0x00, 0x13, 0x03, 0x24, 0x00, 0x80, 0x05, 0x00,
		0x00, 0x00, 0xD6, 0x11, 0x8F, 0xA1, 0x40, 0x00, 0x53, 0x07, 0x00, 0x00,
		0x00, 0x08, 0x34, 0x00, 0x00, 0x01, 0x00, 0x00, 0x58, 0x00, 0xF3, 0x1A,
		0x0B, 0x00, 0x00, 0x00, 0x0C, 0x00, 0x00, 0x00, 0x0D, 0x00, 0x00, 0x00,
		0x0E, 0x00, 0x00, 0x00, 0x0F, 0x00, 0x00, 0x00, 0x10, 0x00, 0x00, 0x00,
		0x11, 0x00, 0x00, 0x00, 0x12, 0x00, 0x00, 0x00, 0x13, 0x00, 0x00, 0x00,
		0x14, 0x00, 0x00, 0x00, 0x15, 0x1C, 0x00, 0x00, 0x5C, 0x00, 0x13, 0x16,
		0x1C, 0x00, 0x1F, 0x17, 0x1C, 0x00, 0x04, 0x13, 0x18, 0x60, 0x00, 0x13,
		0x19, 0x08, 0x00, 0x13, 0x1A, 0x08, 0x00, 0x93, 0x1B, 0x00, 0x00, 0x00,
		0x1C, 0x00, 0x00, 0x00, 0x1D, 0x88, 0x00, 0xF3, 0x0A, 0x1E, 0x00, 0x00,
		0x00, 0x1F, 0x00, 0x00, 0x00, 0x20, 0x00, 0x00, 0x00, 0x21, 0x00, 0x00,
		0x00, 0x22, 0x00, 0x00, 0x00, 0x23, 0x00, 0x00, 0x00, 0x24, 0x4C, 0x00,
		0xF3, 0x06, 0x25, 0x00, 0x00, 0x00, 0x26, 0x00, 0x00, 0x00, 0x27, 0x00,
		0x00, 0x00, 0x28, 0x00, 0x00, 0x00, 0x29, 0x00, 0x00, 0x00, 0x2A, 0x1C,
		0x00, 0xA4, 0x2B, 0x00, 0x00, 0x00, 0x2C, 0x00, 0x00, 0x00, 0x2D, 0x00,
		0x01, 0x00, 0xC0, 0x20, 0x40, 0x09, 0x18, 0x09, 0x06, 0x06, 0x0C, 0x0E,
		0x0D, 0x0E, 0x08, 0x09, 0x00, 0x21, 0x0F, 0x0F, 0x0F, 0x00, 0x10, 0x0F,
		0x04, 0x00, 0xE0, 0x08, 0x08, 0x08, 0x09, 0x0F, 0x0B, 0x05, 0x0F, 0x09,
		0x09, 0x10, 0x10, 0x0B, 0x10, 0x01, 0x00, 0x80, 0x0B, 0x09, 0x10, 0x01,
		0x00, 0xDD, 0xEE, 0xFF, 0x00, 0x00, 0x00, 0x00, 0x05, 0x33, 0x56, 0x4B,
		0x9E, 0xA6, 0xE6, 0xA6, 0xD3, 0x52, 0x27, 0x45, 0x8B, 0x9C, 0xFF, 0x3B,
		0xB9, 0x1A, 0xCA, 0x3E, 0x01, 0x00, 0x00, 0x00, 0x00, 0x00, 0x00, 0x40,
		0xEE, 0x07, 0x00, 0x00, 0x01, 0x00, 0x00, 0x00, 0x74, 0x00, 0x00, 0x00,
		0x5C, 0x03, 0x00, 0x00, 0x2C, 0x00, 0x53, 0x00, 0xC8, 0x21, 0x00, 0x00,
		0xB1, 0x08, 0x00, 0x00, 0x00, 0x00, 0x00, 0x00, 0x00, 0x00, 0x00, 0x00,
		0x00, 0x00, 0x00, 0x00, 0x00, 0x00, 0x00, 0x00, 0x98, 0x0B, 0x00, 0x00,
		0x79, 0x05, 0x00, 0x00, 0x30, 0x16, 0x00, 0x00, 0x38, 0x03, 0x00, 0x00,
		0x37, 0x00, 0x00, 0x00, 0x00, 0x00, 0x00, 0x00, 0x1C, 0x04, 0x00, 0x00,
		0x2F, 0x00, 0x00, 0x00, 0x23, 0x03, 0x00, 0x00, 0x2C, 0x00, 0x00, 0x00,
		0x23, 0x00, 0x00, 0x00, 0x2A, 0x00, 0x00, 0x00, 0xF3, 0x21, 0x5F, 0x63,
		0x6C, 0x61, 0x73, 0x73, 0x00, 0x43, 0x50, 0x61, 0x72, 0x74, 0x69, 0x63,
		0x6C, 0x65, 0x53, 0x79, 0x73, 0x74, 0x65, 0x6D, 0x44, 0x65, 0x66, 0x69,
		0x6E, 0x69, 0x74, 0x69, 0x6F, 0x6E, 0x00, 0x6D, 0x5F, 0x6E, 0x42, 0x65,
		0x68, 0x61, 0x76, 0x69, 0x6F, 0x72, 0x56, 0x65, 0x72, 0x73, 0x13, 0x00,
		0x34, 0x4D, 0x61, 0x78, 0x32, 0x00, 0xF0, 0x06, 0x73, 0x00, 0x6D, 0x5F,
		0x66, 0x6C, 0x43, 0x6F, 0x6E, 0x73, 0x74, 0x61, 0x6E, 0x74, 0x4C, 0x69,
		0x66, 0x65, 0x73, 0x70, 0x61, 0x25, 0x00, 0xF0, 0x06, 0x63, 0x6F, 0x6E,
		0x74, 0x72, 0x6F, 0x6C, 0x50, 0x6F, 0x69, 0x6E, 0x74, 0x43, 0x6F, 0x6E,
		0x66, 0x69, 0x67, 0x75, 0x72, 0x61, 0x54, 0x00, 0x10, 0x73, 0x42, 0x00,
		0xF2, 0x0E, 0x61, 0x6D, 0x65, 0x00, 0x70, 0x72, 0x65, 0x76, 0x69, 0x65,
		0x77, 0x00, 0x6D, 0x5F, 0x45, 0x6D, 0x69, 0x74, 0x74, 0x65, 0x72, 0x73,
		0x00, 0x43, 0x5F, 0x4F, 0x50, 0x5F, 0x49, 0x4C, 0x00, 0x63, 0x61, 0x6E,
		0x65, 0x6F, 0x75, 0x73, 0x1B, 0x00, 0x00, 0x34, 0x00, 0x05, 0x73, 0x00,
		0x20, 0x54, 0x6F, 0x16, 0x00, 0x00, 0x13, 0x00, 0xF2, 0x05, 0x54, 0x79,
		0x70, 0x65, 0x00, 0x50, 0x46, 0x5F, 0x54, 0x59, 0x50, 0x45, 0x5F, 0x4C,
		0x49, 0x54, 0x45, 0x52, 0x41, 0x4C, 0xA1, 0x00, 0x14, 0x70, 0x1B, 0x00,
		0x32, 0x4D, 0x41, 0x50, 0x1F, 0x00, 0x61, 0x44, 0x49, 0x52, 0x45, 0x43,
		0x54, 0xAF, 0x00, 0xF4, 0x05, 0x4C, 0x69, 0x74, 0x65, 0x72, 0x61, 0x6C,
		0x56, 0x61, 0x6C, 0x75, 0x65, 0x00, 0x6D, 0x5F, 0x4E, 0x61, 0x6D, 0x65,
		0x64, 0x0D, 0x00, 0x27, 0x6E, 0x43, 0xB9, 0x00, 0x00, 0x10, 0x00, 0xE1,
		0x53, 0x63, 0x61, 0x6C, 0x61, 0x72, 0x41, 0x74, 0x74, 0x72, 0x69, 0x62,
		0x75, 0x74, 0x23, 0x00, 0x5F, 0x56, 0x65, 0x63, 0x74, 0x6F, 0x13, 0x00,
		0x01, 0x71, 0x43, 0x6F, 0x6D, 0x70, 0x6F, 0x6E, 0x65, 0x39, 0x00, 0xD1,
		0x62, 0x52, 0x65, 0x76, 0x65, 0x72, 0x73, 0x65, 0x4F, 0x72, 0x64, 0x65,
		0x72, 0x77, 0x00, 0x98, 0x52, 0x61, 0x6E, 0x64, 0x6F, 0x6D, 0x4D, 0x69,
		0x6E, 0x0E, 0x00, 0x20, 0x61, 0x78, 0x2C, 0x00, 0x32, 0x48, 0x61, 0x73,
		0x10, 0x00, 0x80, 0x53, 0x69, 0x67, 0x6E, 0x46, 0x6C, 0x69, 0x70, 0x54,
		0x00, 0x03, 0x12, 0x00, 0x36, 0x65, 0x65, 0x64, 0x0E, 0x00, 0x31, 0x4D,
		0x6F, 0x64, 0xD7, 0x00, 0xF0, 0x04, 0x52, 0x41, 0x4E, 0x44, 0x4F, 0x4D,
		0x5F, 0x4D, 0x4F, 0x44, 0x45, 0x5F, 0x43, 0x4F, 0x4E, 0x53, 0x54, 0x41,
		0x4E, 0xDC, 0x00, 0xF2, 0x02, 0x73, 0x74, 0x72, 0x53, 0x6E, 0x61, 0x70,
		0x73, 0x68, 0x6F, 0x74, 0x53, 0x75, 0x62, 0x73, 0x65, 0x74, 0xF0, 0x00,
		0x34, 0x4F, 0x44, 0x30, 0x09, 0x00, 0x14, 0x31, 0x09, 0x00, 0x14, 0x32,
		0x09, 0x00, 0x10, 0x33, 0x5E, 0x00, 0xAE, 0x4E, 0x6F, 0x69, 0x73, 0x65,
		0x49, 0x6E, 0x70, 0x75, 0x74, 0xDD, 0x00, 0x21, 0x66, 0x6C, 0x1E, 0x00,
		0x64, 0x4F, 0x75, 0x74, 0x70, 0x75, 0x74, 0xBF, 0x00, 0x08, 0x13, 0x00,
		0x26, 0x61, 0x78, 0x13, 0x00, 0x00, 0x2F, 0x01, 0x00, 0x35, 0x00, 0x32,
		0x76, 0x65, 0x63, 0x23, 0x00, 0x79, 0x66, 0x66, 0x73, 0x65, 0x74, 0x52,
		0x61, 0x4A, 0x00, 0x01, 0x14, 0x00, 0x05, 0x77, 0x00, 0x75, 0x4F, 0x63,
		0x74, 0x61, 0x76, 0x65, 0x73, 0x10, 0x00, 0x91, 0x54, 0x75, 0x72, 0x62,
		0x75, 0x6C, 0x65, 0x6E, 0x63, 0xEA, 0x00, 0xF6, 0x00, 0x4E, 0x4F, 0x49,
		0x53, 0x45, 0x5F, 0x54, 0x55, 0x52, 0x42, 0x5F, 0x4E, 0x4F, 0x4E, 0x45,
		0x26, 0x00, 0x28, 0x79, 0x70, 0x20, 0x00, 0x00, 0xE3, 0x01, 0x65, 0x50,
		0x45, 0x52, 0x4C, 0x49, 0x4E, 0x22, 0x00, 0x85, 0x4D, 0x6F, 0x64, 0x69,
		0x66, 0x69, 0x65, 0x72, 0x26, 0x00, 0x00, 0x2F, 0x01, 0x54, 0x49, 0x46,
		0x49, 0x45, 0x52, 0x4A, 0x00, 0x2B, 0x66, 0x6C, 0x71, 0x00, 0x04, 0xBE,
		0x00, 0x0D, 0x19, 0x00, 0x27, 0x4D, 0x69, 0xE4, 0x00, 0x42, 0x49, 0x6D,
		0x67, 0x50, 0xBD, 0x02, 0x04, 0x30, 0x00, 0x1B, 0x62, 0x18, 0x00, 0x34,
		0x4C, 0x69, 0x76, 0x47, 0x00, 0xE0, 0x43, 0x61, 0x6D, 0x65, 0x72, 0x61,
		0x46, 0x61, 0x6C, 0x6C, 0x62, 0x61, 0x63, 0x6B, 0x2C, 0x00, 0xC3, 0x55,
		0x73, 0x65, 0x42, 0x6F, 0x75, 0x6E, 0x64, 0x73, 0x43, 0x65, 0x6E, 0xDC,
		0x02, 0x01, 0x7A, 0x01, 0x04, 0xDC, 0x01, 0x53, 0x49, 0x4E, 0x50, 0x55,
		0x54, 0xDB, 0x01, 0x61, 0x4C, 0x41, 0x4D, 0x50, 0x45, 0x44, 0x4B, 0x00,
		0x60, 0x4D, 0x75, 0x6C, 0x74, 0x46, 0x61, 0x9D, 0x01, 0x01, 0x0F, 0x00,
		0x01, 0x33, 0x00, 0x16, 0x30, 0x0B, 0x00, 0x02, 0xD9, 0x01, 0x02, 0x92,
		0x01, 0x17, 0x30, 0x0C, 0x00, 0x13, 0x31, 0x88, 0x00, 0xA6, 0x74, 0x63,
		0x68, 0x65, 0x64, 0x52, 0x61, 0x6E, 0x67, 0x65, 0xC3, 0x01, 0x07, 0x14,
		0x00, 0x28, 0x61, 0x78, 0x14, 0x00, 0x02, 0x3B, 0x00, 0x7E, 0x4F, 0x75,
		0x74, 0x73, 0x69, 0x64, 0x65, 0x19, 0x00, 0x23, 0x49, 0x6E, 0x18, 0x00,
		0x20, 0x6E, 0x52, 0xC9, 0x00, 0x04, 0x8B, 0x01, 0x52, 0x52, 0x4F, 0x55,
		0x4E, 0x44, 0x8B, 0x01, 0x71, 0x4E, 0x45, 0x41, 0x52, 0x45, 0x53, 0x54,
		0x41, 0x04, 0x34, 0x69, 0x61, 0x73, 0x22, 0x00, 0x42, 0x42, 0x49, 0x41,
		0x53, 0x21, 0x00, 0x00, 0xB2, 0x02, 0x32, 0x44, 0x41, 0x52, 0xDB, 0x00,
		0x00, 0x23, 0x00, 0x62, 0x50, 0x61, 0x72, 0x61, 0x6D, 0x65, 0x10, 0x01,
		0x31, 0x43, 0x75, 0x72, 0x40, 0x01, 0x50, 0x73, 0x70, 0x6C, 0x69, 0x6E,
		0x09, 0x00, 0x10, 0x74, 0xA4, 0x00, 0x30, 0x6E, 0x74, 0x73, 0x59, 0x02,
		0x98, 0x44, 0x6F, 0x6D, 0x61, 0x69, 0x6E, 0x4D, 0x69, 0x6E, 0x0E, 0x00,
		0x20, 0x61, 0x78, 0x0E, 0x00, 0x10, 0x49, 0xB7, 0x04, 0x42, 0x61, 0x6C,
		0x69, 0x7A, 0x4D, 0x04, 0x41, 0x49, 0x4E, 0x49, 0x54, 0x14, 0x00, 0x40,
		0x46, 0x6C, 0x6F, 0x61, 0x70, 0x02, 0x02, 0xE1, 0x02, 0x01, 0xEA, 0x03,
		0x03, 0x36, 0x04, 0x00, 0x3D, 0x03, 0xF9, 0x05, 0x54, 0x52, 0x4F, 0x4C,
		0x5F, 0x50, 0x4F, 0x49, 0x4E, 0x54, 0x5F, 0x43, 0x4F, 0x4D, 0x50, 0x4F,
		0x4E, 0x45, 0x4E, 0x54, 0x3B, 0x04, 0x50, 0x52, 0x45, 0x4D, 0x41, 0x50,
		0xCB, 0x00, 0x02, 0xFE, 0x00, 0x54, 0x46, 0x69, 0x65, 0x6C, 0x64, 0x5F,
		0x00, 0xC0, 0x43, 0x72, 0x65, 0x61, 0x74, 0x65, 0x53, 0x65, 0x71, 0x75,
		0x65, 0x6E, 0x7C, 0x00, 0x62, 0x50, 0x61, 0x74, 0x68, 0x56, 0x32, 0x33,
		0x01, 0x90, 0x75, 0x6D, 0x54, 0x6F, 0x41, 0x73, 0x73, 0x69, 0x67, 0x70,
		0x01, 0x00, 0x19, 0x00, 0x01, 0xE4, 0x00, 0x01, 0xE9, 0x02, 0x38, 0x45,
		0x6E, 0x64, 0x69, 0x04, 0x41, 0x4E, 0x75, 0x6D, 0x62, 0xFA, 0x00, 0x74,
		0x4F, 0x70, 0x65, 0x72, 0x61, 0x74, 0x6F, 0x0C, 0x05, 0x30, 0x46, 0x61,
		0x64, 0x65, 0x03, 0x43, 0x53, 0x69, 0x6D, 0x70, 0x98, 0x02, 0x03, 0x12,
		0x00, 0x46, 0x54, 0x69, 0x6D, 0x65, 0x23, 0x00, 0x2B, 0x49, 0x6E, 0x22,
		0x00, 0x26, 0x49, 0x6E, 0x21, 0x00, 0x92, 0x52, 0x65, 0x6D, 0x61, 0x70,
		0x43, 0x50, 0x74, 0x6F, 0xDA, 0x03, 0x01, 0xE4, 0x04, 0x11, 0x50, 0x0A,
		0x01, 0x00, 0x0B, 0x00, 0x01, 0xCD, 0x00, 0x02, 0xD8, 0x00, 0x00, 0x4F,
		0x01, 0x25, 0x49, 0x6E, 0xD1, 0x03, 0x16, 0x76, 0xDE, 0x03, 0x01, 0x48,
		0x00, 0x95, 0x4F, 0x73, 0x63, 0x69, 0x6C, 0x6C, 0x61, 0x74, 0x65, 0x48,
		0x00, 0x00, 0xD6, 0x03, 0x02, 0x4D, 0x02, 0x01, 0x0A, 0x00, 0x01, 0x36,
		0x00, 0x21, 0x46, 0x72, 0x0B, 0x01, 0x22, 0x63, 0x79, 0x19, 0x00, 0x06,
		0x0F, 0x00, 0x04, 0x47, 0x00, 0x50, 0x44, 0x65, 0x63, 0x61, 0x79, 0x33,
		0x00, 0x55, 0x65, 0x6E, 0x64, 0x65, 0x72, 0xF6, 0x05, 0x02, 0x0F, 0x00,
		0x52, 0x52, 0x6F, 0x70, 0x65, 0x73, 0x3E, 0x04, 0x84, 0x54, 0x65, 0x78,
		0x74, 0x75, 0x72, 0x65, 0x73, 0xAA, 0x00, 0x13, 0x68, 0x11, 0x00, 0xF6,
		0x12, 0x00, 0x6D, 0x61, 0x74, 0x65, 0x72, 0x69, 0x61, 0x6C, 0x73, 0x2F,
		0x73, 0x70, 0x72, 0x69, 0x74, 0x65, 0x73, 0x2F, 0x6C, 0x61, 0x73, 0x65,
		0x72, 0x62, 0x65, 0x61, 0x6D, 0x2E, 0x76, 0x74, 0x65, 0x78, 0xA9, 0x01,
		0x52, 0x42, 0x6C, 0x65, 0x6E, 0x64, 0x56, 0x03, 0xB0, 0x41, 0x52, 0x54,
		0x49, 0x43, 0x4C, 0x45, 0x5F, 0x4F, 0x55, 0x54, 0x5D, 0x03, 0x52, 0x42,
		0x4C, 0x45, 0x4E, 0x44, 0x63, 0x03, 0x20, 0x41, 0x44, 0x84, 0x02, 0x00,
		0x50, 0x02, 0x86, 0x54, 0x65, 0x73, 0x73, 0x65, 0x6C, 0x61, 0x74, 0xE6,
		0x06, 0x0A, 0x12, 0x00, 0x23, 0x66, 0x6C, 0x83, 0x00, 0xA9, 0x56, 0x57,
		0x6F, 0x72, 0x6C, 0x64, 0x53, 0x69, 0x7A, 0x65, 0x16, 0x00, 0x63, 0x53,
		0x63, 0x72, 0x6F, 0x6C, 0x6C, 0xEB, 0x04, 0xF1, 0x03, 0x62, 0x44, 0x69,
		0x73, 0x61, 0x62, 0x6C, 0x65, 0x5A, 0x42, 0x75, 0x66, 0x66, 0x65, 0x72,
		0x69, 0x6E, 0x67, 0x2C, 0x00, 0xE2, 0x53, 0x65, 0x6C, 0x66, 0x49, 0x6C,
		0x6C, 0x75, 0x6D, 0x41, 0x6D, 0x6F, 0x75, 0x6E, 0x9F, 0x05, 0x98, 0x4F,
		0x76, 0x65, 0x72, 0x62, 0x72, 0x69, 0x67, 0x68, 0xDF, 0x03, 0x63, 0x52,
		0x61, 0x64, 0x69, 0x75, 0x73, 0x60, 0x04, 0x05, 0xF2, 0x00, 0x13, 0x70,
		0x04, 0x07, 0x10, 0x2F, 0xEE, 0x00, 0xA4, 0x5F, 0x65, 0x6E, 0x65, 0x72,
		0x67, 0x79, 0x5F, 0x30, 0x31, 0xF8, 0x00, 0x52, 0x62, 0x4F, 0x6E, 0x6C,
		0x79, 0x4A, 0x01, 0xF0, 0x00, 0x49, 0x6E, 0x45, 0x66, 0x66, 0x65, 0x63,
		0x74, 0x73, 0x42, 0x6C, 0x6F, 0x6F, 0x6D, 0x50, 0xE7, 0x07, 0x4F, 0x00,
		0x00, 0x74, 0x00, 0x01, 0x00, 0xD8, 0x3F, 0xE0, 0x6F, 0x40, 0x08, 0x00,
		0x02, 0x3F, 0x00, 0xF0, 0x3F, 0x08, 0x00, 0x03, 0x2F, 0xF8, 0xBF, 0x08,
		0x00, 0x04, 0x1F, 0x3F, 0x08, 0x00, 0x03, 0x2F, 0x18, 0x40, 0x08, 0x00,
		0x03, 0x1E, 0x20, 0x08, 0x00, 0x0F, 0x01, 0x00, 0xFF, 0xFF, 0x19, 0x50,
		0x00, 0x00, 0x00, 0x00, 0x00, 0xFB, 0x02, 0x09, 0x00, 0x00, 0x00, 0x01,
		0x00, 0x00, 0x00, 0x02, 0x00, 0x00, 0x00, 0x31, 0x00, 0x00, 0x00, 0x04,
		0x0C, 0x00, 0x1F, 0x03, 0x0C, 0x00, 0x04, 0x04, 0x34, 0x00, 0x00, 0x04,
		0x00, 0x13, 0x05, 0x04, 0x00, 0x00, 0x14, 0x00, 0x13, 0x0B, 0x08, 0x00,
		0x04, 0x28, 0x00, 0x0F, 0x08, 0x00, 0x0D, 0x0F, 0x30, 0x00, 0x1D, 0x60,
		0x01, 0x01, 0x03, 0x02, 0x02, 0x03, 0x04, 0x00, 0x01, 0x03, 0x00, 0x21,
		0x05, 0x03, 0x01, 0x00, 0x11, 0x02, 0x16, 0x00, 0x07, 0x03, 0x00, 0x0C,
		0x10, 0x00, 0x27, 0x00, 0x00, 0xB4, 0x00, 0x13, 0x0C, 0xCC, 0x00, 0x13,
		0x08, 0x54, 0x00, 0x00, 0xBC, 0x00, 0x53, 0x06, 0x00, 0x00, 0x00, 0x07,
		0x14, 0x00, 0x00, 0x01, 0x00, 0x00, 0x18, 0x01, 0x13, 0x0A, 0xA0, 0x00,
		0x00, 0x30, 0x00, 0xF3, 0x0A, 0x0D, 0x00, 0x00, 0x00, 0x0E, 0x00, 0x00,
		0x00, 0x0F, 0x00, 0x00, 0x00, 0x10, 0x00, 0x00, 0x00, 0xFF, 0xFF, 0xFF,
		0xFF, 0x11, 0x00, 0x00, 0x00, 0x12, 0x4C, 0x00, 0x13, 0x13, 0x44, 0x00,
		0xF3, 0x06, 0x14, 0x00, 0x00, 0x00, 0x15, 0x00, 0x00, 0x00, 0x16, 0x00,
		0x00, 0x00, 0x17, 0x00, 0x00, 0x00, 0x18, 0x00, 0x00, 0x00, 0x19, 0x30,
		0x00, 0x93, 0x1A, 0x00, 0x00, 0x00, 0x1B, 0x00, 0x00, 0x00, 0x1C, 0x10,
		0x00, 0xF3, 0x3E, 0x1D, 0x00, 0x00, 0x00, 0x1E, 0x00, 0x00, 0x00, 0x1F,
		0x00, 0x00, 0x00, 0x20, 0x00, 0x00, 0x00, 0x21, 0x00, 0x00, 0x00, 0x22,
		0x00, 0x00, 0x00, 0x23, 0x00, 0x00, 0x00, 0x24, 0x00, 0x00, 0x00, 0x25,
		0x00, 0x00, 0x00, 0x26, 0x00, 0x00, 0x00, 0x27, 0x00, 0x00, 0x00, 0x28,
		0x00, 0x00, 0x00, 0x29, 0x00, 0x00, 0x00, 0x2A, 0x00, 0x00, 0x00, 0x2B,
		0x00, 0x00, 0x00, 0x2C, 0x00, 0x00, 0x00, 0x2D, 0x00, 0x00, 0x00, 0x2E,
		0x00, 0x00, 0x00, 0x2F, 0x00, 0x00, 0x00, 0x30, 0x24, 0x01, 0xF3, 0x3E,
		0x32, 0x00, 0x00, 0x00, 0x33, 0x00, 0x00, 0x00, 0x34, 0x00, 0x00, 0x00,
		0x35, 0x00, 0x00, 0x00, 0x36, 0x00, 0x00, 0x00, 0x37, 0x00, 0x00, 0x00,
		0x38, 0x00, 0x00, 0x00, 0x39, 0x00, 0x00, 0x00, 0x3A, 0x00, 0x00, 0x00,
		0x3B, 0x00, 0x00, 0x00, 0x3C, 0x00, 0x00, 0x00, 0x3D, 0x00, 0x00, 0x00,
		0x3E, 0x00, 0x00, 0x00, 0x3F, 0x00, 0x00, 0x00, 0x40, 0x00, 0x00, 0x00,
		0x41, 0x00, 0x00, 0x00, 0x42, 0x00, 0x00, 0x00, 0x43, 0x00, 0x00, 0x00,
		0x44, 0x00, 0x00, 0x00, 0x45, 0x0C, 0x01, 0x13, 0x46, 0x08, 0x00, 0x93,
		0x47, 0x00, 0x00, 0x00, 0x48, 0x00, 0x00, 0x00, 0x49, 0x10, 0x00, 0x5F,
		0x4A, 0x00, 0x00, 0x00, 0x4B, 0x24, 0x01, 0xFF, 0x05, 0x0C, 0x20, 0x01,
		0x13, 0x4C, 0x20, 0x01, 0x2E, 0x4D, 0x00, 0x20, 0x01, 0x1F, 0x03, 0x24,
		0x01, 0xE4, 0x13, 0x4E, 0x10, 0x00, 0x5F, 0x4F, 0x00, 0x00, 0x00, 0x50,
		0x48, 0x02, 0xFF, 0x05, 0x93, 0x51, 0x00, 0x00, 0x00, 0x52, 0x00, 0x00,
		0x00, 0x53, 0x18, 0x00, 0x53, 0x54, 0x00, 0x00, 0x00, 0x55, 0x0C, 0x00,
		0x53, 0x56, 0x00, 0x00, 0x00, 0x57, 0x0C, 0x00, 0x53, 0x58, 0x00, 0x00,
		0x00, 0x59, 0xE0, 0x04, 0x13, 0x5A, 0x20, 0x01, 0x53, 0x5B, 0x00, 0x00,
		0x00, 0x5C, 0x20, 0x00, 0xF3, 0x02, 0x5D, 0x00, 0x00, 0x00, 0x5E, 0x00,
		0x00, 0x00, 0x5F, 0x00, 0x00, 0x00, 0x60, 0x00, 0x00, 0x00, 0x61, 0x18,
		0x00, 0x53, 0x62, 0x00, 0x00, 0x00, 0x63, 0x0C, 0x00, 0xF3, 0x0A, 0x64,
		0x00, 0x00, 0x00, 0x65, 0x00, 0x00, 0x00, 0x66, 0x00, 0x00, 0x00, 0x67,
		0x00, 0x00, 0x00, 0x68, 0x00, 0x00, 0x00, 0x69, 0x00, 0x00, 0x00, 0x6A,
		0x28, 0x05, 0x13, 0x6B, 0x20, 0x05, 0x1F, 0x6C, 0xAC, 0x01, 0xFF, 0x05,
		0x1F, 0x6D, 0x18, 0x01, 0xFF, 0x05, 0x5F, 0x6E, 0x00, 0x00, 0x00, 0x6F,
		0x1C, 0x01, 0xFF, 0x05, 0x1F, 0x70, 0x18, 0x01, 0xFF, 0x05, 0x1F, 0x71,
		0x58, 0x08, 0xFF, 0x09, 0x08, 0xA8, 0x05, 0x17, 0x72, 0xA8, 0x05, 0x1F,
		0x73, 0xAC, 0x05, 0xFF, 0xFF, 0x32, 0x1F, 0x6F, 0x90, 0x04, 0xFF, 0xFE,
		0x0F, 0xC0, 0x06, 0xFF, 0x25, 0x02, 0x01, 0x00, 0x40, 0x30, 0x40, 0x9A,
		0x99, 0x01, 0x00, 0x22, 0xB9, 0x3F, 0x10, 0x00, 0x13, 0xE0, 0x08, 0x00,
		0x1D, 0x08, 0x18, 0x00, 0x0F, 0x28, 0x00, 0x03, 0x13, 0xD0, 0x08, 0x00,
		0x2F, 0x24, 0x40, 0x10, 0x00, 0x03, 0x1D, 0x20, 0x48, 0x00, 0x11, 0x33,
		0x01, 0x00, 0x1B, 0xE3, 0x50, 0x00, 0x1F, 0x49, 0x88, 0x00, 0x03, 0x3F,
		0x40, 0x5F, 0xC0, 0x78, 0x00, 0x03, 0x1F, 0x14, 0xB8, 0x00, 0x04, 0x2F,
		0xF8, 0x3F, 0x70, 0x00, 0x03, 0x2F, 0xC3, 0x3F, 0x60, 0x00, 0x03, 0x1F,
		0x50, 0x78, 0x00, 0x1C, 0x1F, 0x1E, 0x78, 0x00, 0x04, 0x2F, 0xE8, 0x3F,
		0x90, 0x00, 0x15, 0xF3, 0x24, 0x09, 0x06, 0x0B, 0x0B, 0x11, 0x18, 0x09,
		0x06, 0x18, 0x09, 0x06, 0x09, 0x06, 0x06, 0x05, 0x06, 0x0F, 0x0B, 0x0B,
		0x0F, 0x0E, 0x11, 0x12, 0x0E, 0x0B, 0x06, 0x06, 0x11, 0x11, 0x11, 0x11,
		0x0F, 0x11, 0x12, 0x05, 0x19, 0x05, 0x11, 0x10, 0x06, 0x06, 0x06, 0x12,
		0x05, 0x12, 0x0D, 0x11, 0x0E, 0x06, 0x12, 0x11, 0x02, 0x00, 0xAF, 0x06,
		0x06, 0x11, 0x09, 0x08, 0x08, 0x19, 0x05, 0x19, 0x05, 0x3C, 0x00, 0x29,
		0x00, 0x3A, 0x00, 0x3F, 0x11, 0x06, 0x0B, 0x3A, 0x00, 0x0E, 0x4A, 0x05,
		0x05, 0x05, 0x05, 0x3A, 0x00, 0x1F, 0x10, 0x75, 0x00, 0x27, 0xB1, 0x09,
		0x10, 0x18, 0x09, 0x06, 0x05, 0x06, 0x05, 0x06, 0x0B, 0x0B, 0x84, 0x00,
		0x00, 0x05, 0x00, 0x01, 0x09, 0x00, 0x01, 0x09, 0x01, 0x5F, 0x86, 0x01,
		0x06, 0x0B, 0x0B, 0x5C, 0x00, 0x27, 0x0F, 0x39, 0x00, 0x25, 0x1F, 0x0D,
		0x73, 0x00, 0x5F, 0x0F, 0xB6, 0x01, 0x27, 0x01, 0x26, 0x01, 0x1F, 0x0D,
		0x27, 0x01, 0x61, 0x0F, 0x39, 0x00, 0x97, 0x50, 0x05, 0x00, 0xDD, 0xEE,
		0xFF
	};

	inline unsigned char sparks[ 3705 ]
	{
		0x79, 0x0E, 0x00, 0x00, 0x0C, 0x00, 0x01, 0x00, 0x08, 0x00, 0x00, 0x00,
		0x03, 0x00, 0x00, 0x00, 0x52, 0x45, 0x52, 0x4C, 0x20, 0x00, 0x00, 0x00,
		0x39, 0x00, 0x00, 0x00, 0x52, 0x45, 0x44, 0x32, 0x50, 0x00, 0x00, 0x00,
		0xFD, 0x03, 0x00, 0x00, 0x44, 0x41, 0x54, 0x41, 0x44, 0x04, 0x00, 0x00,
		0x09, 0x0A, 0x00, 0x00, 0x0C, 0x00, 0x00, 0x00, 0x01, 0x00, 0x00, 0x00,
		0x00, 0x00, 0x00, 0x00, 0xA0, 0x27, 0x7E, 0x64, 0xC0, 0xEF, 0xE9, 0xE4,
		0x08, 0x00, 0x00, 0x00, 0x00, 0x00, 0x00, 0x00, 0x6D, 0x61, 0x74, 0x65,
		0x72, 0x69, 0x61, 0x6C, 0x73, 0x2F, 0x65, 0x66, 0x66, 0x65, 0x63, 0x74,
		0x73, 0x2F, 0x73, 0x70, 0x61, 0x72, 0x6B, 0x2E, 0x76, 0x74, 0x65, 0x78,
		0x00, 0x00, 0x00, 0x00, 0x05, 0x33, 0x56, 0x4B, 0x7C, 0x16, 0x12, 0x74,
		0xE9, 0x06, 0x98, 0x46, 0xAF, 0xF2, 0xE6, 0x3E, 0xB5, 0x90, 0x37, 0xE7,
		0x01, 0x00, 0x00, 0x00, 0x00, 0x00, 0x00, 0x40, 0x5C, 0x03, 0x00, 0x00,
		0x01, 0x00, 0x00, 0x00, 0x00, 0x00, 0x00, 0x00, 0x30, 0x00, 0x00, 0x00,
		0x09, 0x00, 0x07, 0x00, 0xBC, 0x04, 0x00, 0x00, 0x85, 0x03, 0x00, 0x00,
		0x00, 0x00, 0x00, 0x00, 0x00, 0x00, 0x00, 0x00, 0x00, 0x00, 0x00, 0x00,
		0x00, 0x00, 0x00, 0x00, 0x60, 0x03, 0x00, 0x00, 0x80, 0x02, 0x00, 0x00,
		0x5C, 0x01, 0x00, 0x00, 0x05, 0x01, 0x00, 0x00, 0x03, 0x00, 0x00, 0x00,
		0x00, 0x00, 0x00, 0x00, 0x3D, 0x00, 0x00, 0x00, 0x01, 0x00, 0x00, 0x00,
		0x2D, 0x00, 0x00, 0x00, 0x09, 0x00, 0x00, 0x00, 0x07, 0x00, 0x00, 0x00,
		0x08, 0x00, 0x00, 0x00, 0xF0, 0x51, 0x6D, 0x5F, 0x49, 0x6E, 0x70, 0x75,
		0x74, 0x44, 0x65, 0x70, 0x65, 0x6E, 0x64, 0x65, 0x6E, 0x63, 0x69, 0x65,
		0x73, 0x00, 0x6D, 0x5F, 0x52, 0x65, 0x6C, 0x61, 0x74, 0x69, 0x76, 0x65,
		0x46, 0x69, 0x6C, 0x65, 0x6E, 0x61, 0x6D, 0x65, 0x00, 0x70, 0x61, 0x72,
		0x74, 0x69, 0x63, 0x6C, 0x65, 0x73, 0x2F, 0x73, 0x70, 0x61, 0x72, 0x6B,
		0x2E, 0x76, 0x70, 0x63, 0x66, 0x00, 0x6D, 0x5F, 0x53, 0x65, 0x61, 0x72,
		0x63, 0x68, 0x50, 0x61, 0x74, 0x68, 0x00, 0x63, 0x73, 0x67, 0x6F, 0x5F,
		0x61, 0x64, 0x64, 0x6F, 0x6E, 0x73, 0x2F, 0x62, 0x6C, 0x69, 0x6E, 0x71,
		0x65, 0x64, 0x00, 0x6D, 0x5F, 0x6E, 0x42, 0x00, 0xF0, 0x00, 0x43, 0x52,
		0x43, 0x00, 0x6D, 0x5F, 0x62, 0x4F, 0x70, 0x74, 0x69, 0x6F, 0x6E, 0x61,
		0x6C, 0x0C, 0x00, 0x00, 0x17, 0x00, 0x60, 0x45, 0x78, 0x69, 0x73, 0x74,
		0x73, 0x0E, 0x00, 0x51, 0x49, 0x73, 0x47, 0x61, 0x6D, 0x6D, 0x00, 0x72,
		0x00, 0x6D, 0x5F, 0x41, 0x64, 0x64, 0x69, 0x29, 0x00, 0x0F, 0x9A, 0x00,
		0x01, 0x7C, 0x41, 0x72, 0x67, 0x75, 0x6D, 0x65, 0x6E, 0x17, 0x00, 0xA0,
		0x50, 0x61, 0x72, 0x61, 0x6D, 0x65, 0x74, 0x65, 0x72, 0x4E, 0xAE, 0x00,
		0xB2, 0x5F, 0x5F, 0x5F, 0x4F, 0x76, 0x65, 0x72, 0x72, 0x69, 0x64, 0x65,
		0x44, 0x00, 0x68, 0x61, 0x74, 0x61, 0x5F, 0x5F, 0x5F, 0x28, 0x00, 0xF2,
		0x03, 0x54, 0x79, 0x70, 0x65, 0x00, 0x42, 0x69, 0x6E, 0x61, 0x72, 0x79,
		0x42, 0x6C, 0x6F, 0x62, 0x41, 0x72, 0x67, 0xAE, 0x00, 0x9B, 0x6E, 0x67,
		0x65, 0x72, 0x70, 0x72, 0x69, 0x6E, 0x74, 0x0F, 0x00, 0x70, 0x44, 0x65,
		0x66, 0x61, 0x75, 0x6C, 0x74, 0xF4, 0x00, 0x6B, 0x70, 0x65, 0x63, 0x69,
		0x61, 0x6C, 0x81, 0x00, 0xF4, 0x0F, 0x53, 0x74, 0x72, 0x69, 0x6E, 0x67,
		0x00, 0x4B, 0x56, 0x33, 0x20, 0x43, 0x6F, 0x6D, 0x70, 0x69, 0x6C, 0x65,
		0x72, 0x20, 0x56, 0x65, 0x72, 0x73, 0x69, 0x6F, 0x6E, 0x00, 0x6D, 0x5F,
		0x13, 0x00, 0xB3, 0x49, 0x64, 0x65, 0x6E, 0x74, 0x69, 0x66, 0x69, 0x65,
		0x72, 0x00, 0x13, 0x00, 0x13, 0x50, 0x59, 0x01, 0x00, 0x6F, 0x00, 0x40,
		0x55, 0x73, 0x65, 0x72, 0xAB, 0x00, 0x14, 0x00, 0x15, 0x00, 0x0E, 0x4B,
		0x00, 0x08, 0x1F, 0x01, 0x01, 0xA5, 0x01, 0x20, 0x65, 0x64, 0x37, 0x01,
		0x10, 0x73, 0x64, 0x00, 0xF0, 0x00, 0x68, 0x69, 0x6C, 0x64, 0x52, 0x65,
		0x73, 0x6F, 0x75, 0x72, 0x63, 0x65, 0x4C, 0x69, 0x73, 0xAC, 0x00, 0xB5,
		0x57, 0x65, 0x61, 0x6B, 0x52, 0x65, 0x66, 0x65, 0x72, 0x65, 0x6E, 0x14,
		0x00, 0x02, 0xB4, 0x01, 0x45, 0x61, 0x62, 0x6C, 0x65, 0x70, 0x00, 0x04,
		0xDE, 0x01, 0x86, 0x5F, 0x67, 0x72, 0x6F, 0x75, 0x70, 0x69, 0x64, 0x11,
		0x00, 0x86, 0x6D, 0x61, 0x78, 0x63, 0x6F, 0x75, 0x6E, 0x74, 0x12, 0x00,
		0xF9, 0x01, 0x74, 0x69, 0x6D, 0x65, 0x5F, 0x74, 0x6F, 0x5F, 0x73, 0x6C,
		0x65, 0x65, 0x70, 0x00, 0x49, 0x73, 0x77, 0x00, 0x00, 0x5F, 0x00, 0x75,
		0x75, 0x62, 0x61, 0x73, 0x73, 0x65, 0x74, 0x77, 0x00, 0x16, 0x73, 0x3C,
		0x00, 0xF0, 0x12, 0x6F, 0x70, 0x65, 0x72, 0x61, 0x74, 0x6F, 0x72, 0x00,
		0x43, 0x5F, 0x4F, 0x50, 0x5F, 0x49, 0x6E, 0x73, 0x74, 0x61, 0x6E, 0x74,
		0x61, 0x6E, 0x65, 0x6F, 0x75, 0x73, 0x45, 0x6D, 0x69, 0x74, 0x74, 0x65,
		0x1A, 0x00, 0xF4, 0x04, 0x49, 0x4E, 0x49, 0x54, 0x5F, 0x56, 0x65, 0x6C,
		0x6F, 0x63, 0x69, 0x74, 0x79, 0x52, 0x61, 0x6E, 0x64, 0x6F, 0x6D, 0x16,
		0x00, 0x94, 0x49, 0x6E, 0x69, 0x74, 0x46, 0x6C, 0x6F, 0x61, 0x74, 0x11,
		0x00, 0xD2, 0x43, 0x72, 0x65, 0x61, 0x74, 0x65, 0x46, 0x72, 0x6F, 0x6D,
		0x43, 0x50, 0x73, 0x56, 0x00, 0xC5, 0x52, 0x65, 0x6D, 0x61, 0x70, 0x43,
		0x50, 0x74, 0x6F, 0x56, 0x65, 0x63, 0x6B, 0x00, 0x90, 0x42, 0x61, 0x73,
		0x69, 0x63, 0x4D, 0x6F, 0x76, 0x65, 0x3B, 0x02, 0x02, 0x13, 0x00, 0x52,
		0x44, 0x65, 0x63, 0x61, 0x79, 0x0B, 0x00, 0xF4, 0x03, 0x57, 0x6F, 0x72,
		0x6C, 0x64, 0x54, 0x72, 0x61, 0x63, 0x65, 0x43, 0x6F, 0x6E, 0x73, 0x74,
		0x72, 0x61, 0x69, 0x25, 0x00, 0x10, 0x52, 0xE3, 0x01, 0x67, 0x72, 0x54,
		0x72, 0x61, 0x69, 0x6C, 0xC7, 0x00, 0xF6, 0x02, 0x66, 0x65, 0x61, 0x74,
		0x75, 0x72, 0x65, 0x00, 0x42, 0x6C, 0x6F, 0x6F, 0x6D, 0x50, 0x61, 0x73,
		0x73, 0xF7, 0x00, 0x00, 0x28, 0x02, 0xD0, 0x69, 0x6E, 0x69, 0x74, 0x69,
		0x6F, 0x6E, 0x73, 0x00, 0x2E, 0x00, 0x00, 0x00, 0x9B, 0x0A, 0x00, 0x00,
		0x00, 0x06, 0x00, 0x00, 0x00, 0x04, 0x04, 0x00, 0x90, 0x02, 0x00, 0x00,
		0x00, 0x09, 0x00, 0x00, 0x00, 0x01, 0x04, 0x00, 0x10, 0x01, 0x0E, 0x00,
		0x02, 0x0C, 0x00, 0x00, 0x0A, 0x00, 0x13, 0x03, 0x24, 0x00, 0x80, 0x05,
		0x00, 0x00, 0x00, 0x72, 0xFA, 0x46, 0xC2, 0x40, 0x00, 0x53, 0x07, 0x00,
		0x00, 0x00, 0x08, 0x34, 0x00, 0x00, 0x01, 0x00, 0x00, 0x58, 0x00, 0xF3,
		0x1A, 0x0B, 0x00, 0x00, 0x00, 0x0C, 0x00, 0x00, 0x00, 0x0D, 0x00, 0x00,
		0x00, 0x0E, 0x00, 0x00, 0x00, 0x0F, 0x00, 0x00, 0x00, 0x10, 0x00, 0x00,
		0x00, 0x11, 0x00, 0x00, 0x00, 0x12, 0x00, 0x00, 0x00, 0x13, 0x00, 0x00,
		0x00, 0x14, 0x00, 0x00, 0x00, 0x15, 0x1C, 0x00, 0x00, 0x5C, 0x00, 0x13,
		0x16, 0x1C, 0x00, 0x1F, 0x17, 0x1C, 0x00, 0x04, 0x13, 0x18, 0x60, 0x00,
		0x13, 0x19, 0x08, 0x00, 0x13, 0x1A, 0x08, 0x00, 0xF3, 0x32, 0x1B, 0x00,
		0x00, 0x00, 0x1C, 0x00, 0x00, 0x00, 0x1D, 0x00, 0x00, 0x00, 0xE8, 0x03,
		0x00, 0x00, 0x1E, 0x00, 0x00, 0x00, 0x1F, 0x00, 0x00, 0x00, 0x20, 0x00,
		0x00, 0x00, 0x21, 0x00, 0x00, 0x00, 0x22, 0x00, 0x00, 0x00, 0x23, 0x00,
		0x00, 0x00, 0x24, 0x00, 0x00, 0x00, 0x25, 0x00, 0x00, 0x00, 0x26, 0x00,
		0x00, 0x00, 0x27, 0x00, 0x00, 0x00, 0x28, 0x00, 0x00, 0x00, 0x29, 0x00,
		0x00, 0x00, 0x2A, 0x64, 0x00, 0xA8, 0x2B, 0x00, 0x00, 0x00, 0x2C, 0x00,
		0x00, 0x00, 0x2D, 0x00, 0x01, 0x00, 0xC0, 0x20, 0x40, 0x09, 0x18, 0x09,
		0x06, 0x06, 0x0C, 0x0E, 0x0D, 0x0E, 0x08, 0x09, 0x00, 0x21, 0x0F, 0x0F,
		0x0F, 0x00, 0x10, 0x0F, 0x04, 0x00, 0xB3, 0x08, 0x08, 0x08, 0x09, 0x0F,
		0x0B, 0x05, 0x0F, 0x09, 0x09, 0x10, 0x01, 0x00, 0x80, 0x0B, 0x09, 0x10,
		0x01, 0x00, 0xDD, 0xEE, 0xFF, 0x00, 0x00, 0x00, 0x05, 0x33, 0x56, 0x4B,
		0x9E, 0xA6, 0xE6, 0xA6, 0xD3, 0x52, 0x27, 0x45, 0x8B, 0x9C, 0xFF, 0x3B,
		0xB9, 0x1A, 0xCA, 0x3E, 0x01, 0x00, 0x00, 0x00, 0x00, 0x00, 0x00, 0x40,
		0xDD, 0x08, 0x00, 0x00, 0x0A, 0x00, 0x00, 0x00, 0xFF, 0x00, 0x00, 0x00,
		0xE8, 0x05, 0x00, 0x00, 0x44, 0x00, 0xA3, 0x00, 0xC4, 0x36, 0x00, 0x00,
		0x91, 0x09, 0x00, 0x00, 0x00, 0x00, 0x00, 0x00, 0x00, 0x00, 0x00, 0x00,
		0x00, 0x00, 0x00, 0x00, 0x00, 0x00, 0x00, 0x00, 0x00, 0x11, 0x00, 0x00,
		0xD9, 0x05, 0x00, 0x00, 0xC4, 0x25, 0x00, 0x00, 0xB8, 0x03, 0x00, 0x00,
		0x70, 0x00, 0x00, 0x00, 0x00, 0x00, 0x00, 0x00, 0x14, 0x07, 0x00, 0x00,
		0x41, 0x00, 0x00, 0x00, 0x76, 0x05, 0x00, 0x00, 0x44, 0x00, 0x00, 0x00,
		0x3B, 0x00, 0x00, 0x00, 0x40, 0x00, 0x00, 0x00, 0xF2, 0x21, 0x5F, 0x63,
		0x6C, 0x61, 0x73, 0x73, 0x00, 0x43, 0x50, 0x61, 0x72, 0x74, 0x69, 0x63,
		0x6C, 0x65, 0x53, 0x79, 0x73, 0x74, 0x65, 0x6D, 0x44, 0x65, 0x66, 0x69,
		0x6E, 0x69, 0x74, 0x69, 0x6F, 0x6E, 0x00, 0x6D, 0x5F, 0x6E, 0x42, 0x65,
		0x68, 0x61, 0x76, 0x69, 0x6F, 0x72, 0x56, 0x65, 0x72, 0x73, 0x13, 0x00,
		0xF0, 0x06, 0x63, 0x6F, 0x6E, 0x74, 0x72, 0x6F, 0x6C, 0x50, 0x6F, 0x69,
		0x6E, 0x74, 0x43, 0x6F, 0x6E, 0x66, 0x69, 0x67, 0x75, 0x72, 0x61, 0x2F,
		0x00, 0x10, 0x73, 0x30, 0x00, 0xF3, 0x1A, 0x61, 0x6D, 0x65, 0x00, 0x70,
		0x72, 0x65, 0x76, 0x69, 0x65, 0x77, 0x00, 0x6D, 0x5F, 0x45, 0x6D, 0x69,
		0x74, 0x74, 0x65, 0x72, 0x73, 0x00, 0x43, 0x5F, 0x4F, 0x50, 0x5F, 0x49,
		0x6E, 0x73, 0x74, 0x61, 0x6E, 0x74, 0x61, 0x6E, 0x65, 0x6F, 0x75, 0x73,
		0x1B, 0x00, 0x00, 0x34, 0x00, 0x04, 0x80, 0x00, 0x30, 0x73, 0x54, 0x6F,
		0x16, 0x00, 0x00, 0x13, 0x00, 0xF0, 0x05, 0x54, 0x79, 0x70, 0x65, 0x00,
		0x50, 0x46, 0x5F, 0x54, 0x59, 0x50, 0x45, 0x5F, 0x4C, 0x49, 0x54, 0x45,
		0x52, 0x41, 0x4C, 0x18, 0x00, 0x34, 0x4D, 0x61, 0x70, 0x1B, 0x00, 0x32,
		0x4D, 0x41, 0x50, 0x1F, 0x00, 0xF4, 0x10, 0x44, 0x49, 0x52, 0x45, 0x43,
		0x54, 0x00, 0x6D, 0x5F, 0x66, 0x6C, 0x4C, 0x69, 0x74, 0x65, 0x72, 0x61,
		0x6C, 0x56, 0x61, 0x6C, 0x75, 0x65, 0x00, 0x6D, 0x5F, 0x4E, 0x61, 0x6D,
		0x65, 0x64, 0x0D, 0x00, 0x27, 0x6E, 0x43, 0xB9, 0x00, 0x00, 0x10, 0x00,
		0xE1, 0x53, 0x63, 0x61, 0x6C, 0x61, 0x72, 0x41, 0x74, 0x74, 0x72, 0x69,
		0x62, 0x75, 0x74, 0x23, 0x00, 0x5F, 0x56, 0x65, 0x63, 0x74, 0x6F, 0x13,
		0x00, 0x01, 0x71, 0x43, 0x6F, 0x6D, 0x70, 0x6F, 0x6E, 0x65, 0x39, 0x00,
		0xD1, 0x62, 0x52, 0x65, 0x76, 0x65, 0x72, 0x73, 0x65, 0x4F, 0x72, 0x64,
		0x65, 0x72, 0x77, 0x00, 0x98, 0x52, 0x61, 0x6E, 0x64, 0x6F, 0x6D, 0x4D,
		0x69, 0x6E, 0x0E, 0x00, 0x20, 0x61, 0x78, 0x2C, 0x00, 0x32, 0x48, 0x61,
		0x73, 0x10, 0x00, 0x80, 0x53, 0x69, 0x67, 0x6E, 0x46, 0x6C, 0x69, 0x70,
		0x54, 0x00, 0x03, 0x12, 0x00, 0x36, 0x65, 0x65, 0x64, 0x0E, 0x00, 0x31,
		0x4D, 0x6F, 0x64, 0xD7, 0x00, 0xF0, 0x04, 0x52, 0x41, 0x4E, 0x44, 0x4F,
		0x4D, 0x5F, 0x4D, 0x4F, 0x44, 0x45, 0x5F, 0x43, 0x4F, 0x4E, 0x53, 0x54,
		0x41, 0x4E, 0xDC, 0x00, 0xF2, 0x02, 0x73, 0x74, 0x72, 0x53, 0x6E, 0x61,
		0x70, 0x73, 0x68, 0x6F, 0x74, 0x53, 0x75, 0x62, 0x73, 0x65, 0x74, 0xF0,
		0x00, 0x34, 0x4F, 0x44, 0x30, 0x09, 0x00, 0x14, 0x31, 0x09, 0x00, 0x14,
		0x32, 0x09, 0x00, 0x10, 0x33, 0x5E, 0x00, 0xAE, 0x4E, 0x6F, 0x69, 0x73,
		0x65, 0x49, 0x6E, 0x70, 0x75, 0x74, 0xDD, 0x00, 0x21, 0x66, 0x6C, 0x1E,
		0x00, 0x64, 0x4F, 0x75, 0x74, 0x70, 0x75, 0x74, 0xBF, 0x00, 0x08, 0x13,
		0x00, 0x26, 0x61, 0x78, 0x13, 0x00, 0x00, 0x2F, 0x01, 0x00, 0x35, 0x00,
		0x32, 0x76, 0x65, 0x63, 0x23, 0x00, 0x79, 0x66, 0x66, 0x73, 0x65, 0x74,
		0x52, 0x61, 0x4A, 0x00, 0x01, 0x14, 0x00, 0x05, 0x77, 0x00, 0x75, 0x4F,
		0x63, 0x74, 0x61, 0x76, 0x65, 0x73, 0x10, 0x00, 0x91, 0x54, 0x75, 0x72,
		0x62, 0x75, 0x6C, 0x65, 0x6E, 0x63, 0xEA, 0x00, 0xF6, 0x00, 0x4E, 0x4F,
		0x49, 0x53, 0x45, 0x5F, 0x54, 0x55, 0x52, 0x42, 0x5F, 0x4E, 0x4F, 0x4E,
		0x45, 0x26, 0x00, 0x28, 0x79, 0x70, 0x20, 0x00, 0x00, 0xE3, 0x01, 0x65,
		0x50, 0x45, 0x52, 0x4C, 0x49, 0x4E, 0x22, 0x00, 0x85, 0x4D, 0x6F, 0x64,
		0x69, 0x66, 0x69, 0x65, 0x72, 0x26, 0x00, 0x00, 0x2F, 0x01, 0x54, 0x49,
		0x46, 0x49, 0x45, 0x52, 0x4A, 0x00, 0x2B, 0x66, 0x6C, 0x71, 0x00, 0x04,
		0xBE, 0x00, 0x0D, 0x19, 0x00, 0x27, 0x4D, 0x69, 0xE4, 0x00, 0x42, 0x49,
		0x6D, 0x67, 0x50, 0xBD, 0x02, 0x04, 0x30, 0x00, 0x1B, 0x62, 0x18, 0x00,
		0x34, 0x4C, 0x69, 0x76, 0x47, 0x00, 0xE0, 0x43, 0x61, 0x6D, 0x65, 0x72,
		0x61, 0x46, 0x61, 0x6C, 0x6C, 0x62, 0x61, 0x63, 0x6B, 0x2C, 0x00, 0xC3,
		0x55, 0x73, 0x65, 0x42, 0x6F, 0x75, 0x6E, 0x64, 0x73, 0x43, 0x65, 0x6E,
		0xDC, 0x02, 0x01, 0x7A, 0x01, 0x04, 0xDC, 0x01, 0x53, 0x49, 0x4E, 0x50,
		0x55, 0x54, 0xDB, 0x01, 0x61, 0x4C, 0x41, 0x4D, 0x50, 0x45, 0x44, 0x4B,
		0x00, 0x60, 0x4D, 0x75, 0x6C, 0x74, 0x46, 0x61, 0x9D, 0x01, 0x01, 0x0F,
		0x00, 0x01, 0x33, 0x00, 0x16, 0x30, 0x0B, 0x00, 0x02, 0xD9, 0x01, 0x02,
		0x92, 0x01, 0x17, 0x30, 0x0C, 0x00, 0x13, 0x31, 0x88, 0x00, 0xA6, 0x74,
		0x63, 0x68, 0x65, 0x64, 0x52, 0x61, 0x6E, 0x67, 0x65, 0xC3, 0x01, 0x07,
		0x14, 0x00, 0x28, 0x61, 0x78, 0x14, 0x00, 0x02, 0x3B, 0x00, 0x7E, 0x4F,
		0x75, 0x74, 0x73, 0x69, 0x64, 0x65, 0x19, 0x00, 0x23, 0x49, 0x6E, 0x18,
		0x00, 0x20, 0x6E, 0x52, 0xC9, 0x00, 0x04, 0x8B, 0x01, 0x52, 0x52, 0x4F,
		0x55, 0x4E, 0x44, 0x8B, 0x01, 0x71, 0x4E, 0x45, 0x41, 0x52, 0x45, 0x53,
		0x54, 0x1C, 0x04, 0x34, 0x69, 0x61, 0x73, 0x22, 0x00, 0x42, 0x42, 0x49,
		0x41, 0x53, 0x21, 0x00, 0x00, 0xB2, 0x02, 0x32, 0x44, 0x41, 0x52, 0xDB,
		0x00, 0x00, 0x23, 0x00, 0x62, 0x50, 0x61, 0x72, 0x61, 0x6D, 0x65, 0x10,
		0x01, 0x31, 0x43, 0x75, 0x72, 0x40, 0x01, 0x50, 0x73, 0x70, 0x6C, 0x69,
		0x6E, 0x09, 0x00, 0x10, 0x74, 0xA4, 0x00, 0x30, 0x6E, 0x74, 0x73, 0x59,
		0x02, 0x98, 0x44, 0x6F, 0x6D, 0x61, 0x69, 0x6E, 0x4D, 0x69, 0x6E, 0x0E,
		0x00, 0x20, 0x61, 0x78, 0x0E, 0x00, 0x10, 0x49, 0x92, 0x04, 0x42, 0x61,
		0x6C, 0x69, 0x7A, 0x4D, 0x04, 0xF5, 0x02, 0x49, 0x4E, 0x49, 0x54, 0x5F,
		0x43, 0x72, 0x65, 0x61, 0x74, 0x65, 0x46, 0x72, 0x6F, 0x6D, 0x43, 0x50,
		0x15, 0x00, 0x00, 0x29, 0x00, 0x40, 0x46, 0x6C, 0x6F, 0x61, 0x85, 0x02,
		0x02, 0xF6, 0x02, 0x01, 0xFF, 0x03, 0x04, 0x4B, 0x04, 0x03, 0x5E, 0x03,
		0x70, 0x55, 0x4E, 0x49, 0x46, 0x4F, 0x52, 0x4D, 0xC5, 0x00, 0x02, 0xF8,
		0x00, 0x54, 0x46, 0x69, 0x65, 0x6C, 0x64, 0x44, 0x00, 0x82, 0x56, 0x65,
		0x6C, 0x6F, 0x63, 0x69, 0x74, 0x79, 0x99, 0x03, 0xF3, 0x02, 0x00, 0x6D,
		0x5F, 0x4C, 0x6F, 0x63, 0x61, 0x6C, 0x43, 0x6F, 0x6F, 0x72, 0x64, 0x69,
		0x6E, 0x61, 0x74, 0x28, 0x05, 0x50, 0x53, 0x70, 0x65, 0x65, 0x64, 0x72,
		0x01, 0x4C, 0x50, 0x56, 0x45, 0x43, 0xA9, 0x04, 0x1B, 0x76, 0x8A, 0x04,
		0x03, 0x0F, 0x00, 0x31, 0x43, 0x6F, 0x6C, 0xE5, 0x01, 0x79, 0x62, 0x46,
		0x6F, 0x6C, 0x6C, 0x6F, 0x77, 0xA0, 0x04, 0x1B, 0x76, 0xA0, 0x03, 0x04,
		0x82, 0x02, 0x6B, 0x6E, 0x44, 0x65, 0x6C, 0x74, 0x61, 0xBD, 0x04, 0x31,
		0x76, 0x43, 0x50, 0x38, 0x00, 0x05, 0x95, 0x03, 0xD4, 0x43, 0x50, 0x52,
		0x65, 0x6C, 0x61, 0x74, 0x69, 0x76, 0x65, 0x50, 0x6F, 0x73, 0xBE, 0x05,
		0x07, 0x16, 0x00, 0x20, 0x44, 0x69, 0x78, 0x00, 0x01, 0x1A, 0x01, 0x05,
		0xCC, 0x04, 0x1D, 0x58, 0x12, 0x00, 0x1D, 0x59, 0x12, 0x00, 0x14, 0x5A,
		0x12, 0x00, 0x10, 0x49, 0xD2, 0x02, 0x13, 0x70, 0x96, 0x02, 0x00, 0x0B,
		0x00, 0x09, 0xA7, 0x02, 0x05, 0x11, 0x00, 0x10, 0x31, 0x77, 0x00, 0x02,
		0x10, 0x00, 0x06, 0xB2, 0x02, 0x09, 0x11, 0x00, 0x00, 0x22, 0x00, 0x52,
		0x47, 0x72, 0x61, 0x64, 0x69, 0x4E, 0x05, 0x41, 0x53, 0x74, 0x6F, 0x70,
		0xF0, 0x01, 0x08, 0x45, 0x05, 0x18, 0x76, 0x44, 0x05, 0x0F, 0x7E, 0x01,
		0x08, 0x01, 0x20, 0x00, 0x74, 0x4F, 0x70, 0x65, 0x72, 0x61, 0x74, 0x6F,
		0x66, 0x06, 0x52, 0x44, 0x65, 0x63, 0x61, 0x79, 0x0B, 0x00, 0xA1, 0x42,
		0x61, 0x73, 0x69, 0x63, 0x4D, 0x6F, 0x76, 0x65, 0x6D, 0x6C, 0x00, 0x00,
		0x77, 0x00, 0x33, 0x76, 0x69, 0x74, 0x1D, 0x00, 0x92, 0x52, 0x65, 0x6D,
		0x61, 0x70, 0x43, 0x50, 0x74, 0x6F, 0x78, 0x01, 0x01, 0x22, 0x06, 0x11,
		0x50, 0xC4, 0x00, 0x00, 0x0B, 0x00, 0x01, 0x11, 0x02, 0x02, 0xB1, 0x00,
		0x02, 0xC1, 0x00, 0x05, 0x0F, 0x05, 0x18, 0x76, 0x1C, 0x05, 0xA3, 0x43,
		0x6F, 0x6E, 0x73, 0x74, 0x72, 0x61, 0x69, 0x6E, 0x74, 0x7E, 0x00, 0xA6,
		0x57, 0x6F, 0x72, 0x6C, 0x64, 0x54, 0x72, 0x61, 0x63, 0x65, 0x1B, 0x00,
		0x01, 0x28, 0x00, 0x30, 0x6C, 0x6C, 0x69, 0x41, 0x07, 0x60, 0x47, 0x72,
		0x6F, 0x75, 0x70, 0x4E, 0x26, 0x07, 0x61, 0x44, 0x45, 0x42, 0x52, 0x49,
		0x53, 0x26, 0x03, 0x00, 0x35, 0x04, 0x72, 0x63, 0x65, 0x41, 0x6D, 0x6F,
		0x75, 0x6E, 0xD8, 0x05, 0x48, 0x53, 0x6C, 0x69, 0x64, 0x10, 0x00, 0x02,
		0x0F, 0x01, 0x35, 0x44, 0x69, 0x72, 0x97, 0x04, 0x01, 0xE6, 0x00, 0x02,
		0x38, 0x00, 0x01, 0x32, 0x00, 0x00, 0x47, 0x01, 0x01, 0x14, 0x01, 0x02,
		0x52, 0x04, 0x24, 0x69, 0x6E, 0x0D, 0x00, 0x65, 0x52, 0x65, 0x6E, 0x64,
		0x65, 0x72, 0x84, 0x07, 0x02, 0x0F, 0x00, 0x63, 0x54, 0x72, 0x61, 0x69,
		0x6C, 0x73, 0x5B, 0x00, 0x47, 0x64, 0x69, 0x75, 0x73, 0xDD, 0x05, 0x84,
		0x54, 0x65, 0x78, 0x74, 0x75, 0x72, 0x65, 0x73, 0x0B, 0x01, 0x13, 0x68,
		0x11, 0x00, 0xF6, 0x0E, 0x00, 0x6D, 0x61, 0x74, 0x65, 0x72, 0x69, 0x61,
		0x6C, 0x73, 0x2F, 0x65, 0x66, 0x66, 0x65, 0x63, 0x74, 0x73, 0x2F, 0x73,
		0x70, 0x61, 0x72, 0x6B, 0x2E, 0x76, 0x74, 0x65, 0x78, 0x4A, 0x03, 0x52,
		0x42, 0x6C, 0x65, 0x6E, 0x64, 0xF1, 0x04, 0xB0, 0x41, 0x52, 0x54, 0x49,
		0x43, 0x4C, 0x45, 0x5F, 0x4F, 0x55, 0x54, 0xF8, 0x04, 0x52, 0x42, 0x4C,
		0x45, 0x4E, 0x44, 0xFE, 0x04, 0x23, 0x41, 0x44, 0xFA, 0x04, 0x84, 0x61,
		0x78, 0x4C, 0x65, 0x6E, 0x67, 0x74, 0x68, 0xB6, 0x00, 0x07, 0x0E, 0x00,
		0x97, 0x53, 0x65, 0x6C, 0x66, 0x49, 0x6C, 0x6C, 0x75, 0x6D, 0x08, 0x01,
		0x55, 0x41, 0x6C, 0x70, 0x68, 0x61, 0x04, 0x01, 0x42, 0x4F, 0x6E, 0x6C,
		0x79, 0xD0, 0x00, 0x32, 0x49, 0x6E, 0x45, 0x93, 0x00, 0x60, 0x42, 0x6C,
		0x6F, 0x6F, 0x6D, 0x50, 0xD6, 0x08, 0x5F, 0x00, 0x00, 0x00, 0x85, 0x00,
		0x01, 0x00, 0x89, 0x2A, 0x59, 0xC0, 0x08, 0x00, 0x13, 0x39, 0x08, 0x00,
		0x2F, 0xF0, 0x3F, 0x08, 0x00, 0x1B, 0x0E, 0x01, 0x00, 0x0E, 0x20, 0x00,
		0x0F, 0x01, 0x00, 0xF1, 0x0E, 0x40, 0x01, 0x0F, 0xB8, 0x01, 0x24, 0x19,
		0x40, 0x08, 0x00, 0x3F, 0x20, 0x7C, 0x40, 0xB8, 0x01, 0xFF, 0x94, 0x0C,
		0x01, 0x00, 0x1F, 0x89, 0x70, 0x03, 0xFF, 0x94, 0x3E, 0xE0, 0x6F, 0x40,
		0x08, 0x00, 0x0F, 0x18, 0x02, 0x49, 0x0F, 0x01, 0x00, 0xFF, 0xD3, 0x50,
		0x00, 0x00, 0x00, 0x00, 0x00, 0xF3, 0x02, 0x08, 0x00, 0x00, 0x00, 0x01,
		0x00, 0x00, 0x00, 0x02, 0x00, 0x00, 0x00, 0x31, 0x00, 0x00, 0x00, 0x04,
		0x10, 0x00, 0x17, 0x03, 0x10, 0x00, 0x00, 0x0C, 0x00, 0x17, 0x17, 0x10,
		0x00, 0x0F, 0x08, 0x00, 0x05, 0x1F, 0x01, 0x28, 0x00, 0x18, 0x04, 0x74,
		0x00, 0x0F, 0x30, 0x00, 0x15, 0x5F, 0x05, 0x00, 0x00, 0x00, 0x08, 0x2C,
		0x00, 0x10, 0x1B, 0x08, 0x38, 0x00, 0x0C, 0x20, 0x00, 0x1F, 0x09, 0x60,
		0x00, 0x04, 0x05, 0x0C, 0x00, 0x51, 0x01, 0x03, 0x02, 0x02, 0x03, 0x04,
		0x00, 0x01, 0x01, 0x00, 0x26, 0x02, 0x02, 0x03, 0x00, 0x06, 0x01, 0x00,
		0x0F, 0x16, 0x00, 0x03, 0x0E, 0x17, 0x00, 0x18, 0x01, 0x13, 0x00, 0x00,
		0x04, 0x00, 0x09, 0x11, 0x00, 0x00, 0x0D, 0x00, 0x17, 0x00, 0x0C, 0x01,
		0x13, 0x0C, 0x6C, 0x01, 0x13, 0x04, 0xF0, 0x00, 0x22, 0x06, 0x00, 0x01,
		0x00, 0x13, 0x07, 0xD8, 0x00, 0x00, 0xBC, 0x00, 0x53, 0x0A, 0x00, 0x00,
		0x00, 0x0B, 0x2C, 0x00, 0xF3, 0x02, 0x0D, 0x00, 0x00, 0x00, 0x0E, 0x00,
		0x00, 0x00, 0xFF, 0xFF, 0xFF, 0xFF, 0x0F, 0x00, 0x00, 0x00, 0x10, 0x40,
		0x00, 0x13, 0x11, 0x3C, 0x00, 0xF3, 0x02, 0x12, 0x00, 0x00, 0x00, 0x13,
		0x00, 0x00, 0x00, 0x14, 0x00, 0x00, 0x00, 0x15, 0x00, 0x00, 0x00, 0x16,
		0x70, 0x01, 0x00, 0x30, 0x00, 0x93, 0x18, 0x00, 0x00, 0x00, 0x19, 0x00,
		0x00, 0x00, 0x1A, 0x10, 0x00, 0xF3, 0x46, 0x1B, 0x00, 0x00, 0x00, 0x1C,
		0x00, 0x00, 0x00, 0x1D, 0x00, 0x00, 0x00, 0x1E, 0x00, 0x00, 0x00, 0x1F,
		0x00, 0x00, 0x00, 0x20, 0x00, 0x00, 0x00, 0x21, 0x00, 0x00, 0x00, 0x22,
		0x00, 0x00, 0x00, 0x23, 0x00, 0x00, 0x00, 0x24, 0x00, 0x00, 0x00, 0x25,
		0x00, 0x00, 0x00, 0x26, 0x00, 0x00, 0x00, 0x27, 0x00, 0x00, 0x00, 0x28,
		0x00, 0x00, 0x00, 0x29, 0x00, 0x00, 0x00, 0x2A, 0x00, 0x00, 0x00, 0x2B,
		0x00, 0x00, 0x00, 0x2C, 0x00, 0x00, 0x00, 0x2D, 0x00, 0x00, 0x00, 0x2E,
		0x00, 0x00, 0x00, 0x2F, 0x00, 0x00, 0x00, 0x30, 0x58, 0x01, 0xF3, 0x36,
		0x32, 0x00, 0x00, 0x00, 0x33, 0x00, 0x00, 0x00, 0x34, 0x00, 0x00, 0x00,
		0x35, 0x00, 0x00, 0x00, 0x36, 0x00, 0x00, 0x00, 0x37, 0x00, 0x00, 0x00,
		0x38, 0x00, 0x00, 0x00, 0x39, 0x00, 0x00, 0x00, 0x3A, 0x00, 0x00, 0x00,
		0x3B, 0x00, 0x00, 0x00, 0x3C, 0x00, 0x00, 0x00, 0x3D, 0x00, 0x00, 0x00,
		0x3E, 0x00, 0x00, 0x00, 0x3F, 0x00, 0x00, 0x00, 0x40, 0x00, 0x00, 0x00,
		0x41, 0x00, 0x00, 0x00, 0x42, 0x00, 0x00, 0x00, 0x43, 0x0C, 0x01, 0x13,
		0x44, 0x08, 0x00, 0x93, 0x45, 0x00, 0x00, 0x00, 0x46, 0x00, 0x00, 0x00,
		0x47, 0x10, 0x00, 0x13, 0x48, 0x08, 0x00, 0x53, 0x49, 0x00, 0x00, 0x00,
		0x4A, 0x2C, 0x01, 0x1F, 0x4B, 0x2C, 0x01, 0xFC, 0x13, 0x4C, 0x10, 0x00,
		0x53, 0x4D, 0x00, 0x00, 0x00, 0x4E, 0x24, 0x01, 0x97, 0x4F, 0x00, 0x00,
		0x00, 0x50, 0x00, 0x00, 0x00, 0x51, 0x20, 0x01, 0x17, 0x52, 0x18, 0x01,
		0x40, 0x53, 0x00, 0x00, 0x00, 0x30, 0x01, 0xFF, 0x02, 0x54, 0x00, 0x00,
		0x00, 0x55, 0x00, 0x00, 0x00, 0x56, 0x00, 0x00, 0x00, 0x57, 0x00, 0x00,
		0x00, 0x58, 0x90, 0x02, 0xFF, 0x05, 0x1F, 0x59, 0x18, 0x01, 0xFF, 0x05,
		0x1F, 0x5A, 0x18, 0x01, 0xFF, 0x05, 0x1F, 0x5B, 0x18, 0x01, 0xFF, 0x05,
		0xF3, 0x06, 0x5C, 0x00, 0x00, 0x00, 0x5D, 0x00, 0x00, 0x00, 0x5E, 0x00,
		0x00, 0x00, 0x5F, 0x00, 0x00, 0x00, 0x60, 0x00, 0x00, 0x00, 0x61, 0x24,
		0x00, 0x9F, 0x62, 0x00, 0x00, 0x00, 0x63, 0x00, 0x00, 0x00, 0x64, 0xC4,
		0x04, 0xFF, 0xFF, 0xFF, 0xFF, 0xB4, 0x13, 0x65, 0x10, 0x00, 0x13, 0x66,
		0x08, 0x00, 0x5F, 0x67, 0x00, 0x00, 0x00, 0x68, 0xD8, 0x04, 0xFF, 0xFF,
		0xFF, 0xFF, 0xB4, 0x00, 0x01, 0x00, 0x93, 0x69, 0x00, 0x00, 0x00, 0x6A,
		0x00, 0x00, 0x00, 0x6B, 0x1C, 0x01, 0x93, 0x6C, 0x00, 0x00, 0x00, 0x6D,
		0x00, 0x00, 0x00, 0x6E, 0x20, 0x00, 0xDF, 0x6F, 0x00, 0x00, 0x00, 0x70,
		0x00, 0x00, 0x00, 0x71, 0x00, 0x00, 0x00, 0x72, 0x6C, 0x01, 0xFF, 0x05,
		0x1F, 0x73, 0x18, 0x01, 0xFF, 0x05, 0x1F, 0x74, 0x18, 0x01, 0xFF, 0x05,
		0x5F, 0x75, 0x00, 0x00, 0x00, 0x76, 0x1C, 0x01, 0xFF, 0x05, 0x53, 0x77,
		0x00, 0x00, 0x00, 0x78, 0x14, 0x00, 0x5F, 0x79, 0x00, 0x00, 0x00, 0x7A,
		0x28, 0x01, 0xFF, 0x05, 0xFF, 0x0E, 0x7B, 0x00, 0x00, 0x00, 0x7C, 0x00,
		0x00, 0x00, 0x7D, 0x00, 0x00, 0x00, 0x7E, 0x00, 0x00, 0x00, 0x7F, 0x00,
		0x00, 0x00, 0x80, 0x00, 0x00, 0x00, 0x81, 0x00, 0x00, 0x00, 0x82, 0x34,
		0x01, 0xFF, 0x05, 0x1F, 0x83, 0x18, 0x01, 0xFF, 0x05, 0x0F, 0x6C, 0x03,
		0xFF, 0x0E, 0x1F, 0x83, 0x84, 0x04, 0xFF, 0x11, 0x0F, 0x74, 0x04, 0xFF,
		0x06, 0x04, 0x9C, 0x05, 0x17, 0x84, 0xA0, 0x05, 0x01, 0x01, 0x00, 0x50,
		0xE0, 0x65, 0x40, 0x9A, 0x99, 0x01, 0x00, 0x23, 0xB9, 0x3F, 0x11, 0x00,
		0x13, 0x3F, 0x1A, 0x00, 0x0D, 0x18, 0x00, 0x0F, 0x10, 0x00, 0xAD, 0x0F,
		0x18, 0x00, 0x05, 0x11, 0x33, 0x01, 0x00, 0x1D, 0xC3, 0x18, 0x00, 0x11,
		0x66, 0x01, 0x00, 0x1F, 0xD6, 0x48, 0x00, 0x04, 0x2F, 0x39, 0x40, 0x18,
		0x00, 0x05, 0x0F, 0x38, 0x00, 0x0B, 0x22, 0x2C, 0x40, 0x08, 0x00, 0x13,
		0x10, 0x08, 0x00, 0x2F, 0x20, 0x40, 0x90, 0x00, 0x2D, 0x0F, 0x30, 0x00,
		0x05, 0x0F, 0x60, 0x00, 0x05, 0x0C, 0x88, 0x00, 0xF3, 0x22, 0x09, 0x06,
		0x0B, 0x18, 0x09, 0x06, 0x18, 0x09, 0x06, 0x09, 0x06, 0x06, 0x05, 0x06,
		0x0F, 0x0B, 0x0B, 0x0F, 0x0E, 0x11, 0x12, 0x0E, 0x0B, 0x06, 0x06, 0x11,
		0x11, 0x11, 0x11, 0x0F, 0x11, 0x12, 0x05, 0x19, 0x05, 0x11, 0x10, 0x06,
		0x06, 0x06, 0x12, 0x05, 0x12, 0x0D, 0x11, 0x0E, 0x06, 0x12, 0x11, 0x02,
		0x00, 0xD0, 0x06, 0x06, 0x11, 0x09, 0x08, 0x08, 0x19, 0x05, 0x19, 0x05,
		0x18, 0x09, 0x06, 0x3D, 0x00, 0x12, 0x11, 0x3D, 0x00, 0x2F, 0x12, 0x05,
		0x3D, 0x00, 0x1A, 0xF0, 0x02, 0x10, 0x06, 0x09, 0x06, 0x19, 0x05, 0x19,
		0x0B, 0x06, 0x0E, 0x0B, 0x19, 0x05, 0x0F, 0x0F, 0x19, 0x05, 0x02, 0x00,
		0x06, 0x4E, 0x00, 0x0F, 0x8B, 0x00, 0x1C, 0x0F, 0x39, 0x00, 0x98, 0x21,
		0x11, 0x12, 0x3F, 0x00, 0x03, 0x45, 0x00, 0x0F, 0x03, 0x01, 0xEE, 0x02,
		0x45, 0x02, 0x0F, 0x07, 0x01, 0xEE, 0x37, 0x06, 0x10, 0x0B, 0x53, 0x03,
		0x0F, 0x90, 0x03, 0x23, 0x0F, 0x39, 0x00, 0x5F, 0x1F, 0x0D, 0x3A, 0x00,
		0x26, 0x1F, 0x05, 0x79, 0x04, 0x2B, 0x4F, 0x86, 0x01, 0x06, 0x05, 0xF0,
		0x00, 0x60, 0x0F, 0x9C, 0x01, 0x60, 0x00, 0xEC, 0x00, 0x0F, 0xB0, 0x00,
		0x27, 0x70, 0x0D, 0x05, 0x05, 0x00, 0xDD, 0xEE, 0xFF
	};

	inline unsigned char fade[ 4095 ]
	{
		0xFF, 0x0F, 0x00, 0x00, 0x0C, 0x00, 0x01, 0x00, 0x08, 0x00, 0x00, 0x00,
		0x03, 0x00, 0x00, 0x00, 0x52, 0x45, 0x52, 0x4C, 0x20, 0x00, 0x00, 0x00,
		0xFD, 0x00, 0x00, 0x00, 0x52, 0x45, 0x44, 0x32, 0x20, 0x01, 0x00, 0x00,
		0x20, 0x04, 0x00, 0x00, 0x44, 0x41, 0x54, 0x41, 0x34, 0x05, 0x00, 0x00,
		0x9F, 0x0A, 0x00, 0x00, 0x0C, 0x00, 0x00, 0x00, 0x03, 0x00, 0x00, 0x00,
		0x00, 0x00, 0x00, 0x00, 0x78, 0xAB, 0xBB, 0x87, 0xB7, 0x06, 0x35, 0x08,
		0x28, 0x00, 0x00, 0x00, 0x00, 0x00, 0x00, 0x00, 0xDF, 0x0D, 0x47, 0xDF,
		0x13, 0x36, 0x3B, 0xC1, 0x54, 0x00, 0x00, 0x00, 0x00, 0x00, 0x00, 0x00,
		0xC7, 0x2C, 0xA0, 0xA4, 0x0E, 0x87, 0x51, 0x53, 0x7C, 0x00, 0x00, 0x00,
		0x00, 0x00, 0x00, 0x00, 0x6D, 0x61, 0x74, 0x65, 0x72, 0x69, 0x61, 0x6C,
		0x73, 0x2F, 0x70, 0x61, 0x72, 0x74, 0x69, 0x63, 0x6C, 0x65, 0x2F, 0x70,
		0x61, 0x72, 0x74, 0x69, 0x63, 0x6C, 0x65, 0x5F, 0x66, 0x6C, 0x61, 0x72,
		0x65, 0x73, 0x2F, 0x70, 0x61, 0x72, 0x74, 0x69, 0x63, 0x6C, 0x65, 0x5F,
		0x66, 0x6C, 0x61, 0x72, 0x65, 0x5F, 0x30, 0x30, 0x37, 0x62, 0x2E, 0x76,
		0x74, 0x65, 0x78, 0x00, 0x6D, 0x61, 0x74, 0x65, 0x72, 0x69, 0x61, 0x6C,
		0x73, 0x2F, 0x70, 0x61, 0x72, 0x74, 0x69, 0x63, 0x6C, 0x65, 0x2F, 0x77,
		0x61, 0x74, 0x65, 0x72, 0x5F, 0x73, 0x75, 0x72, 0x66, 0x61, 0x63, 0x65,
		0x2F, 0x77, 0x61, 0x74, 0x65, 0x72, 0x5F, 0x73, 0x69, 0x6D, 0x70, 0x6C,
		0x65, 0x5F, 0x67, 0x6C, 0x6F, 0x77, 0x2E, 0x76, 0x74, 0x65, 0x78, 0x00,
		0x70, 0x61, 0x72, 0x74, 0x69, 0x63, 0x6C, 0x65, 0x73, 0x2F, 0x63, 0x68,
		0x61, 0x72, 0x61, 0x63, 0x74, 0x65, 0x72, 0x73, 0x2F, 0x6D, 0x6F, 0x64,
		0x65, 0x6C, 0x73, 0x2F, 0x73, 0x68, 0x61, 0x72, 0x65, 0x64, 0x2F, 0x63,
		0x68, 0x61, 0x72, 0x61, 0x63, 0x74, 0x65, 0x72, 0x5F, 0x66, 0x78, 0x2F,
		0x63, 0x68, 0x61, 0x72, 0x61, 0x63, 0x74, 0x65, 0x72, 0x5F, 0x74, 0x61,
		0x73, 0x65, 0x72, 0x5F, 0x62, 0x6F, 0x64, 0x79, 0x66, 0x78, 0x2E, 0x76,
		0x73, 0x6E, 0x61, 0x70, 0x00, 0x00, 0x00, 0x00, 0x00, 0x00, 0x00, 0x00,
		0x00, 0x00, 0x00, 0x00, 0x00, 0x00, 0x00, 0x00, 0x05, 0x33, 0x56, 0x4B,
		0x7C, 0x16, 0x12, 0x74, 0xE9, 0x06, 0x98, 0x46, 0xAF, 0xF2, 0xE6, 0x3E,
		0xB5, 0x90, 0x37, 0xE7, 0x01, 0x00, 0x00, 0x00, 0x00, 0x00, 0x00, 0x40,
		0x87, 0x03, 0x00, 0x00, 0x01, 0x00, 0x00, 0x00, 0x00, 0x00, 0x00, 0x00,
		0x32, 0x00, 0x00, 0x00, 0x09, 0x00, 0x07, 0x00, 0xFA, 0x04, 0x00, 0x00,
		0xA8, 0x03, 0x00, 0x00, 0x00, 0x00, 0x00, 0x00, 0x00, 0x00, 0x00, 0x00,
		0x00, 0x00, 0x00, 0x00, 0x00, 0x00, 0x00, 0x00, 0x8C, 0x03, 0x00, 0x00,
		0x95, 0x02, 0x00, 0x00, 0x6E, 0x01, 0x00, 0x00, 0x13, 0x01, 0x00, 0x00,
		0x03, 0x00, 0x00, 0x00, 0x00, 0x00, 0x00, 0x00, 0x41, 0x00, 0x00, 0x00,
		0x01, 0x00, 0x00, 0x00, 0x2F, 0x00, 0x00, 0x00, 0x09, 0x00, 0x00, 0x00,
		0x07, 0x00, 0x00, 0x00, 0x08, 0x00, 0x00, 0x00, 0xF0, 0x50, 0x6D, 0x5F,
		0x49, 0x6E, 0x70, 0x75, 0x74, 0x44, 0x65, 0x70, 0x65, 0x6E, 0x64, 0x65,
		0x6E, 0x63, 0x69, 0x65, 0x73, 0x00, 0x6D, 0x5F, 0x52, 0x65, 0x6C, 0x61,
		0x74, 0x69, 0x76, 0x65, 0x46, 0x69, 0x6C, 0x65, 0x6E, 0x61, 0x6D, 0x65,
		0x00, 0x70, 0x61, 0x72, 0x74, 0x69, 0x63, 0x6C, 0x65, 0x73, 0x2F, 0x66,
		0x61, 0x64, 0x65, 0x2E, 0x76, 0x70, 0x63, 0x66, 0x00, 0x6D, 0x5F, 0x53,
		0x65, 0x61, 0x72, 0x63, 0x68, 0x50, 0x61, 0x74, 0x68, 0x00, 0x63, 0x73,
		0x67, 0x6F, 0x5F, 0x61, 0x64, 0x64, 0x6F, 0x6E, 0x73, 0x2F, 0x62, 0x6C,
		0x69, 0x6E, 0x71, 0x65, 0x64, 0x00, 0x6D, 0x5F, 0x6E, 0x41, 0x00, 0xF0,
		0x00, 0x43, 0x52, 0x43, 0x00, 0x6D, 0x5F, 0x62, 0x4F, 0x70, 0x74, 0x69,
		0x6F, 0x6E, 0x61, 0x6C, 0x0C, 0x00, 0x00, 0x17, 0x00, 0x60, 0x45, 0x78,
		0x69, 0x73, 0x74, 0x73, 0x0E, 0x00, 0x51, 0x49, 0x73, 0x47, 0x61, 0x6D,
		0x6C, 0x00, 0x72, 0x00, 0x6D, 0x5F, 0x41, 0x64, 0x64, 0x69, 0x29, 0x00,
		0x0F, 0x99, 0x00, 0x01, 0x7C, 0x41, 0x72, 0x67, 0x75, 0x6D, 0x65, 0x6E,
		0x17, 0x00, 0xA0, 0x50, 0x61, 0x72, 0x61, 0x6D, 0x65, 0x74, 0x65, 0x72,
		0x4E, 0xAD, 0x00, 0xB2, 0x5F, 0x5F, 0x5F, 0x4F, 0x76, 0x65, 0x72, 0x72,
		0x69, 0x64, 0x65, 0x44, 0x00, 0x68, 0x61, 0x74, 0x61, 0x5F, 0x5F, 0x5F,
		0x28, 0x00, 0xF2, 0x03, 0x54, 0x79, 0x70, 0x65, 0x00, 0x42, 0x69, 0x6E,
		0x61, 0x72, 0x79, 0x42, 0x6C, 0x6F, 0x62, 0x41, 0x72, 0x67, 0xAE, 0x00,
		0x9B, 0x6E, 0x67, 0x65, 0x72, 0x70, 0x72, 0x69, 0x6E, 0x74, 0x0F, 0x00,
		0x70, 0x44, 0x65, 0x66, 0x61, 0x75, 0x6C, 0x74, 0xF4, 0x00, 0x6B, 0x70,
		0x65, 0x63, 0x69, 0x61, 0x6C, 0x81, 0x00, 0xF4, 0x0F, 0x53, 0x74, 0x72,
		0x69, 0x6E, 0x67, 0x00, 0x4B, 0x56, 0x33, 0x20, 0x43, 0x6F, 0x6D, 0x70,
		0x69, 0x6C, 0x65, 0x72, 0x20, 0x56, 0x65, 0x72, 0x73, 0x69, 0x6F, 0x6E,
		0x00, 0x6D, 0x5F, 0x13, 0x00, 0xB3, 0x49, 0x64, 0x65, 0x6E, 0x74, 0x69,
		0x66, 0x69, 0x65, 0x72, 0x00, 0x13, 0x00, 0x13, 0x50, 0x58, 0x01, 0x00,
		0x6F, 0x00, 0x40, 0x55, 0x73, 0x65, 0x72, 0xAB, 0x00, 0x14, 0x00, 0x15,
		0x00, 0x0E, 0x4B, 0x00, 0x08, 0x1F, 0x01, 0x01, 0xA4, 0x01, 0x20, 0x65,
		0x64, 0x37, 0x01, 0x10, 0x73, 0x64, 0x00, 0xF0, 0x00, 0x68, 0x69, 0x6C,
		0x64, 0x52, 0x65, 0x73, 0x6F, 0x75, 0x72, 0x63, 0x65, 0x4C, 0x69, 0x73,
		0xAC, 0x00, 0xB5, 0x57, 0x65, 0x61, 0x6B, 0x52, 0x65, 0x66, 0x65, 0x72,
		0x65, 0x6E, 0x14, 0x00, 0x02, 0xB4, 0x01, 0x45, 0x61, 0x62, 0x6C, 0x65,
		0x70, 0x00, 0x04, 0xDD, 0x01, 0x86, 0x5F, 0x67, 0x72, 0x6F, 0x75, 0x70,
		0x69, 0x64, 0x11, 0x00, 0x86, 0x6D, 0x61, 0x78, 0x63, 0x6F, 0x75, 0x6E,
		0x74, 0x12, 0x00, 0xF9, 0x01, 0x74, 0x69, 0x6D, 0x65, 0x5F, 0x74, 0x6F,
		0x5F, 0x73, 0x6C, 0x65, 0x65, 0x70, 0x00, 0x49, 0x73, 0x77, 0x00, 0x00,
		0x5F, 0x00, 0x75, 0x75, 0x62, 0x61, 0x73, 0x73, 0x65, 0x74, 0x77, 0x00,
		0x16, 0x73, 0x3C, 0x00, 0xF7, 0x0A, 0x66, 0x65, 0x61, 0x74, 0x75, 0x72,
		0x65, 0x00, 0x53, 0x6E, 0x61, 0x70, 0x73, 0x68, 0x6F, 0x74, 0x00, 0x42,
		0x6C, 0x6F, 0x6F, 0x6D, 0x50, 0x61, 0x73, 0x24, 0x00, 0xF0, 0x12, 0x6F,
		0x70, 0x65, 0x72, 0x61, 0x74, 0x6F, 0x72, 0x00, 0x43, 0x5F, 0x4F, 0x50,
		0x5F, 0x49, 0x6E, 0x73, 0x74, 0x61, 0x6E, 0x74, 0x61, 0x6E, 0x65, 0x6F,
		0x75, 0x73, 0x45, 0x6D, 0x69, 0x74, 0x74, 0x65, 0x1A, 0x00, 0xF4, 0x04,
		0x49, 0x4E, 0x49, 0x54, 0x5F, 0x56, 0x65, 0x6C, 0x6F, 0x63, 0x69, 0x74,
		0x79, 0x52, 0x61, 0x6E, 0x64, 0x6F, 0x6D, 0x16, 0x00, 0x98, 0x49, 0x6E,
		0x69, 0x74, 0x46, 0x6C, 0x6F, 0x61, 0x74, 0x11, 0x00, 0xA1, 0x53, 0x6B,
		0x69, 0x6E, 0x6E, 0x65, 0x64, 0x50, 0x6F, 0x73, 0x3C, 0x01, 0x65, 0x46,
		0x72, 0x6F, 0x6D, 0x43, 0x50, 0x86, 0x00, 0x01, 0x6A, 0x00, 0xC5, 0x52,
		0x65, 0x6D, 0x61, 0x70, 0x43, 0x50, 0x74, 0x6F, 0x56, 0x65, 0x63, 0x7F,
		0x00, 0x50, 0x4F, 0x73, 0x63, 0x69, 0x6C, 0x66, 0x01, 0x08, 0x15, 0x00,
		0x52, 0x44, 0x65, 0x63, 0x61, 0x79, 0x0B, 0x00, 0x90, 0x42, 0x61, 0x73,
		0x69, 0x63, 0x4D, 0x6F, 0x76, 0x65, 0x93, 0x02, 0x02, 0x13, 0x00, 0xD3,
		0x46, 0x61, 0x64, 0x65, 0x4F, 0x75, 0x74, 0x53, 0x69, 0x6D, 0x70, 0x6C,
		0x65, 0x5B, 0x00, 0x00, 0x29, 0x02, 0x86, 0x72, 0x53, 0x70, 0x72, 0x69,
		0x74, 0x65, 0x73, 0x23, 0x01, 0x00, 0x54, 0x02, 0x21, 0x69, 0x6E, 0x91,
		0x00, 0x70, 0x73, 0x00, 0x00, 0x30, 0x00, 0x00, 0x00, 0x9B, 0x0A, 0x00,
		0x00, 0x00, 0x06, 0x00, 0x00, 0x00, 0x04, 0x04, 0x00, 0x13, 0x02, 0x04,
		0x00, 0x00, 0x20, 0x00, 0x50, 0x01, 0x01, 0x02, 0x00, 0x00, 0x08, 0x00,
		0x03, 0x14, 0x00, 0x13, 0x03, 0x24, 0x00, 0x80, 0x05, 0x00, 0x00, 0x00,
		0x5E, 0x8B, 0x04, 0x7C, 0x40, 0x00, 0x91, 0x07, 0x00, 0x00, 0x00, 0x08,
		0x00, 0x00, 0x00, 0x09, 0x2A, 0x00, 0x02, 0x38, 0x00, 0xF3, 0x1A, 0x0B,
		0x00, 0x00, 0x00, 0x0C, 0x00, 0x00, 0x00, 0x0D, 0x00, 0x00, 0x00, 0x0E,
		0x00, 0x00, 0x00, 0x0F, 0x00, 0x00, 0x00, 0x10, 0x00, 0x00, 0x00, 0x11,
		0x00, 0x00, 0x00, 0x12, 0x00, 0x00, 0x00, 0x13, 0x00, 0x00, 0x00, 0x14,
		0x00, 0x00, 0x00, 0x15, 0x1C, 0x00, 0x00, 0x5C, 0x00, 0x13, 0x16, 0x1C,
		0x00, 0x1F, 0x17, 0x1C, 0x00, 0x04, 0x13, 0x18, 0x60, 0x00, 0x13, 0x19,
		0x08, 0x00, 0x13, 0x1A, 0x08, 0x00, 0xF3, 0x12, 0x1B, 0x00, 0x00, 0x00,
		0x1C, 0x00, 0x00, 0x00, 0x1D, 0x00, 0x00, 0x00, 0xC4, 0x09, 0x00, 0x00,
		0x1E, 0x00, 0x00, 0x00, 0x1F, 0x00, 0x00, 0x00, 0x20, 0x00, 0x00, 0x00,
		0x21, 0x00, 0x00, 0x00, 0x22, 0xE8, 0x00, 0xF3, 0x02, 0x23, 0x00, 0x00,
		0x00, 0x24, 0x00, 0x00, 0x00, 0x25, 0x00, 0x00, 0x00, 0x26, 0x00, 0x00,
		0x00, 0x27, 0x5C, 0x00, 0xF3, 0x0A, 0x28, 0x00, 0x00, 0x00, 0x29, 0x00,
		0x00, 0x00, 0x2A, 0x00, 0x00, 0x00, 0x2B, 0x00, 0x00, 0x00, 0x2C, 0x00,
		0x00, 0x00, 0x2D, 0x00, 0x00, 0x00, 0x2E, 0xF0, 0x00, 0x28, 0x2F, 0x00,
		0x01, 0x00, 0xC0, 0x20, 0x40, 0x09, 0x18, 0x09, 0x06, 0x06, 0x0C, 0x0E,
		0x0D, 0x0E, 0x08, 0x09, 0x00, 0x21, 0x0F, 0x0F, 0x0F, 0x00, 0x10, 0x0F,
		0x04, 0x00, 0xF0, 0x0D, 0x08, 0x08, 0x08, 0x09, 0x0F, 0x0B, 0x05, 0x0F,
		0x09, 0x09, 0x0B, 0x10, 0x09, 0x10, 0x10, 0x0B, 0x10, 0x10, 0x10, 0x10,
		0x10, 0x10, 0x0B, 0x01, 0x00, 0xDD, 0xEE, 0xFF, 0x05, 0x33, 0x56, 0x4B,
		0x9E, 0xA6, 0xE6, 0xA6, 0xD3, 0x52, 0x27, 0x45, 0x8B, 0x9C, 0xFF, 0x3B,
		0xB9, 0x1A, 0xCA, 0x3E, 0x01, 0x00, 0x00, 0x00, 0x00, 0x00, 0x00, 0x40,
		0x9B, 0x09, 0x00, 0x00, 0x07, 0x00, 0x00, 0x00, 0xDF, 0x00, 0x00, 0x00,
		0x64, 0x05, 0x00, 0x00, 0x42, 0x00, 0x91, 0x00, 0x60, 0x33, 0x00, 0x00,
		0x27, 0x0A, 0x00, 0x00, 0x00, 0x00, 0x00, 0x00, 0x00, 0x00, 0x00, 0x00,
		0x00, 0x00, 0x00, 0x00, 0x00, 0x00, 0x00, 0x00, 0xB0, 0x10, 0x00, 0x00,
		0x55, 0x06, 0x00, 0x00, 0xB0, 0x22, 0x00, 0x00, 0xD2, 0x03, 0x00, 0x00,
		0x63, 0x00, 0x00, 0x00, 0x00, 0x00, 0x00, 0x00, 0x7E, 0x06, 0x00, 0x00,
		0x3C, 0x00, 0x00, 0x00, 0xFD, 0x04, 0x00, 0x00, 0x42, 0x00, 0x00, 0x00,
		0x36, 0x00, 0x00, 0x00, 0x3F, 0x00, 0x00, 0x00, 0xF3, 0x21, 0x5F, 0x63,
		0x6C, 0x61, 0x73, 0x73, 0x00, 0x43, 0x50, 0x61, 0x72, 0x74, 0x69, 0x63,
		0x6C, 0x65, 0x53, 0x79, 0x73, 0x74, 0x65, 0x6D, 0x44, 0x65, 0x66, 0x69,
		0x6E, 0x69, 0x74, 0x69, 0x6F, 0x6E, 0x00, 0x6D, 0x5F, 0x6E, 0x42, 0x65,
		0x68, 0x61, 0x76, 0x69, 0x6F, 0x72, 0x56, 0x65, 0x72, 0x73, 0x13, 0x00,
		0x34, 0x4D, 0x61, 0x78, 0x32, 0x00, 0x10, 0x73, 0x10, 0x00, 0xF4, 0x09,
		0x53, 0x6E, 0x61, 0x70, 0x73, 0x68, 0x6F, 0x74, 0x43, 0x6F, 0x6E, 0x74,
		0x72, 0x6F, 0x6C, 0x50, 0x6F, 0x69, 0x6E, 0x74, 0x00, 0x6D, 0x5F, 0x68,
		0x18, 0x00, 0x24, 0x00, 0x70, 0x2E, 0x00, 0xF6, 0x0A, 0x2F, 0x63, 0x68,
		0x61, 0x72, 0x61, 0x63, 0x74, 0x65, 0x72, 0x73, 0x2F, 0x6D, 0x6F, 0x64,
		0x65, 0x6C, 0x73, 0x2F, 0x73, 0x68, 0x61, 0x72, 0x65, 0x64, 0x19, 0x00,
		0x37, 0x5F, 0x66, 0x78, 0x0D, 0x00, 0xF6, 0x07, 0x74, 0x61, 0x73, 0x65,
		0x72, 0x5F, 0x62, 0x6F, 0x64, 0x79, 0x66, 0x78, 0x2E, 0x76, 0x73, 0x6E,
		0x61, 0x70, 0x00, 0x6D, 0x5F, 0x63, 0x68, 0x00, 0x00, 0x74, 0x00, 0x60,
		0x66, 0x69, 0x67, 0x75, 0x72, 0x61, 0xB0, 0x00, 0x01, 0x8E, 0x00, 0xF0,
		0x03, 0x61, 0x6D, 0x65, 0x00, 0x70, 0x72, 0x65, 0x76, 0x69, 0x65, 0x77,
		0x00, 0x6D, 0x5F, 0x45, 0x6D, 0x69, 0x74, 0x6F, 0x00, 0xF3, 0x04, 0x00,
		0x43, 0x5F, 0x4F, 0x50, 0x5F, 0x49, 0x6E, 0x73, 0x74, 0x61, 0x6E, 0x74,
		0x61, 0x6E, 0x65, 0x6F, 0x75, 0x73, 0x1B, 0x00, 0x00, 0x34, 0x00, 0x05,
		0xCF, 0x00, 0x20, 0x54, 0x6F, 0x16, 0x00, 0x00, 0x13, 0x00, 0xF2, 0x05,
		0x54, 0x79, 0x70, 0x65, 0x00, 0x50, 0x46, 0x5F, 0x54, 0x59, 0x50, 0x45,
		0x5F, 0x4C, 0x49, 0x54, 0x45, 0x52, 0x41, 0x4C, 0xFD, 0x00, 0x14, 0x70,
		0x1B, 0x00, 0x32, 0x4D, 0x41, 0x50, 0x1F, 0x00, 0xF4, 0x10, 0x44, 0x49,
		0x52, 0x45, 0x43, 0x54, 0x00, 0x6D, 0x5F, 0x66, 0x6C, 0x4C, 0x69, 0x74,
		0x65, 0x72, 0x61, 0x6C, 0x56, 0x61, 0x6C, 0x75, 0x65, 0x00, 0x6D, 0x5F,
		0x4E, 0x61, 0x6D, 0x65, 0x64, 0x0D, 0x00, 0x1B, 0x6E, 0x21, 0x01, 0xF1,
		0x00, 0x6E, 0x53, 0x63, 0x61, 0x6C, 0x61, 0x72, 0x41, 0x74, 0x74, 0x72,
		0x69, 0x62, 0x75, 0x74, 0x23, 0x00, 0x5F, 0x56, 0x65, 0x63, 0x74, 0x6F,
		0x13, 0x00, 0x01, 0x71, 0x43, 0x6F, 0x6D, 0x70, 0x6F, 0x6E, 0x65, 0x39,
		0x00, 0xD1, 0x62, 0x52, 0x65, 0x76, 0x65, 0x72, 0x73, 0x65, 0x4F, 0x72,
		0x64, 0x65, 0x72, 0x77, 0x00, 0x98, 0x52, 0x61, 0x6E, 0x64, 0x6F, 0x6D,
		0x4D, 0x69, 0x6E, 0x0E, 0x00, 0x20, 0x61, 0x78, 0x2C, 0x00, 0x32, 0x48,
		0x61, 0x73, 0x10, 0x00, 0x80, 0x53, 0x69, 0x67, 0x6E, 0x46, 0x6C, 0x69,
		0x70, 0x54, 0x00, 0x03, 0x12, 0x00, 0x36, 0x65, 0x65, 0x64, 0x0E, 0x00,
		0x31, 0x4D, 0x6F, 0x64, 0xD7, 0x00, 0xF0, 0x04, 0x52, 0x41, 0x4E, 0x44,
		0x4F, 0x4D, 0x5F, 0x4D, 0x4F, 0x44, 0x45, 0x5F, 0x43, 0x4F, 0x4E, 0x53,
		0x54, 0x41, 0x4E, 0xDC, 0x00, 0x34, 0x73, 0x74, 0x72, 0xD1, 0x01, 0x62,
		0x53, 0x75, 0x62, 0x73, 0x65, 0x74, 0xF0, 0x00, 0x34, 0x4F, 0x44, 0x30,
		0x09, 0x00, 0x14, 0x31, 0x09, 0x00, 0x14, 0x32, 0x09, 0x00, 0x10, 0x33,
		0x5E, 0x00, 0xAE, 0x4E, 0x6F, 0x69, 0x73, 0x65, 0x49, 0x6E, 0x70, 0x75,
		0x74, 0xDD, 0x00, 0x21, 0x66, 0x6C, 0x1E, 0x00, 0x64, 0x4F, 0x75, 0x74,
		0x70, 0x75, 0x74, 0xBF, 0x00, 0x08, 0x13, 0x00, 0x26, 0x61, 0x78, 0x13,
		0x00, 0x00, 0x2F, 0x01, 0x00, 0x35, 0x00, 0x32, 0x76, 0x65, 0x63, 0x23,
		0x00, 0x79, 0x66, 0x66, 0x73, 0x65, 0x74, 0x52, 0x61, 0x4A, 0x00, 0x01,
		0x14, 0x00, 0x05, 0x77, 0x00, 0x75, 0x4F, 0x63, 0x74, 0x61, 0x76, 0x65,
		0x73, 0x10, 0x00, 0x91, 0x54, 0x75, 0x72, 0x62, 0x75, 0x6C, 0x65, 0x6E,
		0x63, 0xEA, 0x00, 0xF6, 0x00, 0x4E, 0x4F, 0x49, 0x53, 0x45, 0x5F, 0x54,
		0x55, 0x52, 0x42, 0x5F, 0x4E, 0x4F, 0x4E, 0x45, 0x26, 0x00, 0x28, 0x79,
		0x70, 0x20, 0x00, 0x00, 0xE3, 0x01, 0x65, 0x50, 0x45, 0x52, 0x4C, 0x49,
		0x4E, 0x22, 0x00, 0x85, 0x4D, 0x6F, 0x64, 0x69, 0x66, 0x69, 0x65, 0x72,
		0x26, 0x00, 0x00, 0x2F, 0x01, 0x54, 0x49, 0x46, 0x49, 0x45, 0x52, 0x4A,
		0x00, 0x2B, 0x66, 0x6C, 0x71, 0x00, 0x04, 0xBE, 0x00, 0x0D, 0x19, 0x00,
		0x27, 0x4D, 0x69, 0xE4, 0x00, 0x42, 0x49, 0x6D, 0x67, 0x50, 0xBD, 0x02,
		0x04, 0x30, 0x00, 0x1B, 0x62, 0x18, 0x00, 0x34, 0x4C, 0x69, 0x76, 0x47,
		0x00, 0xE0, 0x43, 0x61, 0x6D, 0x65, 0x72, 0x61, 0x46, 0x61, 0x6C, 0x6C,
		0x62, 0x61, 0x63, 0x6B, 0x2C, 0x00, 0xC3, 0x55, 0x73, 0x65, 0x42, 0x6F,
		0x75, 0x6E, 0x64, 0x73, 0x43, 0x65, 0x6E, 0xDC, 0x02, 0x01, 0x7A, 0x01,
		0x04, 0xDC, 0x01, 0x53, 0x49, 0x4E, 0x50, 0x55, 0x54, 0xDB, 0x01, 0x61,
		0x4C, 0x41, 0x4D, 0x50, 0x45, 0x44, 0x4B, 0x00, 0x60, 0x4D, 0x75, 0x6C,
		0x74, 0x46, 0x61, 0x9D, 0x01, 0x01, 0x0F, 0x00, 0x01, 0x33, 0x00, 0x16,
		0x30, 0x0B, 0x00, 0x02, 0xD9, 0x01, 0x02, 0x92, 0x01, 0x17, 0x30, 0x0C,
		0x00, 0x13, 0x31, 0x88, 0x00, 0xA6, 0x74, 0x63, 0x68, 0x65, 0x64, 0x52,
		0x61, 0x6E, 0x67, 0x65, 0xC3, 0x01, 0x07, 0x14, 0x00, 0x28, 0x61, 0x78,
		0x14, 0x00, 0x02, 0x3B, 0x00, 0x7E, 0x4F, 0x75, 0x74, 0x73, 0x69, 0x64,
		0x65, 0x19, 0x00, 0x23, 0x49, 0x6E, 0x18, 0x00, 0x20, 0x6E, 0x52, 0xC9,
		0x00, 0x04, 0x8B, 0x01, 0x52, 0x52, 0x4F, 0x55, 0x4E, 0x44, 0x8B, 0x01,
		0x71, 0x4E, 0x45, 0x41, 0x52, 0x45, 0x53, 0x54, 0x9D, 0x04, 0x34, 0x69,
		0x61, 0x73, 0x22, 0x00, 0x42, 0x42, 0x49, 0x41, 0x53, 0x21, 0x00, 0x00,
		0xB2, 0x02, 0x32, 0x44, 0x41, 0x52, 0xDB, 0x00, 0x00, 0x23, 0x00, 0x62,
		0x50, 0x61, 0x72, 0x61, 0x6D, 0x65, 0x10, 0x01, 0x31, 0x43, 0x75, 0x72,
		0x40, 0x01, 0x50, 0x73, 0x70, 0x6C, 0x69, 0x6E, 0x09, 0x00, 0x10, 0x74,
		0xA4, 0x00, 0x30, 0x6E, 0x74, 0x73, 0x59, 0x02, 0x98, 0x44, 0x6F, 0x6D,
		0x61, 0x69, 0x6E, 0x4D, 0x69, 0x6E, 0x0E, 0x00, 0x20, 0x61, 0x78, 0x0E,
		0x00, 0x10, 0x49, 0x13, 0x05, 0x42, 0x61, 0x6C, 0x69, 0x7A, 0x4D, 0x04,
		0x41, 0x49, 0x4E, 0x49, 0x54, 0x14, 0x00, 0xA1, 0x53, 0x6B, 0x69, 0x6E,
		0x6E, 0x65, 0x64, 0x50, 0x6F, 0x73, 0x33, 0x05, 0x65, 0x46, 0x72, 0x6F,
		0x6D, 0x43, 0x50, 0xFA, 0x04, 0x07, 0x29, 0x00, 0x40, 0x46, 0x6C, 0x6F,
		0x61, 0x99, 0x02, 0x02, 0x0A, 0x03, 0x01, 0x13, 0x04, 0x04, 0x5F, 0x04,
		0x03, 0x72, 0x03, 0x70, 0x55, 0x4E, 0x49, 0x46, 0x4F, 0x52, 0x4D, 0xD9,
		0x00, 0x02, 0x0C, 0x01, 0x54, 0x46, 0x69, 0x65, 0x6C, 0x64, 0x44, 0x00,
		0x82, 0x56, 0x65, 0x6C, 0x6F, 0x63, 0x69, 0x74, 0x79, 0xAD, 0x03, 0xF3,
		0x02, 0x00, 0x6D, 0x5F, 0x4C, 0x6F, 0x63, 0x61, 0x6C, 0x43, 0x6F, 0x6F,
		0x72, 0x64, 0x69, 0x6E, 0x61, 0x74, 0xBD, 0x05, 0x50, 0x53, 0x70, 0x65,
		0x65, 0x64, 0x86, 0x01, 0x4C, 0x50, 0x56, 0x45, 0x43, 0xBD, 0x04, 0x1B,
		0x76, 0x9E, 0x04, 0x03, 0x0F, 0x00, 0x31, 0x43, 0x6F, 0x6C, 0xF9, 0x01,
		0x79, 0x62, 0x46, 0x6F, 0x6C, 0x6C, 0x6F, 0x77, 0xB4, 0x04, 0x1B, 0x76,
		0xB4, 0x03, 0x04, 0x96, 0x02, 0x6B, 0x6E, 0x44, 0x65, 0x6C, 0x74, 0x61,
		0xD1, 0x04, 0x31, 0x76, 0x43, 0x50, 0x38, 0x00, 0x05, 0xA9, 0x03, 0xA4,
		0x43, 0x50, 0x52, 0x65, 0x6C, 0x61, 0x74, 0x69, 0x76, 0x65, 0x20, 0x01,
		0x0A, 0x16, 0x00, 0x20, 0x44, 0x69, 0x78, 0x00, 0x01, 0x1A, 0x01, 0x05,
		0xE0, 0x04, 0x1D, 0x58, 0x12, 0x00, 0x1D, 0x59, 0x12, 0x00, 0x14, 0x5A,
		0x12, 0x00, 0x10, 0x49, 0xE6, 0x02, 0x13, 0x70, 0xAA, 0x02, 0x00, 0x0B,
		0x00, 0x09, 0xBB, 0x02, 0x05, 0x11, 0x00, 0x10, 0x31, 0x77, 0x00, 0x02,
		0x10, 0x00, 0x06, 0xC6, 0x02, 0x09, 0x11, 0x00, 0x00, 0x22, 0x00, 0x52,
		0x47, 0x72, 0x61, 0x64, 0x69, 0x62, 0x05, 0x41, 0x53, 0x74, 0x6F, 0x70,
		0x04, 0x02, 0x08, 0x59, 0x05, 0x18, 0x76, 0x58, 0x05, 0x0F, 0x7E, 0x01,
		0x08, 0x01, 0x20, 0x00, 0x74, 0x4F, 0x70, 0x65, 0x72, 0x61, 0x74, 0x6F,
		0x7A, 0x06, 0x30, 0x46, 0x61, 0x64, 0xD3, 0x04, 0x62, 0x53, 0x69, 0x6D,
		0x70, 0x6C, 0x65, 0x13, 0x00, 0xA0, 0x42, 0x61, 0x73, 0x69, 0x63, 0x4D,
		0x6F, 0x76, 0x65, 0x6D, 0x74, 0x00, 0x01, 0x13, 0x00, 0x52, 0x44, 0x65,
		0x63, 0x61, 0x79, 0x0B, 0x00, 0xB3, 0x4F, 0x73, 0x63, 0x69, 0x6C, 0x6C,
		0x61, 0x74, 0x65, 0x56, 0x65, 0x98, 0x03, 0x00, 0xE9, 0x04, 0x02, 0x89,
		0x00, 0x01, 0x0A, 0x00, 0x01, 0x66, 0x00, 0x94, 0x46, 0x72, 0x65, 0x71,
		0x75, 0x65, 0x6E, 0x63, 0x79, 0x65, 0x03, 0xDC, 0x53, 0x74, 0x61, 0x72,
		0x74, 0x54, 0x69, 0x6D, 0x65, 0x5F, 0x6D, 0x69, 0x6E, 0x12, 0x00, 0x22,
		0x61, 0x78, 0x5C, 0x00, 0x95, 0x52, 0x65, 0x6D, 0x61, 0x70, 0x43, 0x50,
		0x74, 0x6F, 0x5C, 0x00, 0x31, 0x6E, 0x43, 0x50, 0x29, 0x01, 0x00, 0x0B,
		0x00, 0x01, 0x76, 0x02, 0x02, 0x16, 0x01, 0x02, 0x26, 0x01, 0x05, 0x88,
		0x05, 0x18, 0x76, 0x95, 0x05, 0x65, 0x52, 0x65, 0x6E, 0x64, 0x65, 0x72,
		0x5B, 0x07, 0x02, 0x0F, 0x00, 0x72, 0x53, 0x70, 0x72, 0x69, 0x74, 0x65,
		0x73, 0xA5, 0x05, 0x84, 0x54, 0x65, 0x78, 0x74, 0x75, 0x72, 0x65, 0x73,
		0x5A, 0x00, 0x13, 0x68, 0x11, 0x00, 0xB4, 0x00, 0x6D, 0x61, 0x74, 0x65,
		0x72, 0x69, 0x61, 0x6C, 0x73, 0x2F, 0x1A, 0x08, 0x05, 0x09, 0x00, 0x7B,
		0x5F, 0x66, 0x6C, 0x61, 0x72, 0x65, 0x73, 0x10, 0x00, 0x92, 0x5F, 0x30,
		0x30, 0x37, 0x62, 0x2E, 0x76, 0x74, 0x65, 0xE5, 0x00, 0x56, 0x41, 0x6C,
		0x70, 0x68, 0x61, 0x50, 0x05, 0xD2, 0x53, 0x65, 0x6C, 0x66, 0x49, 0x6C,
		0x6C, 0x75, 0x6D, 0x41, 0x6D, 0x6F, 0x75, 0x5A, 0x07, 0x02, 0xA9, 0x00,
		0x52, 0x42, 0x6C, 0x65, 0x6E, 0x64, 0xFB, 0x04, 0xB0, 0x41, 0x52, 0x54,
		0x49, 0x43, 0x4C, 0x45, 0x5F, 0x4F, 0x55, 0x54, 0x02, 0x05, 0x52, 0x42,
		0x4C, 0x45, 0x4E, 0x44, 0x08, 0x05, 0x32, 0x41, 0x44, 0x44, 0xD3, 0x04,
		0x88, 0x76, 0x65, 0x72, 0x62, 0x72, 0x69, 0x67, 0x68, 0x0A, 0x05, 0x65,
		0x52, 0x61, 0x64, 0x69, 0x75, 0x73, 0x8B, 0x05, 0xFF, 0x02, 0x44, 0x69,
		0x73, 0x61, 0x62, 0x6C, 0x65, 0x5A, 0x42, 0x75, 0x66, 0x66, 0x65, 0x72,
		0x69, 0x6E, 0x67, 0xCB, 0x00, 0x01, 0x20, 0x77, 0x61, 0xBA, 0x08, 0x65,
		0x73, 0x75, 0x72, 0x66, 0x61, 0x63, 0x0E, 0x00, 0x01, 0xF8, 0x01, 0x54,
		0x5F, 0x67, 0x6C, 0x6F, 0x77, 0xC7, 0x00, 0x52, 0x62, 0x4F, 0x6E, 0x6C,
		0x79, 0x36, 0x01, 0xF0, 0x00, 0x49, 0x6E, 0x45, 0x66, 0x66, 0x65, 0x63,
		0x74, 0x73, 0x42, 0x6C, 0x6F, 0x6F, 0x6D, 0x50, 0x94, 0x09, 0x3F, 0x00,
		0x86, 0x00, 0x01, 0x00, 0xB5, 0x2A, 0x14, 0xC0, 0x08, 0x00, 0x13, 0x04,
		0x08, 0x00, 0x2F, 0xF0, 0x3F, 0x08, 0x00, 0x1B, 0x0E, 0x01, 0x00, 0x0E,
		0x20, 0x00, 0x0F, 0x01, 0x00, 0xF1, 0x0E, 0x40, 0x01, 0x0F, 0xB8, 0x01,
		0x24, 0x1A, 0x40, 0x08, 0x00, 0x2F, 0x39, 0x40, 0xB8, 0x01, 0xFF, 0x94,
		0x24, 0xE0, 0xBF, 0x08, 0x00, 0x11, 0x33, 0x01, 0x00, 0x14, 0xD3, 0x10,
		0x00, 0x1F, 0x3F, 0x08, 0x00, 0x03, 0x1F, 0xF8, 0x08, 0x00, 0x03, 0x3E,
		0xE0, 0x6F, 0x40, 0x08, 0x00, 0x0F, 0xA8, 0x00, 0x39, 0x0F, 0x01, 0x00,
		0xFF, 0xFF, 0x1C, 0x50, 0x00, 0x00, 0x00, 0x00, 0x00, 0xF3, 0x02, 0x0A,
		0x00, 0x00, 0x00, 0x01, 0x00, 0x00, 0x00, 0x02, 0x00, 0x00, 0x00, 0x31,
		0x00, 0x00, 0x00, 0x04, 0x10, 0x00, 0x17, 0x03, 0x10, 0x00, 0x08, 0x1C,
		0x00, 0x00, 0x18, 0x00, 0x17, 0x17, 0x10, 0x00, 0x0F, 0x08, 0x00, 0x05,
		0x1F, 0x01, 0x28, 0x00, 0x18, 0x08, 0x04, 0x00, 0x93, 0x06, 0x00, 0x00,
		0x00, 0x05, 0x00, 0x00, 0x00, 0x07, 0x10, 0x00, 0x0F, 0x40, 0x00, 0x0D,
		0x1B, 0x07, 0x4C, 0x00, 0x0C, 0x20, 0x00, 0x1F, 0x09, 0x20, 0x00, 0x0C,
		0x05, 0x1C, 0x00, 0x80, 0x01, 0x03, 0x02, 0x02, 0x04, 0x03, 0x02, 0x02,
		0x03, 0x00, 0x02, 0x01, 0x00, 0x02, 0x0C, 0x00, 0x08, 0x12, 0x00, 0x1E,
		0x03, 0x16, 0x00, 0x12, 0x05, 0x16, 0x00, 0x00, 0x3E, 0x00, 0x08, 0x03,
		0x00, 0x1E, 0x01, 0x0A, 0x00, 0x00, 0x46, 0x01, 0x06, 0x6C, 0x01, 0x13,
		0x0C, 0x4C, 0x01, 0x22, 0xC4, 0x09, 0x80, 0x00, 0x13, 0x05, 0xFC, 0x00,
		0x00, 0xD0, 0x00, 0x13, 0x08, 0xB8, 0x00, 0x22, 0x0A, 0x00, 0x01, 0x00,
		0x13, 0x0B, 0x30, 0x00, 0xF3, 0x12, 0x0D, 0x00, 0x00, 0x00, 0x0E, 0x00,
		0x00, 0x00, 0x0F, 0x00, 0x00, 0x00, 0x10, 0x00, 0x00, 0x00, 0x11, 0x00,
		0x00, 0x00, 0x12, 0x00, 0x00, 0x00, 0xFF, 0xFF, 0xFF, 0xFF, 0x13, 0x00,
		0x00, 0x00, 0x14, 0x54, 0x00, 0x13, 0x15, 0x4C, 0x00, 0x13, 0x16, 0x84,
		0x01, 0xD3, 0x18, 0x00, 0x00, 0x00, 0x19, 0x00, 0x00, 0x00, 0x1A, 0x00,
		0x00, 0x00, 0x1B, 0x30, 0x00, 0x93, 0x1C, 0x00, 0x00, 0x00, 0x1D, 0x00,
		0x00, 0x00, 0x1E, 0x10, 0x00, 0xF3, 0x36, 0x1F, 0x00, 0x00, 0x00, 0x20,
		0x00, 0x00, 0x00, 0x21, 0x00, 0x00, 0x00, 0x22, 0x00, 0x00, 0x00, 0x23,
		0x00, 0x00, 0x00, 0x24, 0x00, 0x00, 0x00, 0x25, 0x00, 0x00, 0x00, 0x26,
		0x00, 0x00, 0x00, 0x27, 0x00, 0x00, 0x00, 0x28, 0x00, 0x00, 0x00, 0x29,
		0x00, 0x00, 0x00, 0x2A, 0x00, 0x00, 0x00, 0x2B, 0x00, 0x00, 0x00, 0x2C,
		0x00, 0x00, 0x00, 0x2D, 0x00, 0x00, 0x00, 0x2E, 0x00, 0x00, 0x00, 0x2F,
		0x00, 0x00, 0x00, 0x30, 0x50, 0x01, 0xF3, 0x46, 0x32, 0x00, 0x00, 0x00,
		0x33, 0x00, 0x00, 0x00, 0x34, 0x00, 0x00, 0x00, 0x35, 0x00, 0x00, 0x00,
		0x36, 0x00, 0x00, 0x00, 0x37, 0x00, 0x00, 0x00, 0x38, 0x00, 0x00, 0x00,
		0x39, 0x00, 0x00, 0x00, 0x3A, 0x00, 0x00, 0x00, 0x3B, 0x00, 0x00, 0x00,
		0x3C, 0x00, 0x00, 0x00, 0x3D, 0x00, 0x00, 0x00, 0x3E, 0x00, 0x00, 0x00,
		0x3F, 0x00, 0x00, 0x00, 0x40, 0x00, 0x00, 0x00, 0x41, 0x00, 0x00, 0x00,
		0x42, 0x00, 0x00, 0x00, 0x43, 0x00, 0x00, 0x00, 0x44, 0x00, 0x00, 0x00,
		0x45, 0x00, 0x00, 0x00, 0x46, 0x00, 0x00, 0x00, 0x47, 0x0C, 0x01, 0x13,
		0x48, 0x08, 0x00, 0x93, 0x49, 0x00, 0x00, 0x00, 0x4A, 0x00, 0x00, 0x00,
		0x4B, 0x10, 0x00, 0x13, 0x4C, 0x08, 0x00, 0x53, 0x4D, 0x00, 0x00, 0x00,
		0x4E, 0x2C, 0x01, 0x1F, 0x4F, 0x2C, 0x01, 0xFC, 0x1F, 0x50, 0x24, 0x01,
		0xFF, 0x11, 0x00, 0x01, 0x00, 0x53, 0x51, 0x00, 0x00, 0x00, 0x52, 0x20,
		0x01, 0x97, 0x53, 0x00, 0x00, 0x00, 0x54, 0x00, 0x00, 0x00, 0x55, 0x1C,
		0x01, 0x17, 0x56, 0x14, 0x01, 0x40, 0x57, 0x00, 0x00, 0x00, 0x2C, 0x01,
		0xFF, 0x02, 0x58, 0x00, 0x00, 0x00, 0x59, 0x00, 0x00, 0x00, 0x5A, 0x00,
		0x00, 0x00, 0x5B, 0x00, 0x00, 0x00, 0x5C, 0xB0, 0x03, 0xFF, 0x05, 0x1F,
		0x5D, 0x18, 0x01, 0xFF, 0x05, 0x1F, 0x5E, 0x18, 0x01, 0xFF, 0x05, 0x1F,
		0x5F, 0x18, 0x01, 0xFF, 0x05, 0xF3, 0x06, 0x60, 0x00, 0x00, 0x00, 0x61,
		0x00, 0x00, 0x00, 0x62, 0x00, 0x00, 0x00, 0x63, 0x00, 0x00, 0x00, 0x64,
		0x00, 0x00, 0x00, 0x65, 0x24, 0x00, 0x9F, 0x66, 0x00, 0x00, 0x00, 0x67,
		0x00, 0x00, 0x00, 0x68, 0xC4, 0x04, 0xFF, 0xFF, 0xFF, 0xFF, 0xB4, 0x13,
		0x69, 0x10, 0x00, 0x13, 0x6A, 0x08, 0x00, 0x13, 0x6B, 0x08, 0x00, 0x13,
		0x6C, 0x08, 0x00, 0xF3, 0x06, 0x6D, 0x00, 0x00, 0x00, 0x6E, 0x00, 0x00,
		0x00, 0x6F, 0x00, 0x00, 0x00, 0x70, 0x00, 0x00, 0x00, 0x71, 0x00, 0x00,
		0x00, 0x72, 0x1C, 0x00, 0x53, 0x73, 0x00, 0x00, 0x00, 0x74, 0x70, 0x0D,
		0x13, 0x75, 0x58, 0x01, 0x93, 0x76, 0x00, 0x00, 0x00, 0x77, 0x00, 0x00,
		0x00, 0x78, 0x24, 0x00, 0xFF, 0x02, 0x79, 0x00, 0x00, 0x00, 0x7A, 0x00,
		0x00, 0x00, 0x7B, 0x00, 0x00, 0x00, 0x7C, 0x00, 0x00, 0x00, 0x7D, 0xAC,
		0x01, 0xFF, 0x05, 0x1F, 0x7E, 0x18, 0x01, 0xFF, 0x05, 0x9F, 0x7F, 0x00,
		0x00, 0x00, 0x80, 0x00, 0x00, 0x00, 0x81, 0x20, 0x01, 0xFF, 0x05, 0x1F,
		0x82, 0x18, 0x01, 0xFF, 0x05, 0x04, 0x7C, 0x04, 0x0F, 0x70, 0x04, 0xFF,
		0x06, 0x08, 0x94, 0x05, 0x0F, 0x7C, 0x04, 0xFF, 0xFF, 0x27, 0x1F, 0x83,
		0x68, 0x03, 0xFF, 0x19, 0x1F, 0x84, 0x68, 0x03, 0xFF, 0xFF, 0x2A, 0x13,
		0x85, 0x6C, 0x03, 0x0F, 0xEC, 0x07, 0xFF, 0x0A, 0x01, 0x01, 0x00, 0x50,
		0x88, 0xA3, 0x40, 0x9A, 0x99, 0x01, 0x00, 0x22, 0xB9, 0x3F, 0x11, 0x00,
		0x13, 0xE0, 0x08, 0x00, 0x13, 0xF8, 0x08, 0x00, 0x1F, 0x04, 0x20, 0x00,
		0x04, 0x0E, 0x18, 0x00, 0x0F, 0x10, 0x00, 0x6D, 0x02, 0x08, 0x00, 0x1B,
		0xD0, 0x10, 0x00, 0x0F, 0x28, 0x00, 0x05, 0x1F, 0x24, 0xD8, 0x00, 0x04,
		0x0E, 0x30, 0x00, 0x11, 0x66, 0x01, 0x00, 0x1F, 0xF2, 0x70, 0x00, 0x06,
		0x0F, 0x18, 0x00, 0x03, 0x1F, 0x14, 0x60, 0x00, 0x16, 0x04, 0x10, 0x00,
		0x0F, 0xE0, 0x00, 0x13, 0x0F, 0x18, 0x00, 0x05, 0x1D, 0xE8, 0x18, 0x00,
		0xF3, 0x26, 0x09, 0x06, 0x0B, 0x0B, 0x10, 0x86, 0x01, 0x18, 0x09, 0x06,
		0x18, 0x09, 0x06, 0x09, 0x06, 0x06, 0x05, 0x06, 0x0F, 0x0B, 0x0B, 0x0F,
		0x0E, 0x11, 0x12, 0x0E, 0x0B, 0x06, 0x06, 0x11, 0x11, 0x11, 0x11, 0x0F,
		0x11, 0x12, 0x05, 0x19, 0x05, 0x11, 0x10, 0x06, 0x06, 0x06, 0x12, 0x05,
		0x12, 0x0D, 0x11, 0x0E, 0x06, 0x12, 0x11, 0x02, 0x00, 0xD0, 0x06, 0x06,
		0x11, 0x09, 0x08, 0x08, 0x19, 0x05, 0x19, 0x05, 0x18, 0x09, 0x06, 0x3D,
		0x00, 0x12, 0x11, 0x3D, 0x00, 0x2F, 0x05, 0x05, 0x3D, 0x00, 0x1A, 0x17,
		0x10, 0x3B, 0x00, 0x1F, 0x12, 0x3B, 0x00, 0x1B, 0xE0, 0x06, 0x09, 0x06,
		0x19, 0x05, 0x19, 0x0B, 0x06, 0x0E, 0x0B, 0x19, 0x05, 0x0F, 0x0F, 0x12,
		0x00, 0x26, 0x19, 0x05, 0x4D, 0x00, 0x0F, 0xC5, 0x00, 0x1C, 0x0F, 0x39,
		0x00, 0x98, 0x21, 0x11, 0x12, 0x3F, 0x00, 0x03, 0x45, 0x00, 0x0F, 0x03,
		0x01, 0xEE, 0x00, 0x7F, 0x02, 0x22, 0x06, 0x06, 0xFC, 0x00, 0x53, 0x05,
		0x05, 0x06, 0x0B, 0x0B, 0x15, 0x00, 0x4F, 0x18, 0x09, 0x86, 0x01, 0xD4,
		0x02, 0x26, 0x0F, 0x39, 0x00, 0x26, 0x1F, 0x06, 0x73, 0x00, 0x99, 0x0E,
		0x23, 0x01, 0x0F, 0x77, 0x00, 0x52, 0x1F, 0x0D, 0xB2, 0x00, 0x2E, 0x1F,
		0x12, 0xB2, 0x00, 0x5D, 0x1F, 0x0D, 0x3B, 0x00, 0x25, 0x50, 0x05, 0x00,
		0xDD, 0xEE, 0xFF
	};

	inline unsigned char halo[ 3276 ]
	{
		0xCC, 0x0C, 0x00, 0x00, 0x0C, 0x00, 0x01, 0x00, 0x08, 0x00, 0x00, 0x00,
		0x03, 0x00, 0x00, 0x00, 0x52, 0x45, 0x52, 0x4C, 0x20, 0x00, 0x00, 0x00,
		0x4C, 0x00, 0x00, 0x00, 0x52, 0x45, 0x44, 0x32, 0x60, 0x00, 0x00, 0x00,
		0xE6, 0x03, 0x00, 0x00, 0x44, 0x41, 0x54, 0x41, 0x44, 0x04, 0x00, 0x00,
		0x5C, 0x08, 0x00, 0x00, 0x0C, 0x00, 0x00, 0x00, 0x01, 0x00, 0x00, 0x00,
		0x00, 0x00, 0x00, 0x00, 0x99, 0x4E, 0x84, 0xE3, 0xCA, 0x25, 0x67, 0x6B,
		0x08, 0x00, 0x00, 0x00, 0x00, 0x00, 0x00, 0x00, 0x6D, 0x61, 0x74, 0x65,
		0x72, 0x69, 0x61, 0x6C, 0x73, 0x2F, 0x70, 0x61, 0x72, 0x74, 0x69, 0x63,
		0x6C, 0x65, 0x2F, 0x62, 0x65, 0x61, 0x6D, 0x5F, 0x63, 0x72, 0x61, 0x63,
		0x6B, 0x5F, 0x30, 0x36, 0x5F, 0x62, 0x77, 0x5F, 0x63, 0x65, 0x6E, 0x74,
		0x65, 0x72, 0x2E, 0x76, 0x74, 0x65, 0x78, 0x00, 0x05, 0x33, 0x56, 0x4B,
		0x7C, 0x16, 0x12, 0x74, 0xE9, 0x06, 0x98, 0x46, 0xAF, 0xF2, 0xE6, 0x3E,
		0xB5, 0x90, 0x37, 0xE7, 0x01, 0x00, 0x00, 0x00, 0x00, 0x00, 0x00, 0x40,
		0x52, 0x03, 0x00, 0x00, 0x01, 0x00, 0x00, 0x00, 0x00, 0x00, 0x00, 0x00,
		0x2F, 0x00, 0x00, 0x00, 0x09, 0x00, 0x07, 0x00, 0xB3, 0x04, 0x00, 0x00,
		0x6E, 0x03, 0x00, 0x00, 0x00, 0x00, 0x00, 0x00, 0x00, 0x00, 0x00, 0x00,
		0x00, 0x00, 0x00, 0x00, 0x00, 0x00, 0x00, 0x00, 0x58, 0x03, 0x00, 0x00,
		0x6C, 0x02, 0x00, 0x00, 0x5B, 0x01, 0x00, 0x00, 0x02, 0x01, 0x00, 0x00,
		0x03, 0x00, 0x00, 0x00, 0x00, 0x00, 0x00, 0x00, 0x3D, 0x00, 0x00, 0x00,
		0x01, 0x00, 0x00, 0x00, 0x2C, 0x00, 0x00, 0x00, 0x09, 0x00, 0x00, 0x00,
		0x07, 0x00, 0x00, 0x00, 0x08, 0x00, 0x00, 0x00, 0xF0, 0x50, 0x6D, 0x5F,
		0x49, 0x6E, 0x70, 0x75, 0x74, 0x44, 0x65, 0x70, 0x65, 0x6E, 0x64, 0x65,
		0x6E, 0x63, 0x69, 0x65, 0x73, 0x00, 0x6D, 0x5F, 0x52, 0x65, 0x6C, 0x61,
		0x74, 0x69, 0x76, 0x65, 0x46, 0x69, 0x6C, 0x65, 0x6E, 0x61, 0x6D, 0x65,
		0x00, 0x70, 0x61, 0x72, 0x74, 0x69, 0x63, 0x6C, 0x65, 0x73, 0x2F, 0x68,
		0x61, 0x6C, 0x6F, 0x2E, 0x76, 0x70, 0x63, 0x66, 0x00, 0x6D, 0x5F, 0x53,
		0x65, 0x61, 0x72, 0x63, 0x68, 0x50, 0x61, 0x74, 0x68, 0x00, 0x63, 0x73,
		0x67, 0x6F, 0x5F, 0x61, 0x64, 0x64, 0x6F, 0x6E, 0x73, 0x2F, 0x62, 0x6C,
		0x69, 0x6E, 0x71, 0x65, 0x64, 0x00, 0x6D, 0x5F, 0x6E, 0x41, 0x00, 0xF0,
		0x00, 0x43, 0x52, 0x43, 0x00, 0x6D, 0x5F, 0x62, 0x4F, 0x70, 0x74, 0x69,
		0x6F, 0x6E, 0x61, 0x6C, 0x0C, 0x00, 0x00, 0x17, 0x00, 0x60, 0x45, 0x78,
		0x69, 0x73, 0x74, 0x73, 0x0E, 0x00, 0x51, 0x49, 0x73, 0x47, 0x61, 0x6D,
		0x6C, 0x00, 0x72, 0x00, 0x6D, 0x5F, 0x41, 0x64, 0x64, 0x69, 0x29, 0x00,
		0x0F, 0x99, 0x00, 0x01, 0x7C, 0x41, 0x72, 0x67, 0x75, 0x6D, 0x65, 0x6E,
		0x17, 0x00, 0xA0, 0x50, 0x61, 0x72, 0x61, 0x6D, 0x65, 0x74, 0x65, 0x72,
		0x4E, 0xAD, 0x00, 0xB2, 0x5F, 0x5F, 0x5F, 0x4F, 0x76, 0x65, 0x72, 0x72,
		0x69, 0x64, 0x65, 0x44, 0x00, 0x68, 0x61, 0x74, 0x61, 0x5F, 0x5F, 0x5F,
		0x28, 0x00, 0xF2, 0x03, 0x54, 0x79, 0x70, 0x65, 0x00, 0x42, 0x69, 0x6E,
		0x61, 0x72, 0x79, 0x42, 0x6C, 0x6F, 0x62, 0x41, 0x72, 0x67, 0xAE, 0x00,
		0x9B, 0x6E, 0x67, 0x65, 0x72, 0x70, 0x72, 0x69, 0x6E, 0x74, 0x0F, 0x00,
		0x70, 0x44, 0x65, 0x66, 0x61, 0x75, 0x6C, 0x74, 0xF4, 0x00, 0x6B, 0x70,
		0x65, 0x63, 0x69, 0x61, 0x6C, 0x81, 0x00, 0xF4, 0x0F, 0x53, 0x74, 0x72,
		0x69, 0x6E, 0x67, 0x00, 0x4B, 0x56, 0x33, 0x20, 0x43, 0x6F, 0x6D, 0x70,
		0x69, 0x6C, 0x65, 0x72, 0x20, 0x56, 0x65, 0x72, 0x73, 0x69, 0x6F, 0x6E,
		0x00, 0x6D, 0x5F, 0x13, 0x00, 0xB3, 0x49, 0x64, 0x65, 0x6E, 0x74, 0x69,
		0x66, 0x69, 0x65, 0x72, 0x00, 0x13, 0x00, 0x13, 0x50, 0x58, 0x01, 0x00,
		0x6F, 0x00, 0x40, 0x55, 0x73, 0x65, 0x72, 0xAB, 0x00, 0x14, 0x00, 0x15,
		0x00, 0x0E, 0x4B, 0x00, 0x08, 0x1F, 0x01, 0x01, 0xA4, 0x01, 0x20, 0x65,
		0x64, 0x37, 0x01, 0x10, 0x73, 0x64, 0x00, 0xF0, 0x00, 0x68, 0x69, 0x6C,
		0x64, 0x52, 0x65, 0x73, 0x6F, 0x75, 0x72, 0x63, 0x65, 0x4C, 0x69, 0x73,
		0xAC, 0x00, 0xB5, 0x57, 0x65, 0x61, 0x6B, 0x52, 0x65, 0x66, 0x65, 0x72,
		0x65, 0x6E, 0x14, 0x00, 0x02, 0xB4, 0x01, 0x45, 0x61, 0x62, 0x6C, 0x65,
		0x70, 0x00, 0x04, 0xDD, 0x01, 0x86, 0x5F, 0x67, 0x72, 0x6F, 0x75, 0x70,
		0x69, 0x64, 0x11, 0x00, 0x86, 0x6D, 0x61, 0x78, 0x63, 0x6F, 0x75, 0x6E,
		0x74, 0x12, 0x00, 0xF9, 0x01, 0x74, 0x69, 0x6D, 0x65, 0x5F, 0x74, 0x6F,
		0x5F, 0x73, 0x6C, 0x65, 0x65, 0x70, 0x00, 0x49, 0x73, 0x77, 0x00, 0x00,
		0x5F, 0x00, 0x75, 0x75, 0x62, 0x61, 0x73, 0x73, 0x65, 0x74, 0x77, 0x00,
		0x16, 0x73, 0x3C, 0x00, 0xF0, 0x12, 0x6F, 0x70, 0x65, 0x72, 0x61, 0x74,
		0x6F, 0x72, 0x00, 0x43, 0x5F, 0x4F, 0x50, 0x5F, 0x49, 0x6E, 0x73, 0x74,
		0x61, 0x6E, 0x74, 0x61, 0x6E, 0x65, 0x6F, 0x75, 0x73, 0x45, 0x6D, 0x69,
		0x74, 0x74, 0x65, 0x1A, 0x00, 0xE4, 0x49, 0x4E, 0x49, 0x54, 0x5F, 0x49,
		0x6E, 0x69, 0x74, 0x46, 0x6C, 0x6F, 0x61, 0x74, 0x11, 0x00, 0x82, 0x52,
		0x69, 0x6E, 0x67, 0x57, 0x61, 0x76, 0x65, 0x3B, 0x00, 0xC5, 0x52, 0x65,
		0x6D, 0x61, 0x70, 0x43, 0x50, 0x74, 0x6F, 0x56, 0x65, 0x63, 0x50, 0x00,
		0x40, 0x4D, 0x6F, 0x76, 0x65, 0x1B, 0x02, 0x55, 0x52, 0x6F, 0x74, 0x61,
		0x74, 0x59, 0x01, 0xA2, 0x41, 0x72, 0x6F, 0x75, 0x6E, 0x64, 0x41, 0x78,
		0x69, 0x73, 0x26, 0x00, 0x31, 0x50, 0x6F, 0x73, 0x40, 0x01, 0x42, 0x4C,
		0x6F, 0x63, 0x6B, 0x12, 0x00, 0x54, 0x42, 0x61, 0x73, 0x69, 0x63, 0x3D,
		0x00, 0x03, 0x60, 0x00, 0x00, 0xDB, 0x01, 0x48, 0x72, 0x52, 0x6F, 0x70,
		0xBE, 0x00, 0xF6, 0x02, 0x66, 0x65, 0x61, 0x74, 0x75, 0x72, 0x65, 0x00,
		0x42, 0x6C, 0x6F, 0x6F, 0x6D, 0x50, 0x61, 0x73, 0x73, 0xEE, 0x00, 0x00,
		0x1F, 0x02, 0x21, 0x69, 0x6E, 0x58, 0x00, 0x80, 0x73, 0x00, 0x00, 0x00,
		0x2D, 0x00, 0x00, 0x00, 0x9B, 0x0A, 0x00, 0x00, 0x00, 0x06, 0x00, 0x00,
		0x00, 0x04, 0x04, 0x00, 0x90, 0x02, 0x00, 0x00, 0x00, 0x08, 0x00, 0x00,
		0x00, 0x01, 0x04, 0x00, 0x10, 0x01, 0x0E, 0x00, 0x02, 0x0C, 0x00, 0x00,
		0x0A, 0x00, 0x13, 0x03, 0x24, 0x00, 0x80, 0x05, 0x00, 0x00, 0x00, 0xF5,
		0xE6, 0x8A, 0xCE, 0x40, 0x00, 0x13, 0x07, 0x30, 0x00, 0x22, 0x09, 0x00,
		0x01, 0x00, 0x00, 0x58, 0x00, 0xF3, 0x1A, 0x0B, 0x00, 0x00, 0x00, 0x0C,
		0x00, 0x00, 0x00, 0x0D, 0x00, 0x00, 0x00, 0x0E, 0x00, 0x00, 0x00, 0x0F,
		0x00, 0x00, 0x00, 0x10, 0x00, 0x00, 0x00, 0x11, 0x00, 0x00, 0x00, 0x12,
		0x00, 0x00, 0x00, 0x13, 0x00, 0x00, 0x00, 0x14, 0x00, 0x00, 0x00, 0x15,
		0x1C, 0x00, 0x00, 0x5C, 0x00, 0x13, 0x16, 0x1C, 0x00, 0x1F, 0x17, 0x1C,
		0x00, 0x04, 0x13, 0x18, 0x60, 0x00, 0x13, 0x19, 0x08, 0x00, 0x13, 0x1A,
		0x08, 0x00, 0xF3, 0x16, 0x1B, 0x00, 0x00, 0x00, 0x1C, 0x00, 0x00, 0x00,
		0x1D, 0x00, 0x00, 0x00, 0x40, 0x00, 0x00, 0x00, 0x1E, 0x00, 0x00, 0x00,
		0x1F, 0x00, 0x00, 0x00, 0x20, 0x00, 0x00, 0x00, 0x21, 0x00, 0x00, 0x00,
		0x22, 0x00, 0x00, 0x00, 0x23, 0x48, 0x00, 0xF3, 0x06, 0x24, 0x00, 0x00,
		0x00, 0x25, 0x00, 0x00, 0x00, 0x26, 0x00, 0x00, 0x00, 0x27, 0x00, 0x00,
		0x00, 0x28, 0x00, 0x00, 0x00, 0x29, 0x1C, 0x00, 0xA8, 0x2A, 0x00, 0x00,
		0x00, 0x2B, 0x00, 0x00, 0x00, 0x2C, 0x00, 0x01, 0x00, 0xC0, 0x20, 0x40,
		0x09, 0x18, 0x09, 0x06, 0x06, 0x0C, 0x0E, 0x0D, 0x0E, 0x08, 0x09, 0x00,
		0x21, 0x0F, 0x0F, 0x0F, 0x00, 0x10, 0x0F, 0x04, 0x00, 0xD0, 0x08, 0x08,
		0x08, 0x09, 0x0F, 0x0B, 0x05, 0x0F, 0x09, 0x09, 0x10, 0x0B, 0x10, 0x01,
		0x00, 0x80, 0x0B, 0x09, 0x10, 0x01, 0x00, 0xDD, 0xEE, 0xFF, 0x00, 0x00,
		0x00, 0x00, 0x00, 0x00, 0x00, 0x00, 0x00, 0x00, 0x05, 0x33, 0x56, 0x4B,
		0x9E, 0xA6, 0xE6, 0xA6, 0xD3, 0x52, 0x27, 0x45, 0x8B, 0x9C, 0xFF, 0x3B,
		0xB9, 0x1A, 0xCA, 0x3E, 0x01, 0x00, 0x00, 0x00, 0x00, 0x00, 0x00, 0x40,
		0x56, 0x07, 0x00, 0x00, 0x01, 0x00, 0x00, 0x00, 0x61, 0x00, 0x00, 0x00,
		0x18, 0x03, 0x00, 0x00, 0x28, 0x00, 0x4A, 0x00, 0xBC, 0x1E, 0x00, 0x00,
		0xE4, 0x07, 0x00, 0x00, 0x00, 0x00, 0x00, 0x00, 0x00, 0x00, 0x00, 0x00,
		0x00, 0x00, 0x00, 0x00, 0x00, 0x00, 0x00, 0x00, 0x68, 0x0A, 0x00, 0x00,
		0x0A, 0x05, 0x00, 0x00, 0x54, 0x14, 0x00, 0x00, 0xDA, 0x02, 0x00, 0x00,
		0x30, 0x00, 0x00, 0x00, 0x00, 0x00, 0x00, 0x00, 0xCC, 0x03, 0x00, 0x00,
		0x27, 0x00, 0x00, 0x00, 0xE6, 0x02, 0x00, 0x00, 0x28, 0x00, 0x00, 0x00,
		0x21, 0x00, 0x00, 0x00, 0x27, 0x00, 0x00, 0x00, 0xF3, 0x21, 0x5F, 0x63,
		0x6C, 0x61, 0x73, 0x73, 0x00, 0x43, 0x50, 0x61, 0x72, 0x74, 0x69, 0x63,
		0x6C, 0x65, 0x53, 0x79, 0x73, 0x74, 0x65, 0x6D, 0x44, 0x65, 0x66, 0x69,
		0x6E, 0x69, 0x74, 0x69, 0x6F, 0x6E, 0x00, 0x6D, 0x5F, 0x6E, 0x42, 0x65,
		0x68, 0x61, 0x76, 0x69, 0x6F, 0x72, 0x56, 0x65, 0x72, 0x73, 0x13, 0x00,
		0x34, 0x4D, 0x61, 0x78, 0x32, 0x00, 0xF0, 0x0A, 0x73, 0x00, 0x6D, 0x5F,
		0x63, 0x6F, 0x6E, 0x74, 0x72, 0x6F, 0x6C, 0x50, 0x6F, 0x69, 0x6E, 0x74,
		0x43, 0x6F, 0x6E, 0x66, 0x69, 0x67, 0x75, 0x72, 0x61, 0x3F, 0x00, 0x10,
		0x73, 0x2D, 0x00, 0xF3, 0x1A, 0x61, 0x6D, 0x65, 0x00, 0x70, 0x72, 0x65,
		0x76, 0x69, 0x65, 0x77, 0x00, 0x6D, 0x5F, 0x45, 0x6D, 0x69, 0x74, 0x74,
		0x65, 0x72, 0x73, 0x00, 0x43, 0x5F, 0x4F, 0x50, 0x5F, 0x49, 0x6E, 0x73,
		0x74, 0x61, 0x6E, 0x74, 0x61, 0x6E, 0x65, 0x6F, 0x75, 0x73, 0x1B, 0x00,
		0x00, 0x34, 0x00, 0x05, 0x5E, 0x00, 0x20, 0x54, 0x6F, 0x16, 0x00, 0x00,
		0x13, 0x00, 0xF2, 0x05, 0x54, 0x79, 0x70, 0x65, 0x00, 0x50, 0x46, 0x5F,
		0x54, 0x59, 0x50, 0x45, 0x5F, 0x4C, 0x49, 0x54, 0x45, 0x52, 0x41, 0x4C,
		0x8C, 0x00, 0x14, 0x70, 0x1B, 0x00, 0x32, 0x4D, 0x41, 0x50, 0x1F, 0x00,
		0xF4, 0x10, 0x44, 0x49, 0x52, 0x45, 0x43, 0x54, 0x00, 0x6D, 0x5F, 0x66,
		0x6C, 0x4C, 0x69, 0x74, 0x65, 0x72, 0x61, 0x6C, 0x56, 0x61, 0x6C, 0x75,
		0x65, 0x00, 0x6D, 0x5F, 0x4E, 0x61, 0x6D, 0x65, 0x64, 0x0D, 0x00, 0x27,
		0x6E, 0x43, 0xB9, 0x00, 0x00, 0x10, 0x00, 0xE1, 0x53, 0x63, 0x61, 0x6C,
		0x61, 0x72, 0x41, 0x74, 0x74, 0x72, 0x69, 0x62, 0x75, 0x74, 0x23, 0x00,
		0x5F, 0x56, 0x65, 0x63, 0x74, 0x6F, 0x13, 0x00, 0x01, 0x71, 0x43, 0x6F,
		0x6D, 0x70, 0x6F, 0x6E, 0x65, 0x39, 0x00, 0xD1, 0x62, 0x52, 0x65, 0x76,
		0x65, 0x72, 0x73, 0x65, 0x4F, 0x72, 0x64, 0x65, 0x72, 0x77, 0x00, 0x98,
		0x52, 0x61, 0x6E, 0x64, 0x6F, 0x6D, 0x4D, 0x69, 0x6E, 0x0E, 0x00, 0x20,
		0x61, 0x78, 0x2C, 0x00, 0x32, 0x48, 0x61, 0x73, 0x10, 0x00, 0x80, 0x53,
		0x69, 0x67, 0x6E, 0x46, 0x6C, 0x69, 0x70, 0x54, 0x00, 0x03, 0x12, 0x00,
		0x36, 0x65, 0x65, 0x64, 0x0E, 0x00, 0x31, 0x4D, 0x6F, 0x64, 0xD7, 0x00,
		0xF0, 0x04, 0x52, 0x41, 0x4E, 0x44, 0x4F, 0x4D, 0x5F, 0x4D, 0x4F, 0x44,
		0x45, 0x5F, 0x43, 0x4F, 0x4E, 0x53, 0x54, 0x41, 0x4E, 0xDC, 0x00, 0xF2,
		0x02, 0x73, 0x74, 0x72, 0x53, 0x6E, 0x61, 0x70, 0x73, 0x68, 0x6F, 0x74,
		0x53, 0x75, 0x62, 0x73, 0x65, 0x74, 0xF0, 0x00, 0x34, 0x4F, 0x44, 0x30,
		0x09, 0x00, 0x14, 0x31, 0x09, 0x00, 0x14, 0x32, 0x09, 0x00, 0x10, 0x33,
		0x5E, 0x00, 0xAE, 0x4E, 0x6F, 0x69, 0x73, 0x65, 0x49, 0x6E, 0x70, 0x75,
		0x74, 0xDD, 0x00, 0x21, 0x66, 0x6C, 0x1E, 0x00, 0x64, 0x4F, 0x75, 0x74,
		0x70, 0x75, 0x74, 0xBF, 0x00, 0x08, 0x13, 0x00, 0x26, 0x61, 0x78, 0x13,
		0x00, 0x00, 0x2F, 0x01, 0x00, 0x35, 0x00, 0x32, 0x76, 0x65, 0x63, 0x23,
		0x00, 0x79, 0x66, 0x66, 0x73, 0x65, 0x74, 0x52, 0x61, 0x4A, 0x00, 0x01,
		0x14, 0x00, 0x05, 0x77, 0x00, 0x75, 0x4F, 0x63, 0x74, 0x61, 0x76, 0x65,
		0x73, 0x10, 0x00, 0x91, 0x54, 0x75, 0x72, 0x62, 0x75, 0x6C, 0x65, 0x6E,
		0x63, 0xEA, 0x00, 0xF6, 0x00, 0x4E, 0x4F, 0x49, 0x53, 0x45, 0x5F, 0x54,
		0x55, 0x52, 0x42, 0x5F, 0x4E, 0x4F, 0x4E, 0x45, 0x26, 0x00, 0x28, 0x79,
		0x70, 0x20, 0x00, 0x00, 0xE3, 0x01, 0x65, 0x50, 0x45, 0x52, 0x4C, 0x49,
		0x4E, 0x22, 0x00, 0x85, 0x4D, 0x6F, 0x64, 0x69, 0x66, 0x69, 0x65, 0x72,
		0x26, 0x00, 0x00, 0x2F, 0x01, 0x54, 0x49, 0x46, 0x49, 0x45, 0x52, 0x4A,
		0x00, 0x2B, 0x66, 0x6C, 0x71, 0x00, 0x04, 0xBE, 0x00, 0x0D, 0x19, 0x00,
		0x27, 0x4D, 0x69, 0xE4, 0x00, 0x42, 0x49, 0x6D, 0x67, 0x50, 0xBD, 0x02,
		0x04, 0x30, 0x00, 0x1B, 0x62, 0x18, 0x00, 0x34, 0x4C, 0x69, 0x76, 0x47,
		0x00, 0xE0, 0x43, 0x61, 0x6D, 0x65, 0x72, 0x61, 0x46, 0x61, 0x6C, 0x6C,
		0x62, 0x61, 0x63, 0x6B, 0x2C, 0x00, 0xC3, 0x55, 0x73, 0x65, 0x42, 0x6F,
		0x75, 0x6E, 0x64, 0x73, 0x43, 0x65, 0x6E, 0xDC, 0x02, 0x01, 0x7A, 0x01,
		0x04, 0xDC, 0x01, 0x53, 0x49, 0x4E, 0x50, 0x55, 0x54, 0xDB, 0x01, 0x61,
		0x4C, 0x41, 0x4D, 0x50, 0x45, 0x44, 0x4B, 0x00, 0x60, 0x4D, 0x75, 0x6C,
		0x74, 0x46, 0x61, 0x9D, 0x01, 0x01, 0x0F, 0x00, 0x01, 0x33, 0x00, 0x16,
		0x30, 0x0B, 0x00, 0x02, 0xD9, 0x01, 0x02, 0x92, 0x01, 0x17, 0x30, 0x0C,
		0x00, 0x13, 0x31, 0x88, 0x00, 0xA6, 0x74, 0x63, 0x68, 0x65, 0x64, 0x52,
		0x61, 0x6E, 0x67, 0x65, 0xC3, 0x01, 0x07, 0x14, 0x00, 0x28, 0x61, 0x78,
		0x14, 0x00, 0x02, 0x3B, 0x00, 0x7E, 0x4F, 0x75, 0x74, 0x73, 0x69, 0x64,
		0x65, 0x19, 0x00, 0x23, 0x49, 0x6E, 0x18, 0x00, 0x20, 0x6E, 0x52, 0xC9,
		0x00, 0x04, 0x8B, 0x01, 0x52, 0x52, 0x4F, 0x55, 0x4E, 0x44, 0x8B, 0x01,
		0x71, 0x4E, 0x45, 0x41, 0x52, 0x45, 0x53, 0x54, 0x2C, 0x04, 0x34, 0x69,
		0x61, 0x73, 0x22, 0x00, 0x42, 0x42, 0x49, 0x41, 0x53, 0x21, 0x00, 0x00,
		0xB2, 0x02, 0x32, 0x44, 0x41, 0x52, 0xDB, 0x00, 0x00, 0x23, 0x00, 0x62,
		0x50, 0x61, 0x72, 0x61, 0x6D, 0x65, 0x10, 0x01, 0x31, 0x43, 0x75, 0x72,
		0x40, 0x01, 0x50, 0x73, 0x70, 0x6C, 0x69, 0x6E, 0x09, 0x00, 0x10, 0x74,
		0xA4, 0x00, 0x30, 0x6E, 0x74, 0x73, 0x59, 0x02, 0x98, 0x44, 0x6F, 0x6D,
		0x61, 0x69, 0x6E, 0x4D, 0x69, 0x6E, 0x0E, 0x00, 0x20, 0x61, 0x78, 0x0E,
		0x00, 0x10, 0x49, 0xA2, 0x04, 0x42, 0x61, 0x6C, 0x69, 0x7A, 0x4D, 0x04,
		0xB3, 0x49, 0x4E, 0x49, 0x54, 0x5F, 0x52, 0x69, 0x6E, 0x67, 0x57, 0x61,
		0x8F, 0x01, 0x05, 0x44, 0x04, 0x72, 0x50, 0x65, 0x72, 0x4F, 0x72, 0x62,
		0x69, 0x20, 0x03, 0x03, 0x37, 0x00, 0x60, 0x52, 0x61, 0x64, 0x69, 0x75,
		0x73, 0xA2, 0x01, 0x72, 0x45, 0x76, 0x65, 0x6E, 0x44, 0x69, 0x73, 0x03,
		0x03, 0x00, 0xE0, 0x04, 0x03, 0x4C, 0x00, 0x00, 0x29, 0x00, 0x40, 0x46,
		0x6C, 0x6F, 0x61, 0x37, 0x00, 0x02, 0x2D, 0x03, 0x04, 0x36, 0x04, 0x02,
		0x18, 0x01, 0x40, 0x46, 0x69, 0x65, 0x6C, 0xAD, 0x03, 0x74, 0x4F, 0x70,
		0x65, 0x72, 0x61, 0x74, 0x6F, 0xD2, 0x04, 0xA0, 0x42, 0x61, 0x73, 0x69,
		0x63, 0x4D, 0x6F, 0x76, 0x65, 0x6D, 0x1B, 0x04, 0x01, 0x13, 0x00, 0x31,
		0x50, 0x6F, 0x73, 0x4D, 0x05, 0x42, 0x4C, 0x6F, 0x63, 0x6B, 0x12, 0x00,
		0x04, 0x20, 0x00, 0x64, 0x52, 0x6F, 0x74, 0x61, 0x74, 0x65, 0xA9, 0x00,
		0x20, 0x41, 0x72, 0x61, 0x01, 0x42, 0x41, 0x78, 0x69, 0x73, 0x35, 0x04,
		0x12, 0x6F, 0x4B, 0x03, 0x01, 0x32, 0x00, 0x92, 0x52, 0x65, 0x6D, 0x61,
		0x70, 0x43, 0x50, 0x74, 0x6F, 0xB3, 0x03, 0x01, 0xBD, 0x04, 0x11, 0x50,
		0x97, 0x00, 0x00, 0x0B, 0x00, 0x01, 0x8C, 0x00, 0x02, 0x97, 0x00, 0x00,
		0x28, 0x01, 0x25, 0x49, 0x6E, 0xAA, 0x03, 0x18, 0x76, 0xB7, 0x03, 0x65,
		0x52, 0x65, 0x6E, 0x64, 0x65, 0x72, 0x7D, 0x05, 0x02, 0x0F, 0x00, 0x52,
		0x52, 0x6F, 0x70, 0x65, 0x73, 0xC5, 0x03, 0x84, 0x54, 0x65, 0x78, 0x74,
		0x75, 0x72, 0x65, 0x73, 0x58, 0x00, 0x13, 0x68, 0x11, 0x00, 0xC3, 0x00,
		0x6D, 0x61, 0x74, 0x65, 0x72, 0x69, 0x61, 0x6C, 0x73, 0x2F, 0x70, 0xAC,
		0x00, 0xF1, 0x04, 0x2F, 0x62, 0x65, 0x61, 0x6D, 0x5F, 0x63, 0x72, 0x61,
		0x63, 0x6B, 0x5F, 0x30, 0x36, 0x5F, 0x62, 0x77, 0x5F, 0x63, 0xE1, 0x02,
		0x56, 0x2E, 0x76, 0x74, 0x65, 0x78, 0x25, 0x01, 0x52, 0x42, 0x6C, 0x65,
		0x6E, 0x64, 0xEC, 0x02, 0xB0, 0x41, 0x52, 0x54, 0x49, 0x43, 0x4C, 0x45,
		0x5F, 0x4F, 0x55, 0x54, 0xF3, 0x02, 0x52, 0x42, 0x4C, 0x45, 0x4E, 0x44,
		0xF9, 0x02, 0x20, 0x41, 0x44, 0x1A, 0x02, 0x00, 0xE6, 0x01, 0x86, 0x54,
		0x65, 0x73, 0x73, 0x65, 0x6C, 0x61, 0x74, 0x67, 0x06, 0x0A, 0x12, 0x00,
		0x23, 0x66, 0x6C, 0x92, 0x00, 0x91, 0x56, 0x57, 0x6F, 0x72, 0x6C, 0x64,
		0x53, 0x69, 0x7A, 0x91, 0x03, 0xA3, 0x43, 0x6C, 0x6F, 0x73, 0x65, 0x64,
		0x4C, 0x6F, 0x6F, 0x70, 0x6E, 0x05, 0x00, 0xDC, 0x01, 0x06, 0xDF, 0x03,
		0xE2, 0x53, 0x65, 0x6C, 0x66, 0x49, 0x6C, 0x6C, 0x75, 0x6D, 0x41, 0x6D,
		0x6F, 0x75, 0x6E, 0x07, 0x02, 0x98, 0x4F, 0x76, 0x65, 0x72, 0x62, 0x72,
		0x69, 0x67, 0x68, 0x67, 0x03, 0x04, 0x5D, 0x00, 0x63, 0x53, 0x63, 0x72,
		0x6F, 0x6C, 0x6C, 0xC8, 0x04, 0x52, 0x62, 0x4F, 0x6E, 0x6C, 0x79, 0x2B,
		0x01, 0xF1, 0x02, 0x49, 0x6E, 0x45, 0x66, 0x66, 0x65, 0x63, 0x74, 0x73,
		0x42, 0x6C, 0x6F, 0x6F, 0x6D, 0x50, 0x61, 0x73, 0x41, 0x02, 0xFF, 0x07,
		0x44, 0x69, 0x73, 0x61, 0x62, 0x6C, 0x65, 0x5A, 0x42, 0x75, 0x66, 0x66,
		0x65, 0x72, 0x69, 0x6E, 0x67, 0x00, 0x00, 0x00, 0x6B, 0x00, 0x01, 0x00,
		0xFF, 0x49, 0x3F, 0xE0, 0x6F, 0x40, 0x08, 0x00, 0x02, 0x3E, 0x00, 0xF0,
		0x3F, 0x08, 0x00, 0x0F, 0x01, 0x00, 0xFF, 0x6F, 0x50, 0x00, 0x00, 0x00,
		0x00, 0x00, 0xF3, 0x02, 0x08, 0x00, 0x00, 0x00, 0x01, 0x00, 0x00, 0x00,
		0x02, 0x00, 0x00, 0x00, 0x31, 0x00, 0x00, 0x00, 0x04, 0x04, 0x00, 0x1B,
		0x31, 0x08, 0x00, 0x08, 0x20, 0x00, 0x17, 0x03, 0x0C, 0x00, 0x2E, 0x01,
		0x00, 0x40, 0x00, 0x53, 0x05, 0x00, 0x00, 0x00, 0x0B, 0x18, 0x00, 0x0C,
		0x48, 0x00, 0x0F, 0x08, 0x00, 0x05, 0x1F, 0x0A, 0x30, 0x00, 0x04, 0x60,
		0x01, 0x01, 0x03, 0x02, 0x02, 0x03, 0x04, 0x00, 0x04, 0x03, 0x00, 0x12,
		0x04, 0x11, 0x00, 0x01, 0x18, 0x00, 0x07, 0x03, 0x00, 0x03, 0x10, 0x00,
		0x17, 0x00, 0x90, 0x00, 0x13, 0x0C, 0xAC, 0x00, 0x17, 0x40, 0x98, 0x00,
		0x62, 0x06, 0x00, 0x00, 0x00, 0x07, 0x00, 0x01, 0x00, 0x00, 0xFC, 0x00,
		0x13, 0x09, 0x7C, 0x00, 0x13, 0x0B, 0x30, 0x00, 0xF3, 0x06, 0x0D, 0x00,
		0x00, 0x00, 0x0E, 0x00, 0x00, 0x00, 0x0F, 0x00, 0x00, 0x00, 0xFF, 0xFF,
		0xFF, 0xFF, 0x10, 0x00, 0x00, 0x00, 0x11, 0x48, 0x00, 0x13, 0x12, 0x40,
		0x00, 0xF3, 0x06, 0x13, 0x00, 0x00, 0x00, 0x14, 0x00, 0x00, 0x00, 0x15,
		0x00, 0x00, 0x00, 0x16, 0x00, 0x00, 0x00, 0x17, 0x00, 0x00, 0x00, 0x18,
		0x30, 0x00, 0x93, 0x19, 0x00, 0x00, 0x00, 0x1A, 0x00, 0x00, 0x00, 0x1B,
		0x10, 0x00, 0xF3, 0x42, 0x1C, 0x00, 0x00, 0x00, 0x1D, 0x00, 0x00, 0x00,
		0x1E, 0x00, 0x00, 0x00, 0x1F, 0x00, 0x00, 0x00, 0x20, 0x00, 0x00, 0x00,
		0x21, 0x00, 0x00, 0x00, 0x22, 0x00, 0x00, 0x00, 0x23, 0x00, 0x00, 0x00,
		0x24, 0x00, 0x00, 0x00, 0x25, 0x00, 0x00, 0x00, 0x26, 0x00, 0x00, 0x00,
		0x27, 0x00, 0x00, 0x00, 0x28, 0x00, 0x00, 0x00, 0x29, 0x00, 0x00, 0x00,
		0x2A, 0x00, 0x00, 0x00, 0x2B, 0x00, 0x00, 0x00, 0x2C, 0x00, 0x00, 0x00,
		0x2D, 0x00, 0x00, 0x00, 0x2E, 0x00, 0x00, 0x00, 0x2F, 0x00, 0x00, 0x00,
		0x30, 0x1C, 0x01, 0xF3, 0x26, 0x32, 0x00, 0x00, 0x00, 0x33, 0x00, 0x00,
		0x00, 0x34, 0x00, 0x00, 0x00, 0x35, 0x00, 0x00, 0x00, 0x36, 0x00, 0x00,
		0x00, 0x37, 0x00, 0x00, 0x00, 0x38, 0x00, 0x00, 0x00, 0x39, 0x00, 0x00,
		0x00, 0x3A, 0x00, 0x00, 0x00, 0x3B, 0x00, 0x00, 0x00, 0x3C, 0x00, 0x00,
		0x00, 0x3D, 0x00, 0x00, 0x00, 0x3E, 0x00, 0x00, 0x00, 0x3F, 0x0C, 0x01,
		0xD3, 0x41, 0x00, 0x00, 0x00, 0x42, 0x00, 0x00, 0x00, 0x43, 0x00, 0x00,
		0x00, 0x44, 0x0C, 0x01, 0x13, 0x45, 0x08, 0x00, 0x93, 0x46, 0x00, 0x00,
		0x00, 0x47, 0x00, 0x00, 0x00, 0x48, 0x10, 0x00, 0x5F, 0x49, 0x00, 0x00,
		0x00, 0x4A, 0x24, 0x01, 0xFF, 0x05, 0x1F, 0x4B, 0x18, 0x01, 0xFF, 0x05,
		0x13, 0x4C, 0x10, 0x00, 0x5F, 0x4D, 0x00, 0x00, 0x00, 0x4E, 0x24, 0x01,
		0xFF, 0x05, 0x0F, 0x20, 0x01, 0xFF, 0x0E, 0x53, 0x4F, 0x00, 0x00, 0x00,
		0x50, 0x14, 0x00, 0x13, 0x51, 0x08, 0x00, 0x13, 0x52, 0x08, 0x00, 0x5F,
		0x53, 0x00, 0x00, 0x00, 0x54, 0x58, 0x02, 0xFF, 0x09, 0x93, 0x55, 0x00,
		0x00, 0x00, 0x56, 0x00, 0x00, 0x00, 0x57, 0xF8, 0x00, 0x93, 0x58, 0x00,
		0x00, 0x00, 0x59, 0x00, 0x00, 0x00, 0x5A, 0x20, 0x00, 0xF3, 0x0A, 0x5B,
		0x00, 0x00, 0x00, 0x5C, 0x00, 0x00, 0x00, 0x5D, 0x00, 0x00, 0x00, 0x5E,
		0x00, 0x00, 0x00, 0x5F, 0x00, 0x00, 0x00, 0x60, 0x00, 0x00, 0x00, 0x61,
		0x28, 0x07, 0x13, 0x62, 0x08, 0x00, 0x1F, 0x63, 0x64, 0x01, 0xFF, 0x05,
		0x5F, 0x64, 0x00, 0x00, 0x00, 0x65, 0x1C, 0x01, 0xFF, 0x05, 0x1F, 0x66,
		0x18, 0x01, 0xFF, 0x05, 0x1F, 0x67, 0x18, 0x01, 0xFF, 0x05, 0x1F, 0x68,
		0xC8, 0x05, 0xFF, 0x09, 0x0F, 0xA8, 0x05, 0x05, 0x5F, 0x69, 0x00, 0x00,
		0x00, 0x6A, 0xB0, 0x05, 0xFF, 0x1D, 0x1F, 0x66, 0x68, 0x02, 0xFF, 0x08,
		0x00, 0x2E, 0x00, 0x30, 0x40, 0x9A, 0x99, 0x01, 0x00, 0x22, 0xB9, 0x3F,
		0x10, 0x00, 0x2F, 0xE0, 0x3F, 0x18, 0x00, 0x0B, 0x1F, 0x34, 0x18, 0x00,
		0x04, 0x1F, 0x08, 0x18, 0x00, 0x02, 0x3F, 0x80, 0x87, 0xC3, 0x30, 0x00,
		0x03, 0x2F, 0x80, 0x56, 0x48, 0x00, 0x04, 0x1F, 0x39, 0x18, 0x00, 0x04,
		0x2F, 0xE8, 0x3F, 0x18, 0x00, 0x03, 0x1F, 0x14, 0x30, 0x00, 0x04, 0x1F,
		0x04, 0x18, 0x00, 0x04, 0x2F, 0x49, 0xC0, 0x18, 0x00, 0x03, 0x1F, 0x59,
		0x48, 0x00, 0x16, 0xF3, 0x23, 0x09, 0x06, 0x0B, 0x0B, 0x18, 0x09, 0x06,
		0x18, 0x09, 0x06, 0x09, 0x06, 0x06, 0x05, 0x06, 0x0F, 0x0B, 0x0B, 0x0F,
		0x0E, 0x11, 0x12, 0x0E, 0x0B, 0x06, 0x06, 0x11, 0x11, 0x11, 0x11, 0x0F,
		0x11, 0x12, 0x05, 0x19, 0x05, 0x11, 0x10, 0x06, 0x06, 0x06, 0x12, 0x05,
		0x12, 0x0D, 0x11, 0x0E, 0x06, 0x12, 0x11, 0x02, 0x00, 0xAF, 0x06, 0x06,
		0x11, 0x09, 0x08, 0x08, 0x19, 0x05, 0x19, 0x05, 0x3C, 0x00, 0x29, 0x0F,
		0x39, 0x00, 0x26, 0x1F, 0x0D, 0x74, 0x00, 0x27, 0x0F, 0x3A, 0x00, 0x27,
		0x5F, 0x10, 0x18, 0x09, 0x06, 0x06, 0x79, 0x00, 0x28, 0x23, 0x10, 0x0B,
		0x30, 0x01, 0x7F, 0x18, 0x09, 0x86, 0x01, 0x06, 0x0B, 0x0B, 0xFE, 0x00,
		0x27, 0x0F, 0x71, 0x01, 0x5F, 0x0F, 0x39, 0x00, 0x5F, 0x02, 0x26, 0x01,
		0x2F, 0x0D, 0x0D, 0x28, 0x01, 0x61, 0x50, 0x05, 0x00, 0xDD, 0xEE, 0xFF
	};

} // namespace resources::particles::effects